Producto,Cantidad,Marca,Tamaño,Categoría,Precio,Imagen
Frutos Durazno,5,Sin marca,260 g,Frutas procesadas,10000,https://exitocol.vtexassets.com/arquivos/ids/26679590/Duraznos-Con-Pepa-En-Almibar-Bombilla-ALFA-250-gr-3420440_a.jpg
Don próspero pasta de ajo,5,Don Próspero,100 g,Condimentos,4000,https://images.rappi.com/products/7a540bc4-995b-4b54-90f8-ca0f044b8579.png
Haz de oros harina de trigo,8,Haz de Oros,500 g,Harinas,3500,https://www.hv.com.co/wp-content/uploads/2018/03/1167_HARINA-HDO-CONGELADOS-x-50KG_60x96_V3-copia.png
"De la abuela gelatina sabor a cereza, frambuesa y fresa",8,De la abuela,48g,Gelatinas,3000,https://olimpica.vtexassets.com/arquivos/ids/1162844/7707287464169.jpg
Gelatina frutiño sabor a limón,5,Frutiño,14g,Gelatinas,1500,https://mercaldas.vtexassets.com/arquivos/ids/1326580/Gelatina-FRUTINO-limon-x14-g_121155.jpg
Gelatina frutiño sabor a frambuesa,9,Frutiño,14g,Gelatinas,1500,https://vaquitaexpress.com.co/media/catalog/product/cache/e89ece728e3939ca368b457071d3c0be/7/7/7702354955298.jpg
Gelatina frutiño sabor a cereza,8,Frutiño,14g,Gelatinas,1500,https://eurosuper.vtexassets.com/arquivos/ids/185426/7702354955236.jpg
Gelatina frutiño sin sabor,6,Frutiño,15g,Gelatinas,1500,https://olimpica.vtexassets.com/arquivos/ids/626888/7702354009397.jpg
Haz de oros polvo para hornear con leudante,4,Haz de oros,500g,Hornear,5000,https://olimpica.vtexassets.com/arquivos/ids/991236/7702020011327.jpg
Diana maiz,4,Diana,500 gr,Maíz,5500,https://megatiendas.vtexassets.com/arquivos/ids/171974/7702206036007.jpg
Maiz midia,2,Midia,460 gr,Maíz,5000,https://www.midia.com.co/sites/default/files/styles/product_detail/public/2024-02/031_Maiz_Tierno_Lata_MiDia_241_g.png
Maiz act 2,10,Act 2,80 gr,Maíz,4000,https://i5.walmartimages.com.mx/gr/images/product-images/img_large/00750100655900L.jpg
Maiz act 2 mantequilla,1,Act 2,80 gr,Maíz,4000,https://olimpica.vtexassets.com/arquivos/ids/1840848/7501006559019.jpg.jpg
Harina maíz blanco diana,4,Diana,500 gr,Harinas,5000,https://megatiendas.vtexassets.com/arquivos/ids/175181/7702206942216.jpg.jpg
Promasa harina de maíz blanco,8,Promasa,500 gr,Harinas,4000,https://static.merqueo.com/images/products/large/66275002-a450-4a3f-a15b-46f2edb8b658.jpg
Promasa harina de maíz amarillo,6,Promasa,500 gr,Harinas,4000,https://megatiendas.vtexassets.com/arquivos/ids/169395/7702084137605.jpg
Arina pan arepas choclo,1,Arina pan,500 gr,Harinas,5000,https://co.allofpan.com/wp-content/uploads/2024/09/850g_front.png
Arina pan harina amarillo,3,Arinapan,1000 gr,Harinas,8000,https://olimpica.vtexassets.com/arquivos/ids/685195/7702084137520.jpg
Harina pan blanco,7,Harina pan,500 gr,Harinas,5000,https://olimpica.vtexassets.com/arquivos/ids/685195/7702084137520.jpg
Harina pan amarillo,1,Harina pan,500 gr,Harinas,5000,https://megatiendas.vtexassets.com/arquivos/ids/173983/7702084137575.jpg
Distripanela Hernández,4,Distripanela Hernández,240g,Panela,3000,https://megatiendas.vtexassets.com/arquivos/ids/162720/7707190396427.jpg
Bary azúcar,9,Bary,500g,Azúcar,3500,https://images.rappi.com/products/1731770071067_1731770067195_1731770067578.jpg
Azúcar incauca orgánica,8,Incauca,800g,Azúcar,7000,https://en1ya.com/wp-content/uploads/2022/11/AZUCAR-ORGANICA-INCAUCA-X800g.jpg
Azúcar incauca morena,2,Incauca,500g,Azúcar,4000,https://mercaldas.vtexassets.com/arquivos/ids/226452/Azucar-INCAUCA-morena-x500-g_96925.jpg
Mayagüez azúcar blanco especial,7,Mayagüez,500g,Azúcar,3500,https://olimpica.vtexassets.com/arquivos/ids/1125576/7707007214951.jpg
Azúcar incauca,2,Incauca,1kg,Azúcar,5000,https://mercasur.com.co/rails/active_storage/representations/proxy/eyJfcmFpbHMiOnsiZGF0YSI6NDUyMDY2LCJwdXIiOiJibG9iX2lkIn19--b4596426053439fc40db62b92220a3d0ab8fca98/eyJfcmFpbHMiOnsiZGF0YSI6eyJmb3JtYXQiOiJqcGciLCJyZXNpemVfdG9fZml0IjpbODAwLDgwMF19LCJwdXIiOiJ2YXJpYXRpb24ifX0=--1420d7fd3d20057726f0ef3c0043db24ca0403be/8.jpg
Mayagüez azúcar natural,9,Mayagüez,1000g,Azúcar,5000,https://eurosuper.vtexassets.com/arquivos/ids/185247/7707007200411.jpg
Refisal marina,8,Refisal,800g,Sal,3000,https://refisal.com.co/sites/default/files/2024-02/Caja-Marina-Desktop.jpg
Refisal original,6,Refisal,500g,Sal,2500,https://www.mercaboy.com/7001-large_default/sal-refisal-original-1000gr.jpg
Activade sabor a tropical fruit,2,Activade,36g,Bebidas instantáneas,2500,https://vaquitaexpress.com.co/media/catalog/product/cache/e89ece728e3939ca368b457071d3c0be/7/7/7702354802233_40.jpg
Activade sabor a mandarina,3,Activade,36g,Bebidas instantáneas,2500,https://carulla.vtexassets.com/arquivos/ids/19585034/BEBIDA-ISOTON-POLVO-MANDARINA-13273_a.jpg
Activade sabor a maracuyá,3,Activade,36g,Bebidas instantáneas,2500,https://olimpica.vtexassets.com/arquivos/ids/617942/7702354802158.jpg
Colcafé Capuccino vainilla,4,Colcafé,18g,Café,3000,https://exitocol.vtexassets.com/arquivos/ids/26680550/Cappuccino-Vainilla-COLCAFE-270-gr-3517538_b.jpg
Colcafé café con leche,5,Colcafé,22g,Café,3000,https://exitocol.vtexassets.com/arquivos/ids/27717446/Cafe-Con-Leche-COLCAFE-220-gr-3384491_b.jpg
Fusión café tostado y molido,7,Fusión,40g,Café,3500,https://almin.com.co/53789-thickbox_default/fusion-cafe-liofilizado-50-gr-und.jpg
Colcafe,6,Colcafe,72 gr,Café,5000,https://vaquitaexpress.com.co/media/catalog/product/cache/20550c7acf32f3e8f4083358cffff538/7/7/7702032113088_29.jpg
Tostado selecto,5,Tostao,40 gr,Café,3500,https://images.rappi.com/products/1700164321054_1700164196335_1700164197675.png
Fideos pan,5,Pan,200 gr,Pastas,3000,https://exitocol.vtexassets.com/arquivos/ids/26947567/Pastas-PAN-Alimentacion-Fideos-200-gr-3669669_a.jpg
Spaghetti pan,10,Pan,250 gr,Pastas,3500,https://vaquitaexpress.com.co/media/catalog/product/cache/e89ece728e3939ca368b457071d3c0be/7/7/7702084900094.jpg
Avena fusión en hojuelas,8,Fusión,100 gr,Cereales,3000,https://mistiendas.com.co/16276-large_default/avena-quaker-hojuelas-130g-pr-mt.jpg
Avena quaker molida,7,Quaker,115 gr,Cereales,3500,https://olimpica.vtexassets.com/arquivos/ids/1367436/7702193102822.jpg
Diana con fideos,10,Diana,460 gr,Arroz,5000,https://eurosuper.vtexassets.com/arquivos/ids/159982/7702511009765.png
Diana arroz coco,10,Diana,500 gr,Arroz,5500,https://familiadiana.com/wp-content/uploads/2020/09/MOCKUPS-COCO-1.png
Diana premium,1,Diana,500 gr,Arroz,6000,https://olimpica.vtexassets.com/arquivos/ids/866356/7702511000427.jpg
Florhuila arroz,2,Florhuila,500 gr,Arroz,4500,https://olimpica.vtexassets.com/arquivos/ids/614907/7702231000028.jpg
Arroz rico sopa,2,Rico,500 gr,Arroz,5000,https://www.mercaboy.com/7562-large_default/arroz-rica-sopa-500gr.jpg
Trocitos sabor pollo,8,Trocitos,30g,Snacks,2000,https://olimpica.vtexassets.com/arquivos/ids/904576/7702152104324.jpg
Snacky caramelo,5,Snacky,50g,Golosinas,2500,https://exitocol.vtexassets.com/arquivos/ids/27520801/Snacky-Caramelo-Familiar-X-50-gr-297650_a.jpg
Gomitas trululu aros,4,Trululu,600g (100 unidades),Golosinas,15000,https://olimpica.vtexassets.com/arquivos/ids/901445/7702993015469.jpg
Menta helada,4,Sin marca,360g (100 unidades),Golosinas,8000,https://exitocol.vteximg.com.br/arquivos/ids/26634554/Confite-Menta-Helada-X-50u-13561_a.jpg
Menta helada colombina,3,Colombina,400g (100 unidades),Golosinas,10000,https://mercavil.com/38893-thickbox_default/confite-menta-helada-100u-18.jpg
Choco break surtido frutal,4,Choco break,150g (30 unidades),Golosinas,8000,https://vaquitaexpress.com.co/media/catalog/product/cache/e89ece728e3939ca368b457071d3c0be/7/7/7702011039293_40.jpg
Masmelos Italo,8,Italo,50 gr,Golosinas,2500,https://olimpica.vtexassets.com/arquivos/ids/617428/7702117006724.jpg
Gomitas trululu gusanos,6,Trululu,90g,Golosinas,4000,https://exitocol.vtexassets.com/arquivos/ids/26680773/Gomitas-Gusanos-Acidos-Frutal-TRULULU-100-gr-3530799_a.jpg
Trident sabor menta,8,Trident,"5,1g",Golosinas,2000,https://megatiendas.vtexassets.com/arquivos/ids/156886/7622201776664.jpg
Moritas dulce duro relleno,8,Italo,350g (100 unidades),Golosinas,12000,https://villavoexpress.com/rails/active_storage/blobs/proxy/eyJfcmFpbHMiOnsiZGF0YSI6NDM4MDg5LCJwdXIiOiJibG9iX2lkIn19--1e096ac3ecb99bdf2a7362d24e05c54e8ca2c8a8/1061179.jpg
Choco break caramelo,2,Choco break,150g (30 unidades),Golosinas,8000,https://exitocol.vtexassets.com/arquivos/ids/26909200/Chocolate-CHOCOBREAK-Caramelo-150-gr-3616660_a.jpg
Choco break cookies,7,Choco break,150g (30 unidades),Golosinas,8000,https://olimpica.vtexassets.com/arquivos/ids/1837674/7702011092021_A1N1_es.jpg.jpg
Bary snacks maní con sal,8,Bary,35g,Snacks,2500,https://pacardylwpmedia.s3.us-east-2.amazonaws.com/wp-content/uploads/2024/02/19201645/7702439225773.jpg
Bary snacks maní limón,4,Bary,35g,Snacks,2500,https://vaquitaexpress.com.co/media/catalog/product/cache/e89ece728e3939ca368b457071d3c0be/7/7/7702439144241.jpg
Aji-no-men sopa con fideos sabor a carne,8,Aji-no-men,80g,Sopas,3000,https://vixark.b-cdn.net/lp-i-i-g/sopa-con-fideos-con-sabor-a-carne-aji-no-men-86g.jpg
Aji-no-men sopa con fideos sabor a gallina criolla,5,Aji-no-men,80g,Sopas,3000,https://vixark.b-cdn.net/lp-i-i-g/sopa-con-fideos-con-sabor-a-gallina-aji-no-men-80g-criolla.jpg
Aji-no-men sopa con fideos sabor a oriental,3,Aji-no-men,80g,Sopas,3000,https://www.ajinomoto.com.co/wp-content/uploads/2022/10/ORIENTAL-WEB.png
Aji-no-men sopa con fideos sabor a gallina,9,Aji-no-men,80g,Sopas,3000,https://www.ajinomoto.com.co/wp-content/uploads/2022/10/GALLINA-WEB.png
Aji-no-men sopa con fideos sabor a pollo,9,Aji-no-men,80g,Sopas,3000,https://www.ajinomoto.com.co/wp-content/uploads/2022/10/POLLO-CON-VERDURAS-WEB.png
Aji-no-men sopa con fideos sabor a pollo con verduras,4,Aji-no-men,80g,Sopas,3000,https://megatiendas.vtexassets.com/arquivos/ids/168122/7754487001694.jpg
Aji-no-men sopa con fideos sabor a costilla de res,7,Aji-no-men,80g,Sopas,3000,https://www.ajinomoto.com.co/wp-content/uploads/2022/10/COSTILLA-WEB.png
De la abuela crema de mariscos,4,De la abuela,70g,Cremas,4000,https://elviejoparisvirtual.com/rails/active_storage/representations/proxy/eyJfcmFpbHMiOnsiZGF0YSI6MTU2NzE3NiwicHVyIjoiYmxvYl9pZCJ9fQ==--5fa4ca3f4b95d1d3f89b9488d427d7a6fc0d3bf8/eyJfcmFpbHMiOnsiZGF0YSI6eyJmb3JtYXQiOiJqcGciLCJyZXNpemVfdG9fZml0IjpbODAwLDgwMF19LCJwdXIiOiJ2YXJpYXRpb24ifX0=--1420d7fd3d20057726f0ef3c0043db24ca0403be/crema%20marinera%20maggi.jpg
De la abuela crema de champiñones,4,De la abuela,72g,Cremas,4000,https://olimpica.vtexassets.com/arquivos/ids/1412741/7702024008064-1.jpg
De la abuela sopa de costilla y fideos,1,De la abuela,73g,Sopas,4000,https://misaboracolombia.com/cdn/shop/files/sopa-inst-maggi-costilla-fideos-65grs7702024015307.jpg
De la abuela sopa de pollo y fideos,5,De la abuela,70g,Sopas,4000,https://alberdisa.vteximg.com.br/arquivos/ids/159914-292-292/Sopa-De-La-Abuela-Fid-T.Campes-x68gr.jpg
De la abuela crema de ajiaco,2,De la abuela,70g,Cremas,4000,https://carulla.vteximg.com.br/arquivos/ids/19584569/CREMA-DE-AJIACO-880146_a.jpg
MiDia conservas de pescado en salsa de tomate,5,MiDia,144g lata,Conservas,5000,https://www.midia.com.co/sites/default/files/styles/product_detail/public/2024-02/025_Sardina_Tinapa_MiDia_144_g.png
VanCamps aceite de girasol,6,VanCamps,425g,Conservas,8000,https://exitocol.vteximg.com.br/arquivos/ids/26661909/Atun-Aceite-X-160-Grs-545806_a.jpg
VanCamps salsa de tomate atún,3,VanCamps,225g,Conservas,6000,https://elviejoparisvirtual.com/rails/active_storage/representations/proxy/eyJfcmFpbHMiOnsiZGF0YSI6NTQwNjQ1LCJwdXIiOiJibG9iX2lkIn19--0dc5cc88c3ef1b396868bee06e9193a0e443c1bc/eyJfcmFpbHMiOnsiZGF0YSI6eyJmb3JtYXQiOiJqcGciLCJyZXNpemVfdG9fZml0IjpbODAwLDgwMF19LCJwdXIiOiJ2YXJpYXRpb24ifX0=--1420d7fd3d20057726f0ef3c0043db24ca0403be/sardina-van-camps-tomate-660fe8b3-faf8-4fbc-870e-1e38201d1954.jpg
Fusión trozos de atún en aceite de girasol,1,Fusión,140g,Conservas,5500,https://carulla.vtexassets.com/arquivos/ids/19600196/Atun-ZENU-Tripack-Trozos-Girasol-420-gr-3649838_b.jpg
VanCamps pescado en salsa de tomate,2,VanCamps,170g,Conservas,5500,https://carulla.vteximg.com.br/arquivos/ids/19580364/Conserva-De-Pescado-Salsa-En-Tomate-Lata-X-425-gr-13147_a.jpg
VanCamps 3 latas aceite de girasol,8,VanCamps,80g,Conservas,12000,https://olimpica.vtexassets.com/arquivos/ids/1395192/7702367001029.jpg
Isabel atún aceite de girasol,9,Isabel,240g,Conservas,7000,https://exitocol.vteximg.com.br/arquivos/ids/26661927/Atun-Lomitos-En-Aceite-Girasol-1243749_a.jpg
Isabel pescado en salsa de tomate,5,Isabel,425g,Conservas,9000,https://isabelcolombia.com.co/isabel2018/wp-content/uploads/2018/03/sardinas-oval-425-1.png
VanCamps pescado en aceite de girasol,3,VanCamps,160g,Conservas,5500,https://exitocol.vteximg.com.br/arquivos/ids/26661850/Conserva-De-Pescado-En-Aceite-Natural-Lata-X-425-gr-22327_a.jpg
VanCamps agua,7,VanCamps,160g lata,Conservas,4500,https://vaquitaexpress.com.co/media/catalog/product/cache/e89ece728e3939ca368b457071d3c0be/7/7/7702367000558_42.jpg
La soberana pescado en salsa de tomate,2,La soberana,155g,Conservas,5000,https://www.soberana.com.co/wp-content/uploads/2021/02/CONSERVA-LA-SOBERANA-TINAPA-TOMATE.-320G-.png
MiDia trozos de atún en aceite,9,MiDia,140g,Conservas,5500,https://www.midia.com.co/sites/default/files/styles/product_detail/public/2023-10/DUMMIE%20TROZO%20EN%20ACEITE%20140%20G.png
Pan trozos de atún en aceite,10,Pan,150g,Conservas,5500,https://co.allofpan.com/wp-content/uploads/2024/09/atun_aceite.png
Pan trozos de atún en agua,3,Pan,150g,Conservas,5000,https://exitocol.vtexassets.com/arquivos/ids/26680396/Trozos-Atun-En-Agua-PAN-150-gr-3510244_a.jpg
Isabel atún en aceite de girasol,10,Isabel,142g 2x1,Conservas,10000,https://isabelcolombia.com.co/isabel2018/wp-content/uploads/2018/03/Lata-160-Dark.png
Isabel atún en agua,1,Isabel,160g,Conservas,5000,https://mercasur.com.co/rails/active_storage/representations/proxy/eyJfcmFpbHMiOnsiZGF0YSI6MjI5MTc5MywicHVyIjoiYmxvYl9pZCJ9fQ==--5a1cf62802a66f153aa682c66f81f38469c3744c/eyJfcmFpbHMiOnsiZGF0YSI6eyJmb3JtYXQiOiJqcGciLCJyZXNpemVfdG9fZml0IjpbODAwLDgwMF19LCJwdXIiOiJ2YXJpYXRpb24ifX0=--1420d7fd3d20057726f0ef3c0043db24ca0403be/atun%20isabel%20lomitos%20en%20agua.jpg
Aceite diana premium,4,Diana,900 ml,Aceites,15000,https://exitocol.vteximg.com.br/arquivos/ids/26677710/Aceite-Premium-DIANA-900-ml-3297591_a.jpg
Aceite diana normal,1,Diana,900 ml,Aceites,13000,"https://sp-ao.shortpixel.ai/client/to_webp,q_glossy,ret_img,w_348,h_537/https://grupodiana.co/wp-content/uploads/2023/09/Aceite-Diana-Vitaminas-01Sep23.png"
Aceite gustosito,8,Gusiosito,900 ml,Aceites,13000,https://i0.wp.com/mercaenlinea.nyc3.digitaloceanspaces.com/2020/04/prin.jpg
Aceite viví,5,Viví,150 CM cubicos,Aceites,4000,https://mistiendas.com.co/1339-large_default/aceite-vivi-x250-cc.jpg
Aceite diana,7,Diana,250 ml,Aceites,5000,https://olimpica.vtexassets.com/arquivos/ids/866320/7702028000330.jpg
Aceite riquísimo,8,Riquísimo,250 ml,Aceites,5000,https://static.merqueo.com/images/products/large/66ddf4a4-864f-4fbe-a8fd-2c3e83206931.png
Aceite de oliva,7,Sin marca,225 ml,Aceites,12000,https://badia.vtexassets.com/arquivos/ids/156326/Copia-de-Copia-de-ACEITE-DE-OLIVA-110ml-ZOOM.png
Aceite de soya,2,Sin marca,250 ml,Aceites,5000,https://olimpica.vtexassets.com/arquivos/ids/1081668/7701008626058.jpg
Aceite soy soya,9,Soy,150 ml,Aceites,4000,https://olimpica.vtexassets.com/arquivos/ids/1081668/7701008626058.jpg
Aceite bon life,10,Non life,230 ml,Aceites,5000,https://supertiendascomunal.com/1404-thickbox_default/aceite-bon-life-500-ml.jpg
Mantequilla la fina,9,La fina,125 gr,Grasas,6000,https://vaquitaexpress.com.co/media/catalog/product/cache/e89ece728e3939ca368b457071d3c0be/7/7/7702161001003_32.jpg
Mantequilla Frida,10,Frida,125 gr,Grasas,5500,https://www.hv.com.co/wp-content/uploads/2018/03/frida_125.png
Mantequilla natura,2,Natura,60 gr,Grasas,3500,https://www.hv.com.co/wp-content/uploads/2018/05/Natura_Margarina2.png
Mantequilla rama,5,Rama,125 gr,Grasas,6000,https://www.rama.com.co/-/media/Project/Upfield/Brands/Rama/Rama-CO/Assets/Products/new-packshots-2023/Rama-con-Sal/CON-SAL-500G-OFERTA.png
Pepsi,4,Pepsi,250 ml retornable,Bebidas,2500,https://mercadoslpineda.co/6078-thickbox_default/gaseosa-postobon-x-250-ml-pepsi.jpg
Manzana Postobón,1,Postobón,250 retornable,Bebidas,2500,https://carulla.vteximg.com.br/arquivos/ids/18524944/GASEOSA-MANZANA-POSTOBON-250-ml-531742_a.jpg
Jugo hit frutos tropicales,2,Hit,250 ml,Bebidas,3000,https://tomatelavida.com.co/wp-content/uploads/2022/12/Hit-Frutas-tropicales-2022-G.png
Jugo hit Lulo,5,Hit,250 ml,Bebidas,3000,https://exitocol.vteximg.com.br/arquivos/ids/27520241/Hit-Lulo-Pet-500-ml-646606_a.jpg
Jugo hit mora,6,Hit,250 ml,Bebidas,3000,https://infonutricional.tomatelavida.com.co/wp-content/uploads/2023/06/Pet-500-Mora.png
Gaseosa Quatro,6,Quatro,237 ml,Bebidas,2500,https://colsubsidio.vteximg.com.br/arquivos/ids/166508-800-800/7702535012079.jpg
Gaseosa coca cola,6,Coca cola,237 ml,Bebidas,2500,https://distribuidoranikoll.com/wp-content/uploads/2023/04/IMG_20230426_183331_031.jpg
Gaseosa brisa manzana con gas,4,Brisa,237 ml,Bebidas,2500,https://vaquitaexpress.com.co/media/catalog/product/cache/e89ece728e3939ca368b457071d3c0be/7/7/7702535027868_29.jpg
Folding mask,9,Mayfield,20 unidades pcs,Otros,15000,https://mrsindustrial.com.co/wp-content/uploads/2024/09/images-3.jpg
Don Magolo laurel deshidratado,7,Don Magolo,37g,Condimentos,2500,https://www.donmagolo.com/wp-content/uploads/2025/02/24-800x800.png
Don Magolo comino pepa,1,Don Magolo,60g,Condimentos,3000,https://www.donmagolo.com/wp-content/uploads/2025/02/18-800x800.png
Don Magolo tomillo puro,5,Don Magolo,20g,Condimentos,2000,https://www.donmagolo.com/wp-content/uploads/2025/02/8-800x800.png
Condimento de pimienta el rey,2,El rey,8g,Condimentos,1500,https://villavoexpress.com/rails/active_storage/representations/proxy/eyJfcmFpbHMiOnsiZGF0YSI6MjcxMzcsInB1ciI6ImJsb2JfaWQifX0=--ee3418799785bd85e766a576931b9ed35ec0ec1c/eyJfcmFpbHMiOnsiZGF0YSI6eyJmb3JtYXQiOiJqcGciLCJyZXNpemVfdG9fZml0IjpbODAwLDgwMF19LCJwdXIiOiJ2YXJpYXRpb24ifX0=--1420d7fd3d20057726f0ef3c0043db24ca0403be/pimienta-en-polvo-el-rey-condimento-60-gr.jpg
Salsina comino el rey,2,El rey,13g,Condimentos,1500,https://static.compreloadomicilio.com/dulceriavainilla/products/01656/1543.jpg
Finas hierbas el rey,10,El rey,4g,Condimentos,1200,https://exitocol.vteximg.com.br/arquivos/ids/26661996/Finas-Hierbas-X15-Gramos-673387_a.jpg
Goma roller Fizz,10,Fizz,20 gr,Snacks,2000,https://distribucioneselconfite.com/5390-large_default/gomas-fini-roller-fizz-fantasia-x-20gr.jpg
Papas super ricas naturales,10,Super Ricas,105 gr,Snacks,4000,https://olimpica.vtexassets.com/arquivos/ids/904585/7702152109824.jpg
Papas super ricas de tomate,4,Super Ricas,105 gr,Snacks,4000,https://carulla.vtexassets.com/arquivos/ids/20465367/Papas-SUPER-RICAS-Fritas-Onditas-Tomate-105-gr-3676455_a.jpg
Papas fosforito supericas,4,Super Ricas,160 gr,Snacks,5000,https://carulla.vtexassets.com/arquivos/ids/18562315/Papas-Fritas-Fosforitos-SUPER-RICAS-160-gr-3483131_a.jpg
Papas todo rico BBQ,4,Todo Rico,150 gr,Snacks,4500,https://olimpica.vtexassets.com/arquivos/ids/904583/7702152109701.jpg
Papas todo rico natural,5,Todo Rico,150 gr,Snacks,4500,https://exitocol.vtexassets.com/arquivos/ids/25550945/PASABOCAS-MEZCLA-ORIGINAL-TODO-RICO-150-Gramo-1774228_a.jpg
Yupi clásicas sabor a pollo,2,Yupi,25g,Snacks,2000,https://d2j6dbq0eux0bg.cloudfront.net/images/79456011/3278698807.jpg
Maní Bary pollo,5,Bary,35 gr,Snacks,2500,https://prodcdnmobisoft.oxxodomicilios.com/01JJA0V63M0B9W4VGZSMR6ZJVZ.png
Maní Bary con pasas,8,Bary,35 gr,Snacks,2500,https://bary.s3.amazonaws.com/media/20240522123630/Mockup-Mani-Pasas-Octagonal-1.png
Maní limón,2,Bary,35 gr,Snacks,2500,https://bary.s3.amazonaws.com/media/20240522123631/Mockup-Mani-Limon-Octagonal-1.png
Maní Bary natural,6,Bary,35 gr,Snacks,2500,https://distrimarketsas.com/rails/active_storage/blobs/proxy/eyJfcmFpbHMiOnsiZGF0YSI6MTc0MDE3NywicHVyIjoiYmxvYl9pZCJ9fQ==--46caa41848cb2c72bd6a7274fb18c2192709b0f0/7702439275754.jpg
Maní moto,4,Frito Lay,44 gr,Snacks,3000,https://locatelcolombia.vtexassets.com/arquivos/ids/338236/7702189057730_1_Mani-Moto-Fritolay-X-44g.png
Trolli vacanas gomitas,7,Trolli,70g,Gomitas,4000,https://images.rappi.com/products/1713295922526_1713295916307_1713295914775.jpg
Trolli crocydilio gomitas,7,Trolli,70g,Gomitas,4000,https://eurosuper.vtexassets.com/arquivos/ids/173389/GOMAS-TROLLI-CROCYDRILO-BOLSA-X-55GR.jpg
Trolli mango buche,6,Trolli,65g,Gomitas,3500,https://prodcdnmobisoft.oxxodomicilios.com/01HW84WXSTJPVB6XSSAF2K7C2S.jpg
Trolli pipatamo,2,Trolli,70g,Gomitas,4000,https://megatiendas.vtexassets.com/arquivos/ids/169505/7702174083591.jpg
Trolli rin rin,6,Trolli,65g,Gomitas,3500,https://megatiendas.vtexassets.com/arquivos/ids/175498/7702174085663.jpg
Trolli enamorados,10,Trolli,60g,Gomitas,3500,https://olimpica.vtexassets.com/arquivos/ids/1536211/7702174085564_Trolli_Enamoras-x60-2.jpg
Colombina gummies gomitas bom BOM bum,2,Colombina,45g,Gomitas,3000,https://carulla.vtexassets.com/arquivos/ids/20547452/GOMITAS-BBB-24BS145g-BON-BON-BUM-45-gr-3506931_a.jpg
Gomitas grissly gamer,10,Grissly,40g,Gomitas,2500,https://mercaldas.vtexassets.com/arquivos/ids/1342059/Gomas-GRISSLY-gamers-x40-g_133629.jpg.jpg
Gomitas trululu neon,2,Trululu,85g,Gomitas,4000,https://prodcdnmobisoft.oxxodomicilios.com/01HSE0SZZVP9N1M1YB6032BCQ0.jpg
Gomitas trululu gusanos ácidos,2,Trululu,70g,Gomitas,3500,https://vaquitaexpress.com.co/media/catalog/product/cache/e89ece728e3939ca368b457071d3c0be/7/7/7702993051733.jpg
Gomitas trululu oro,10,Trululu,90g,Gomitas,4000,https://copservir.vtexassets.com/arquivos/ids/1564673/GOMA-TRULULU-ORO_F.png
Gomitas trululu fresitas,4,Trululu,70g,Gomitas,3500,https://pasteurio.vtexassets.com/arquivos/ids/187829/470018_01.jpg
Italo gomas,2,Italo,40 gr,Gomitas,2500,https://mercosto.com/53211-large_default/gomas-italo-media-luna-40g.jpg
Gomitas sabor mora,8,Colombina,40 gr,Gomitas,2500,https://prodcdnmobisoft.oxxodomicilios.com/01J1Y9VSE5W4W7F5JN7Q2WPYYF.png
Súper pupy,1,Triunfo,312g (24 unid),Dulces,18000,https://exitocol.vteximg.com.br/arquivos/ids/26649615/Chupeta-Super-Pupy-TRIUNFO-312-gr-3429964_a.jpg
Bombón barrilete,4,Colombina,456g (24 unid),Dulces,25000,https://exitocol.vteximg.com.br/arquivos/ids/26634564/Bombo-De-Barrilete-Original-Pqt-24-Unids-228891_a.jpg
"Pin pop gigante paleta azul,rojo",7,Pin Pop,No especificado,Dulces,1500,https://www.confitiendas.com/wp-content/uploads/2022/03/14019_202102231650102775446.jpeg
Pin pop gigante fresa,4,Pin Pop,480g (24 unid),Dulces,25000,https://carulla.vteximg.com.br/arquivos/ids/19567623/Caramelo-Duro-Chupeta-Fresa-Mora-PIN-POP-480-gr-3507105_b.jpg
Pupy leche,9,Triunfo,312g (24 unid),Dulces,18000,https://i0.wp.com/www.grupodelsur.co/wp-content/uploads/2023/06/CHUPETA-PUPY-LECHE.png
Colombina max coco,5,Colombina,14g,Dulces,1500,https://colombinacontentmanager-prd.s3.us-east-1.amazonaws.com/Dulces/7702011082244_A1N1_es.jpg
Kick lolipop,7,No especificada,24g,Dulces,2000,https://i.ytimg.com/vi/aIA3ronHrdE/hq720.jpg
BOM BOM bum sabor a fresa,5,Colombina,456g (24 unid),Dulces,25000,https://images.openfoodfacts.org/images/products/770/201/128/1180/front_es.20.full.jpg
BOM BOM bum,10,Colombina,228g (12 unid),Dulces,15000,https://vaquitaexpress.com.co/media/catalog/product/cache/e89ece728e3939ca368b457071d3c0be/7/7/7702011281166_40.jpg
BOM BOM bum surtido tropical,1,Colombina,456g (24 unid),Dulces,25000,https://olimpica.vtexassets.com/arquivos/ids/1395088/7702011076557.jpg
BOM BOM bum cereza intensa,8,Colombina,456g (24 unid),Dulces,25000,https://olimpica.vtexassets.com/arquivos/ids/1395114/7702011089090.jpg
ChocoDisk Sandy,1,Sandy,16g,Dulces,1500,https://prodcdnmobisoft.oxxodomicilios.com/01HSE2JM56HFV9QV51YBCEJNN8.png
Bubaloo fresa,1,Bubaloo,5.1g,Chicles,1000,https://olimpica.vtexassets.com/arquivos/ids/895538/7622210589194.jpg
Chokis chocolate,10,Chokis,19 gr,Dulces,2000,https://vaquitaexpress.com.co/media/catalog/product/cache/e89ece728e3939ca368b457071d3c0be/7/7/7702189011251_34.jpg
Halls 3 gr negro,2,Halls,3 gr,Mentas,1200,https://m.media-amazon.com/images/I/51aCNQ0Sd5L.jpg
Barra halls 25 gr naranja,1,Halls,25 gr,Mentas,2000,https://vaquitaexpress.com.co/media/catalog/product/cache/e89ece728e3939ca368b457071d3c0be/7/6/7622201776459_39.jpg
Halls sandía patilla,2,Halls,25 gr,Mentas,2000,https://mercadoslpineda.co/6952-large_default/halls-tubo-x-9und-sandia.jpg
Halls mentol cereza,5,Halls,25 gr,Mentas,2000,"https://m.media-amazon.com/images/I/81YBA3jyVKL._AC_UF350,350_QL80_.jpg"
Halls barra bluebarry,5,Halls,25 gr,Mentas,2000,https://licoresmedellin.com/cdn/shop/files/CARAMELO_HALLS_BARRA_AZUL_MENTA_9UNDS.jpg
Barra halls negros,1,Halls,25 gr,Mentas,2000,https://licoresmedellin.com/cdn/shop/files/CARAMELO_HALLS_BARRA_NEGRO_9UNDS_0e27ebb3-c9d5-446e-87cf-822f30182be8.jpg
Barra halls yerbabuena,3,Halls,25 gr,Mentas,2000,https://vaquitaexpress.com.co/media/catalog/product/cache/e89ece728e3939ca368b457071d3c0be/7/7/7702133815782_40.jpg
Trident yerbabuena,10,Trident,5.1 gr,Chicles,2000,https://locatelcolombia.vtexassets.com/arquivos/ids/237252/7622201776572_1_CHICLE-TRIDENT-YERBABUENA-X-8.5G.jpg
Trident Sandia,7,Trident,5.1 gr,Chicles,2000,https://www.drogueriaspatria.com/wp-content/uploads/2024/04/7622201776626-1.jpg
Trident mora azul,8,Trident,5 gr,Chicles,2000,https://locatelcolombia.vtexassets.com/arquivos/ids/237246/7622201776695_1_CHICLE-TRIDENT-MORA-AZUL-X-8.5G.jpg
Trident menta,2,Trident,5 gr,Chicles,2000,https://vaquitaexpress.com.co/media/catalog/product/cache/e89ece728e3939ca368b457071d3c0be/7/6/7622201776664_40.jpg
Trident fresh herbal,1,Trident,5.1 gr,Chicles,2000,https://locatelcolombia.vtexassets.com/arquivos/ids/237250/7622201776510_1_CHICLE-TRIDENT-FRESH-HERBAL-X-8.5G.jpg
"Trident menta, fresh herbal",10,Trident,1.5 gr,Chicles,1000,https://www.farmadon.com.ve/wp-content/uploads/2024/12/Trident-Fresh-Herbal-Sin-Azucar-8.5Gr.png
Cúrcuma pura el rey,8,El Rey,25g,Condimentos,2500,https://olimpica.vtexassets.com/arquivos/ids/1015383/7702175137422-.jpg
Pimienta de olor pura el rey,1,El Rey,15g,Condimentos,2000,https://megatiendas.vtexassets.com/arquivos/ids/173359/7702175108705.jpg
Jengibre puro el rey,5,El Rey,15g,Condimentos,2000,https://megatiendas.vtexassets.com/arquivos/ids/167789/7702175157789.jpg
Ajo el rey,3,El Rey,13g,Condimentos,1500,https://olimpica.vtexassets.com/arquivos/ids/956689/7702175111231.jpg
Condimentos el rey comino,4,El Rey,13g,Condimentos,1500,https://carulla.vteximg.com.br/arquivos/ids/19580522/Comino-En-Bolsa-225309_a.jpg
Colorey el rey,4,El Rey,55g,Condimentos,3000,https://olimpica.vtexassets.com/arquivos/ids/957215/7702175111248.jpg
Pimienta,1,El Rey,25g,Condimentos,2500,https://olimpica.vtexassets.com/arquivos/ids/615463/7702175108118.jpg
El rey salsa de aji picante,8,El Rey,95ml,Salsas,3500,https://megatiendas.vtexassets.com/arquivos/ids/160098/7702175159509.png
Salsa negra Bary,5,Bary,155ml,Salsas,4000,https://exitocol.vtexassets.com/arquivos/ids/26871159/SALSA-NEGRA-FRASCO-131412_a.jpg
Salsa china Bary,6,Bary,155ml,Salsas,4000,https://vaquitaexpress.com.co/media/catalog/product/cache/e89ece728e3939ca368b457071d3c0be/7/7/7702439003074_35.jpg
Salsa de soya Bary,5,Bary,155ml,Salsas,4000,https://exitocol.vteximg.com.br/arquivos/ids/27197258/SALSA-DE-SOYA-FRASCO-132121_a.jpg
Salsa con sabor a humo Bary,9,Bary,155ml,Salsas,4000,https://tiendaganga.com.co/public/uploads/all/4pI1Lr21NJxow5cCRTNtauVxe4oaK9kqA6EEGLnH.png
Salsa con ají Bary,10,Bary,155ml,Salsas,4000,https://exitocol.vtexassets.com/arquivos/ids/27197236/SALSA-CON-AJI-742425_a.jpg
Salsa BBQ Bary,7,Bary,170g,Salsas,4500,https://distrimarketsas.com/rails/active_storage/representations/proxy/eyJfcmFpbHMiOnsiZGF0YSI6OTA0NTQwLCJwdXIiOiJibG9iX2lkIn19--0fc92982587725abc30a7aac69105f4004b65ad5/eyJfcmFpbHMiOnsiZGF0YSI6eyJmb3JtYXQiOiJqcGciLCJyZXNpemVfdG9fZml0IjpbODAwLDgwMF19LCJwdXIiOiJ2YXJpYXRpb24ifX0=--1420d7fd3d20057726f0ef3c0043db24ca0403be/8545b82b-6b9e-47e9-8d61-4b79b22698db.jpg
Vinagreta Bary,9,Bary,170g,Salsas,4500,https://vaquitaexpress.com.co/media/catalog/product/cache/e89ece728e3939ca368b457071d3c0be/7/7/7702439006891_28.jpg
Salsa de Ajo Bary,9,Bary,110g,Salsas,3500,https://villavoexpress.com/rails/active_storage/representations/proxy/eyJfcmFpbHMiOnsiZGF0YSI6NDc2NTYzLCJwdXIiOiJibG9iX2lkIn19--1e94e45a641a25b527d5f3f7a8a8cf3db2eb51db/eyJfcmFpbHMiOnsiZGF0YSI6eyJmb3JtYXQiOiJqcGciLCJyZXNpemVfdG9fZml0IjpbODAwLDgwMF19LCJwdXIiOiJ2YXJpYXRpb24ifX0=--1420d7fd3d20057726f0ef3c0043db24ca0403be/SALSA-DE-AJO-BARY-FRASCO_F.png
Bary salsa de tomate,1,Bary,120g,Salsas,3500,https://distrimarketsas.com/rails/active_storage/blobs/proxy/eyJfcmFpbHMiOnsiZGF0YSI6OTA1NDY4LCJwdXIiOiJibG9iX2lkIn19--7098321b161224a2d0eccca1c7323974927e4e8d/d67cb468-b932-442f-b7ee-4d239ec898d4.jpg
Bary salsa con mostaza,2,Bary,120g,Salsas,3500,https://distrimarketsas.com/rails/active_storage/representations/proxy/eyJfcmFpbHMiOnsiZGF0YSI6OTA1MzY1LCJwdXIiOiJibG9iX2lkIn19--d368264d1a05d09cf16d5f30fa09785ce1f3d335/eyJfcmFpbHMiOnsiZGF0YSI6eyJmb3JtYXQiOiJ3ZWJwIiwicmVzaXplX2FuZF9wYWQiOlszMjAsMzIwLHsiZXh0ZW5kIjoid2hpdGUifV19LCJwdXIiOiJ2YXJpYXRpb24ifX0=--a7d4729092d7300df826ec1077a67fefc8243382/salsa-con-mostaza-bary-180gr.jpg
Bary salsa rosada,2,Bary,120g,Salsas,3500,https://bary.s3.amazonaws.com/media/20240522131633/salsa-rosada-sachet-180-SV-G.png
Bary salsa BBQ,9,Bary,120g,Salsas,3500,https://distrimarketsas.com/rails/active_storage/blobs/proxy/eyJfcmFpbHMiOnsiZGF0YSI6OTA0NTQwLCJwdXIiOiJibG9iX2lkIn19--0fc92982587725abc30a7aac69105f4004b65ad5/8545b82b-6b9e-47e9-8d61-4b79b22698db.jpg
Bary Mayonesa,1,Bary,120g,Salsas,3500,https://distrimarketsas.com/rails/active_storage/representations/proxy/eyJfcmFpbHMiOnsiZGF0YSI6NjI2MjMyLCJwdXIiOiJibG9iX2lkIn19--24e58d0c0f40ea8c586485edfa9670a9eaff6296/eyJfcmFpbHMiOnsiZGF0YSI6eyJmb3JtYXQiOiJ3ZWJwIiwicmVzaXplX2FuZF9wYWQiOlszMjAsMzIwLHsiZXh0ZW5kIjoid2hpdGUifV19LCJwdXIiOiJ2YXJpYXRpb24ifX0=--a7d4729092d7300df826ec1077a67fefc8243382/286c6bfd-2cf0-49e1-bdb2-453a30a0e5bd.jpg
Frugal Salsa de tomate,4,Frugal,80g,Salsas,2500,https://carulla.vteximg.com.br/arquivos/ids/19620177/Salsa-tomate-Plegadiza-12-und-x80g-FRUGAL-960-gr-3555300_a.jpg
La constancia Salsa de tomate,8,La Constancia,80g,Salsas,2500,https://distrimarketsas.com/rails/active_storage/representations/proxy/eyJfcmFpbHMiOnsiZGF0YSI6MTEzMjg1MiwicHVyIjoiYmxvYl9pZCJ9fQ==--eff4d1161e6ee36182e55f0dec298ebf4a82e9b4/eyJfcmFpbHMiOnsiZGF0YSI6eyJmb3JtYXQiOiJqcGciLCJyZXNpemVfdG9fZml0IjpbODAwLDgwMF19LCJwdXIiOiJ2YXJpYXRpb24ifX0=--1420d7fd3d20057726f0ef3c0043db24ca0403be/f6db6aba-595f-4ecd-9246-fd3d868f6990.jpg
Fruco Mayonesa,3,Fruco,80g,Salsas,2500,https://carulla.vteximg.com.br/arquivos/ids/15370821/Salsa-Mayonesa-FRUCO-80-gr-3211031_a.jpg
Fruco Salsa de tomate,2,Fruco,80g,Salsas,2500,https://carulla.vteximg.com.br/arquivos/ids/19565956/Salsa-De-Tomate-FRUCO-80-gr-3211030_a.jpg
Fruco pasta de tomate,2,Fruco,200g,Salsas,4000,https://olimpica.vtexassets.com/arquivos/ids/879636/7702047028247.jpg
Frugal Mayo,3,Frugal,80g,Salsas,2500,"https://sp-ao.shortpixel.ai/client/to_webp,q_glossy,ret_img/https://grupodiana.co/wp-content/uploads/2025/05/Salsa-Mayo-x-170g.png"
Granunion frijol,5,Granunion,190g,Enlatados,4500,https://i.imgur.com/hP1MMzo.png
MiDia maíz tierno,5,MiDia,241g,Enlatados,4000,https://supermercadoslacanasta.com/rails/active_storage/blobs/proxy/eyJfcmFpbHMiOnsiZGF0YSI6MTc4MzMwNSwicHVyIjoiYmxvYl9pZCJ9fQ==--50b548dee045c6b72491ff4e13666ced23d334cf/7700149173698.jpg
Rica salchicha viena,7,Rica,150g,Enlatados,5000,https://cnutresa.vtexassets.com/arquivos/ids/164042/7702398007212_Salchichas-Viena-Rica.jpg
Alamar ensalada natural,3,Alamar,160g,Enlatados,4500,https://vaquitaexpress.com.co/media/catalog/product/cache/e89ece728e3939ca368b457071d3c0be/7/7/7700618020638_41.jpg
Don magolo vinagre manzana,8,Don Magolo,250ml,Vinagres,3000,https://www.donmagolo.com/wp-content/uploads/2025/02/14-800x800.png
San Jorge vinagre blanco,7,San Jorge,500ml,Vinagres,4500,https://sanjorge.co/wp-content/uploads/2024/04/VINAGRE-BLANCO-SJ-PET-x-500-cm3.png
Don prospero vinagre blanco,8,Don Prospero,500ml,Vinagres,4200,https://exitocol.vteximg.com.br/arquivos/ids/27602686/VINAGRE-BLANCO-1494428_a.jpg
Don magolo vinagre sabor manzana,9,Don Magolo,500ml,Vinagres,5800,https://www.donmagolo.com/wp-content/uploads/2025/02/15-800x800.png
Don magolo vinagre blanco,9,Don Magolo,500ml,Vinagres,5200,https://www.donmagolo.com/wp-content/uploads/2025/02/12-800x800.png
Colmans vinagre blanco,9,Colmans,250ml,Vinagres,3800,https://colmans.co/wp-content/uploads/2023/12/VINAGRE-250ml-1.png
Finura vinagre blanco,10,Finura,1000ml,Vinagres,8500,https://freskofood57.com/wp-content/uploads/2024/01/vinagre.jpeg
El Carriel mogollas,10,El Carriel,400 gr,Panadería,2800,https://elcarriel.com.co/wp-content/uploads/mogollas-12und.jpg
Comapan pan para sándwich,1,Comapan,105 gr,Panadería,3200,https://colanta.vtexassets.com/arquivos/ids/156714/8783-1.png
Pan para hamburguesa comapan,8,Comapan,105 gr,Panadería,3500,https://comapan.com.co/wp-content/uploads/2023/11/Pan_Hamburguesax6.jpg
Santa clara 400 gr panes,3,Santa Clara,400 gr,Panadería,4200,https://carulla.vtexassets.com/arquivos/ids/19775714/Pan-Perro-SANTA-CLARA-400-gr-1062069_a.jpg
Coma pan mantequilla,4,Comapan,230 gr,Panadería,4800,https://comapan.com.co/wp-content/uploads/2023/11/Pan_Mantequilla.jpg
Caladitos comapan,1,Comapan,140 gr,Panadería,3600,https://comapan.com.co/wp-content/uploads/2023/11/MiniCaladitos-X-12.jpg
Tostados santa clara,7,Santa Clara,115 gr,Panadería,4500,https://supertiendascomunal.com/8244-large_default/tostadas-santa-clara-24-und.jpg
Tostadas el carriel mantequilla,1,El Carriel,160 gr,Panadería,5200,https://elcarriel.com.co/wp-content/uploads/tostadas-mantequilla-12und.jpg
Todtadas el Carriel normales,6,El Carriel,160 gr,Panadería,4800,https://elcarriel.com.co/wp-content/uploads/tostadas-integrales-12und.jpg
Quatro vidrio,3,Quatro,237ml,Bebidas,3200,https://storage.googleapis.com/mysinventarios-imagenes/MYS_20173610073625.jpeg
Coca-Cola,7,Coca-Cola,250ml,Bebidas,2800,https://colanta.vtexassets.com/arquivos/ids/158723/395J.png
Brisa manzana con gas,7,Brisa,237ml,Bebidas,2600,https://drinkcentral.co/wp-content/uploads/2024/04/1-10.png
Colcafe suave clásico,4,Colcafé,10g,Café,1200,https://fundafarma.com/wp-content/uploads/2023/12/Cafe-Colcafe-10-g.png
Café Buendía,9,Buendía,1.5g,Café,800,https://i.imgur.com/FZESgH1.png
Café vainilla Buendía,4,Buendía,15 gr,Café,2200,https://buendia.com/wp-content/uploads/2022/08/CAFE-BUENDIA-VAINILLA-DUMMNIE-SACHET.jpg
Tarrito rojo Kola granulada tradicional,7,Tarrito Rojo,25g,Bebidas,1800,https://www.droguerialaeconomia.com/economia/site/img/1x/041424.jpg
Diana bebida instantánea original,1,Diana,46g,Bebidas,2400,https://jumbocolombiaio.vtexassets.com/arquivos/ids/478845/7702511781111.jpg
La constancia Dulce de guayaba,8,La Constancia,200g,Conservas,4800,https://www.laconstanciacolombina.com/wp-content/uploads/2019/10/3953-DULCE-DE-GUAYABA-200g.png
San Jorge Mermelada de fresa,9,San Jorge,90g,Conservas,3200,https://sanjorge.co/wp-content/uploads/2024/05/FRENTE-7702014639797.png
Durena Colada mezcla de cereales sabor a fresa,10,Durena,30g,Cereales,2800,https://i.imgur.com/4usA2Zk.png
San romo sirope sabor a miel,9,San Romo,50g,Siropes,3500,https://www.mercaboy.com/3497-large_default/miel-de-abeja-la-reina-150ml.jpg
Tubito leche condensada,7,Tubito,45g,Conservas,2600,https://unidrogas.vtexassets.com/arquivos/ids/383855/7707226110720.jpg
Alquería arequipe,10,Alquería,50g,Dulces,3800,https://en1ya.com/wp-content/uploads/2023/07/AREQUIPE-ALQUERIA-X50g.jpg
Hit natural baby compota de pera,7,Hit Natural,90g,Compotas,4200,https://exitocol.vtexassets.com/arquivos/ids/27197464/Compota-Pera-100-Fruta-Pouch-x-90g-HIT-90-gr-3554088_a.jpg
Super ricas onditas salsa de tomate,4,Super Ricas,30g,Snacks,1800,https://carulla.vtexassets.com/arquivos/ids/20465367/Papas-SUPER-RICAS-Fritas-Onditas-Tomate-105-gr-3676455_a.jpg
Super ricas pollo,4,Super Ricas,30g,Snacks,1800,https://ivo-mucura.s3.amazonaws.com/productos/UMRVoPsmZM.jpg
Doritos mega queso,9,Doritos,43g,Snacks,3500,https://en1ya.com/wp-content/uploads/2022/09/DORITOS-MEGA-QUESO-X43g.png
Doritos sabor pizza,7,Doritos,41g,Snacks,3400,https://images.rappi.com/products/1733506337412_1733506334440_1733506335009.jpeg
Doritos,7,Doritos,105 gr,Snacks,6800,https://licoresdelasabana.com/wp-content/uploads/2019/08/Doritos-Mega-Queso.jpg
Margarita natural,7,Margarita,36g,Snacks,2200,https://licoresmedellin.com/cdn/shop/files/PAPAS_MARGARITA_NATURAL_PEQUENA_36GR.jpg
Margarita onduladas tomate,8,Margarita,35g,Snacks,2200,https://copservir.vtexassets.com/arquivos/ids/1564489/PAPA-MARGARITA-ONDULADA-TOMATE_F.png
Papas Margarita limón,1,Margarita,105 gr,Snacks,4800,https://megatiendas.vtexassets.com/arquivos/ids/170925/7702189053794.jpg
Papas Margarita pollo,10,Margarita,105 gr,Snacks,4800,https://megatiendas.vtexassets.com/arquivos/ids/170941/7702189053770.jpg
Super ricas súper crocantes,10,Super Ricas,35g,Snacks,1900,https://static.merqueo.com/images/products/large/befa2600-068a-446e-80d0-e57fa6d2642d.png
Super ricas tajaditas plátano verde,10,Super Ricas,38g,Snacks,2000,https://en1ya.com/wp-content/uploads/2022/10/TAJADITAS-PLATANO-VERDE-SUPER-RICAS-X38g.jpg
Super ricas tajamiel plátano maduro,8,Super Ricas,38g,Snacks,2000,https://static.merqueo.com/images/products/large/d1f62520-187d-4106-a5bc-efceb0a587dc.jpg
Super ricas chidos mero queso,5,Super Ricas,38g,Snacks,2000,https://en1ya.com/wp-content/uploads/2023/08/CHIDOS-MERO-QUESO-SUPER-RICAS-X38g.jpg
Super ricas fosforitos,4,Super Ricas,35g,Snacks,1900,https://mecato.shop/cdn/shop/products/fosforitound_9455d199-7da9-4a16-8ed3-84a16a2758f4_800x.jpg
Chefrito trocipollo,2,Chefrito,50g,Snacks,2800,https://ivo-mucura.s3.amazonaws.com/productos/0pX8aPE9HE.jpg
Natnack garbanzos snacks,2,Natnack,30g,Snacks,2400,https://images.openfoodfacts.org/images/products/770/930/608/8073/front_es.3.full.jpg
"Natnack mix aranadanos, lentejas y alberjas",5,Natnack,30g,Snacks,2600,https://natnack.com/wp-content/uploads/2022/01/Perfil-Mix-Arandanos-300x300.png
Natnack arvejas,5,Natnack,30g,Snacks,2400,https://natnack.com/wp-content/uploads/2022/01/Mesa-de-trabajo-34.png
Krumer chips BBQ papas fritas,5,Krumer,30g,Snacks,2200,https://krumerchips.com/wp-content/uploads/2023/09/render-papas-bbq.png
Krumer chips hot chili lime,6,Krumer,30g,Snacks,2200,https://krumerchips.com/wp-content/uploads/2024/04/hot-chili.png
Krumer chips limón,4,Krumer,30g,Snacks,2200,https://krumerchips.com/wp-content/uploads/2023/09/render-papas-limon.png
Krumer chips natural,8,Krumer,30g,Snacks,2200,https://krumerchips.com/wp-content/uploads/2023/09/render-papas-natural.png
Frito lay gudiz,8,Frito Lay,28g,Snacks,2000,https://sumafrut.com.co/wp-content/uploads/2021/05/P1620564.jpg
CheeseTris,10,No especificada,42g,Snacks,2400,https://www.confitiendas.com/wp-content/uploads/2022/03/Instagram-post-19-5.jpg
Papas Yupi,6,Yupi,35 gr,Snacks,1800,https://yupi.com.co/wp-content/uploads/2025/01/rizadas-natural.png
Chicharones artesanales,9,Don chicharron,45 gr,Snacks,3200,https://donchicharron.com.co/wp-content/uploads/2021/02/Tradicional-Natural-100gr.png
Maní Bary frutos secos y arándano,2,Bary,35 gr,Snacks,3800,https://images.rappi.com/products/1718980285353_e63ed694-7f9d-42f4-9823-e76424ec0b4c_459.jpg
Popetas mix,1,CremHelado,39.6 gr,Snacks,2800,https://supermercadolaestacion.com/33336-large_default/popetas-mix.jpg
Gomitas trululu feroz,10,Trululu,18 gr,Gomitas,1500,https://mundochuquen.com/wp-content/uploads/2023/06/Screenshot_20230608_161627.jpg
Trululu chococolores,10,Trululu,30 gr,Gomitas,2200,https://vaquitaexpress.com.co/media/catalog/product/cache/e89ece728e3939ca368b457071d3c0be/7/7/7702993054482.jpg
Gomitas gusano trululu,9,Trululu,No especificado,Gomitas,1800,https://stopersmarket.com/wp-content/uploads/2023/04/Gomitas-gusanos-Trululu-x-90g.png
Gomitas aros trululu,3,Trululu,6 gr,Gomitas,800,https://olimpica.vtexassets.com/arquivos/ids/901445/7702993015469.jpg
Dulces de ajonjolí,10,Sin Marca,No especificado,Dulces,1200,https://www.recetas-puertorico.com/base/stock/Recipe/dulce-de-ajonjoli-con-miel/dulce-de-ajonjoli-con-miel_web.jpg
Dulce Nutella,10,Nutella,15 gr,Dulces,2800,https://lacteoslosdiamantes.com/wp-content/uploads/2022/11/NUTELLA-15G.jpg
Pirulitos,2,Colombina,9 gr,Dulces,800,https://colombinacontentmanager-prd.s3.us-east-1.amazonaws.com/Dulces/7702011021090_A1N1_es.jpg
Pin pop gigante lengua azul,7,Pin Pop,480g (24 unidades),Dulces,18000,https://www.confipuma.com/app_data_archivos/confipuma.soomi.co/productos/producto_7100f7f49b41a415cc5cb46c645cf69dfba378de1727185018.png
Pin pop gigante surtido,5,Pin Pop,480g (24 unidades),Dulces,18000,https://www.confipuma.com/app_data_archivos/confipuma.soomi.co/productos/producto_f04bb9cda220eb2bdda2cdcad7d9cffb420902a21727185209.png
Bom boom bum Barra masticable mora azul,10,Colombina,10 gr,Dulces,1200,https://dulceriawindy.com/wp-content/uploads/2023/11/IMG_6503.jpeg
Bom boom bum Barra masticable sandía,3,Colombina,10 gr,Dulces,1200,https://dicoha.com.co/wp-content/uploads/2023/08/300Wx300H_7702011150325_A1N1_es_s0.jpg
"Bianchis caramelo, chocolate",6,Bianchis,4.6 gr,Dulces,600,https://www.confipuma.com/app_data_archivos/confipuma.soomi.co/productos/producto_fd92f0ad6c0acac728baf02f657847fd03ea67b91596572590.jpg
Caramelos Italo pequeños,10,Italo,No especificado,Dulces,800,https://supertiendascomunal.com/2679-thickbox_default/caramelo-surtido-frutas-italo-185-g.jpg
Colombina splot acid,4,Colombina,13.5g,Dulces,1400,https://dulceria.co/wp-content/uploads/2019/10/8-8.jpg
Confiteca súper hiper ácido mango biche,4,Confiteca,2g,Dulces,500,https://distribuidorabaviera.com/wp-content/uploads/2021/09/acido.png
Barrillette gamers,5,Colombina,20g,Dulces,2200,https://mercaldas.vtexassets.com/arquivos/ids/1344050/BARRILETE-gamers-x240-g_133808.jpg
Frunas limón,7,Frunas,11g,Dulces,1200,https://mecato.shop/cdn/shop/products/frunas-2_800x.jpg
Frunas manzana verde,4,Frunas,11g,Dulces,1200,https://mecato.shop/cdn/shop/products/frunas-2_800x.jpg
Frunas spaciales max,8,Frunas,5g,Dulces,800,https://mecato.shop/cdn/shop/products/frunas-2_800x.jpg
Frunas naranja,7,Frunas,11g,Dulces,1200,https://mecato.shop/cdn/shop/products/frunas-2_800x.jpg
Frunas frutas,5,Frunas,11g,Dulces,1200,https://mecato.shop/cdn/shop/products/frunas-2_800x.jpg
Frutas fresa,3,Frunas,11g,Dulces,1200,https://mecato.shop/cdn/shop/products/frunas-2_800x.jpg
Quipitos pops,3,Quipitos,8g,Dulces,1000,"https://m.media-amazon.com/images/I/41UQC5yCnaL._AC_UF894,1000_QL80_.jpg"
Dulce de panela,1,Sin Marca,No especificado,Dulces,1500,https://radionacional-v3.s3.amazonaws.com/s3fs-public/styles/portadas_relaciona_4_3/public/node/audio/field_image/discomerla-imag-recetario-blog-9.jpg
Dulces en barra de panela,9,Sin Marca,No especificado,Dulces,2000,https://laopinion.com/wp-content/uploads/sites/3/2020/03/piloncillo-panela-canva.jpg
TIC TAC naranja,1,TIC TAC,16 gr,Mentas,3200,https://exitocol.vtexassets.com/arquivos/ids/27170751/Tic-Tac-Naranja-767409_a.jpg
TIC TAC frutos,2,TIC TAC,16 gr,Mentas,3200,https://despensamarket.cl/Content/products/2277/d/3f/d3f98a63658b47b49c9a5227f66ea598_600.jpg
Chao mentas,7,Chao,14 gr,Mentas,1800,https://www.confipuma.com/app_data_archivos/confipuma.soomi.co/productos/producto_d78118b7ed01529a33fb6282f3347e88a590c7031596809598.jpg
Chao mora azul,4,Chao,3.8 gr,Mentas,800,https://assets.tuzonamarket.co/images/producto/ier70YEpLw.jpg
Chao sandía,1,Chao,20.4g (12 unidades),Mentas,4800,https://multidulces.com.co/wp-content/uploads/2023/10/CHAO-SANDIA-X100-3.8G-C1.png
Chao hierbabuena,2,Chao,20.4g (12 unidades),Mentas,4800,https://laprincipaldelicores.com/cdn/shop/files/dulceschaoyerbabuena.png
Chao cereza,6,Chao,20.4g (12 unidades),Mentas,4800,https://images.rappi.com/products/111638644857_wiepwpjppouf_454845575377_jrqykcfkytmg_17815_1.jpeg
"El rey SazonaREY sal con perejil, Cebolla, cúrcuma y especias",1,El Rey,13g,Condimentos,2200,https://exitocol.vteximg.com.br/arquivos/ids/26662041/Sazonarey-Zipper-X200-Grs-767265_a.jpg
Clavo de olor Condimentos el japonés,3,El Japonés,4g,Condimentos,1800,https://www.onesupermarket.es/cdn/shop/products/clavo-olor-gusong-onesupermarket.jpg
Clavo puro EL REY,7,El Rey,9g,Condimentos,2800,https://coopasan.com.co/rails/active_storage/representations/proxy/eyJfcmFpbHMiOnsiZGF0YSI6MTUyNzc4OSwicHVyIjoiYmxvYl9pZCJ9fQ==--78c1a00923b777e0c53b8b7bab70af257edb421b/eyJfcmFpbHMiOnsiZGF0YSI6eyJmb3JtYXQiOiJwbmciLCJyZXNpemVfdG9fZml0IjpbODAwLDgwMF19LCJwdXIiOiJ2YXJpYXRpb24ifX0=--cef66509c9cdc75663c0eefd9421db1d2ea4fead/ME01249.png
Don Magolo Canela C,4,Don Magolo,4g,Condimentos,1600,https://i.imgur.com/lgNkzBr.png
Canela en polvo,9,El Rey,30g,Condimentos,3500,https://olimpica.vtexassets.com/arquivos/ids/605722/7702175158823.jpg
Canela en astilla EL REY,5,El Rey,11g,Condimentos,2400,https://jumbocolombiaio.vtexassets.com/arquivos/ids/192147/7702175111170-20-281-29.jpg
Refisal Sal alta pureza,1,Refisal,130g,Condimentos,1800,https://exitocol.vtexassets.com/arquivos/ids/26662153/Salero-130-gr-948753_a.jpg
Bary café tostado y molido,9,Bary,50g,Café,4200,https://bary.s3.amazonaws.com/media/20240610184537/CB50.png
Levapam polvo para hornear,8,Levapam,20g,Repostería,2200,https://productos.levapan.com/wp-content/uploads/2024/06/FRENTE-POLVO-PARA-HORNEAR-LEVAPAN-20g.png
Levapam escencia sabor artificial a vainilla blanca,4,Levapam,60ml,Repostería,3800,https://productos.levapan.com/wp-content/uploads/2024/06/FRENTE-77071385.png
Bicarbonato San romo,1,San Romo,500g,Repostería,3200,https://comfandivirtual.com.co/8842-large_default/bicarbonato-de-sodio-500gr.jpg
Maggi caldo de costilla,3,Maggi,11g,Caldos,1800,https://megatiendas.vtexassets.com/arquivos/ids/170092/7702024705550.jpg
"Ricostilla, Caldo con costilla",2,Ricostilla,9g,Caldos,1600,https://mercayahorra.com/wp-content/uploads/2020/07/Ricostilla-Desmenuzado.jpg
Maggi caldo de gallina,5,Maggi,9g,Caldos,1600,https://www.nestle.com.co/sites/g/files/pydnoa531/files/brands/culinarios/publishingimages/maggi_caldodegallina/maggi-caldo-gallina-square-thumbnail.jpg
Maggi salsa Queso,4,Maggi,12g,Salsas,2200,https://elsupertendero.co/wp-content/uploads/2020/04/001597.jpg
Completísimo caldo de gallina,7,Completísimo,9g,Caldos,1600,https://vaquitaexpress.com.co/media/catalog/product/cache/e89ece728e3939ca368b457071d3c0be/7/7/7702354953782.jpg
Doña gallina,5,Doña Gallina,11g,Caldos,1800,https://jumbocolombiafood.vteximg.com.br/arquivos/ids/155848/7702354002923-1.jpg
Ricostilla,5,Ricostilla,11g,Caldos,1800,https://ecommerce.surtifamiliar.com/backend/admin/backend/web/archivosDelCliente/items/images/Bases-Sopas-Cremas-y-Caldos-Caldos-CALDO-RICOSTILLA-x8und-444420201112112802.jpg
Frutiño lulo,5,Frutiño,10g,Bebidas en polvo,1200,https://megatiendas.vtexassets.com/arquivos/ids/168973/7702354955922.jpg
Frutiño piña,9,Frutiño,10g,Bebidas en polvo,1200,https://vaquitaexpress.com.co/media/catalog/product/cache/e89ece728e3939ca368b457071d3c0be/7/7/7702354955939.jpg
Frutiño maracumango,7,Frutiño,10g,Bebidas en polvo,1200,https://megatiendas.vtexassets.com/arquivos/ids/175545/7702354958404.jpg
Frutiño maracupiña,6,Frutiño,10g,Bebidas en polvo,1200,https://eurosuper.vtexassets.com/arquivos/ids/169821/7702354950897.jpg
Frutiño tamarindo,8,Frutiño,10g,Bebidas en polvo,1200,https://images.rappi.com/products/1729651686621_1729651685037_1729651685082.jpeg
Frutiño guanabana,9,Frutiño,10g,Bebidas en polvo,1200,https://mistiendas.com.co/15339-large_default/fresco-frutino-guanabana-x4lt-x66gr.jpg
Frutiño mora dulce,1,Frutiño,10g,Bebidas en polvo,1200,https://eurosuper.vtexassets.com/arquivos/ids/184137/7702354955892.jpg
Frutiño durazno,1,Frutiño,10g,Bebidas en polvo,1200,https://supermercadolaestacion.com/55060-thickbox_default/refresco-boka-sobre-x-2-litros-durazno.jpg
Frutiño salpicón,3,Frutiño,10g,Bebidas en polvo,1200,https://static.merqueo.com/images/products/large/a073476e-40c9-4be3-8724-56cf27c27321.jpg
Frutiño maracuyá,8,Frutiño,10g,Bebidas en polvo,1200,https://ecommerce.surtifamiliar.com/backend/admin/backend/web/archivosDelCliente/items/images/Bebidas-y-Te-en-Polvo-Refrescos-en-Polvo-REFREFRUTINO-x2lt-MARACUYA-488820201112112803.jpg
Frutiño limonada,5,Frutiño,10g,Bebidas en polvo,1200,https://jumbocolombiaio.vtexassets.com/arquivos/ids/673375/7702354032340-1.jpg
Frutiño mezclas de Colombia,3,Frutiño,10g,Bebidas en polvo,1200,https://mercosto.com/52168-thickbox_default/fresco-frutino-mezcla-de-colombia-2lt.jpg
Frutiño mango,3,Frutiño,10g,Bebidas en polvo,1200,https://static.merqueo.com/images/products/large/7e0055e4-8ef3-42ca-aafa-3f5c3982d23c.png
Colombina waffer bridge,3,Colombina,30g,Galletas,2400,https://colombinacontentmanager-prd.s3.us-east-1.amazonaws.com/Galletas/7702011044921_A1N1_es.jpg
Comapan chocolita,3,Comapan,68g,Galletas,3800,https://eurosuper.vtexassets.com/arquivos/ids/161261/7702432076006.jpg
Galletas Italo guanabana,7,Italo,30 gr,Galletas,2200,https://tiendaitalo.com/wp-content/uploads/962-Wafer-paquet-Guanabana-117-grs.png
Galletas Italo coco,5,Italo,30 gr,Galletas,2200,https://exitocol.vtexassets.com/arquivos/ids/26645775/WAFER-PAQUETACO-117-COCO-ITALO-117-gr-530470_a.jpg
Galletas Italo vainilla,6,Italo,30 gr,Galletas,2200,https://colsubsidio.vteximg.com.br/arquivos/ids/183508-1200-1200/7702117009336.jpg
Galletas Italo limón,7,Italo,30 gr,Galletas,2200,https://s3.pagegear.co/409/productos/15230_800x800.jpg
Galletas Italo mora,4,Italo,30 gr,Galletas,2200,https://mercaldas.vtexassets.com/arquivos/ids/1313100/Galletas-wafer-ITALO-mora-x117-g_77971.jpg
Del cerro galleta danesa,9,Del Cerro,48g,Galletas,3200,https://megatiendas.vtexassets.com/arquivos/ids/174900/7709821870023.jpg
Del cerro galleta café premium cafetas,1,Del Cerro,48g,Galletas,3200,https://prodcdnmobisoft.oxxodomicilios.com/01HTG9J71RCP2G87AX20D6K3CH.jpg
Zucaritas,6,Kellogg's,25 gr,Cereales,2800,https://www.corbeta.com.co/media/catalog/product/cache/1/small_image/220x/9df78eab33525d08d6e5fb8d27136e95/z/u/zucaritas_paqueticos.jpg
Coco confitado Productos el Japonés,1,El Japonés,22g,Frutos secos,2800,https://juangranel.com/wp-content/uploads/2022/10/IMG_5095-scaled.jpg
San romo Uvas pasas,4,San Romo,40g,Frutos secos,3500,https://megatiendas.vtexassets.com/arquivos/ids/164129/LB0031098.jpg
Almendras Italo,2,Italo,27 gr,Frutos secos,4200,https://mercavil.com/41386-thickbox_default/almendra-francesa-italo-grageadas-con-azucar-x-27-gr.jpg
Aromáticas Samoa,9,Samoa,18g,Tés y aromáticas,2200,https://mercoapp.com/wp-content/uploads/2024/08/aromatica-samoa-toronjil-20-bolsas-1.jpg
Aromática tradicional colombiana Jaibel,9,Jaibel,15g,Tés y aromáticas,1800,https://congrupo.com.co/wp-content/uploads/2022/06/12589.jpg
Hindú Té negro premium Café y chocolate,3,Hindú,32g,Tés y aromáticas,3800,https://www.instanteempresas.shop/backend/admin/backend/web/archivosDelCliente/items/images/20240222115302-HINDU-EDICIONES-ESPECIALES-Te-Negro-Premium-Cafe-y-Chocolate-x20-1103202402221153022694.png
Jaibel Té verde flor de Jamaica,6,Jaibel,30g,Tés y aromáticas,3200,https://vaquitaexpress.com.co/media/catalog/product/cache/e89ece728e3939ca368b457071d3c0be/7/7/7702807483132_32.jpg
Hindú Té original,1,Hindú,19.2g,Tés y aromáticas,2400,https://locatelcolombia.vtexassets.com/arquivos/ids/240276/7702746010253_1_TE-HINDU-ORIGINAL-X-25SOBRES.jpg
Hindú aromáticas manzanilla,3,Hindú,18g,Tés y aromáticas,2200,https://megatiendas.vtexassets.com/arquivos/ids/161818/7702746036017.jpg
Hindú aromáticas apio,10,Hindú,18g,Tés y aromáticas,2200,https://vaquitaexpress.com.co/media/catalog/product/cache/e89ece728e3939ca368b457071d3c0be/7/7/7702746030237_33.jpg
Hindú aromáticas toronjil,5,Hindú,18g,Tés y aromáticas,2200,https://www.todoaseo.com/wp-content/uploads/2017/01/AROMATICAS-TORONJIL.jpg
Hindú aromáticas cidron,3,Hindú,18g,Tés y aromáticas,2200,https://www.todoaseo.com/wp-content/uploads/2017/01/AROMATICAS-CIDRON.jpg
Hindú aromáticas anis,4,Hindú,18g,Tés y aromáticas,2200,https://www.todoaseo.com/wp-content/uploads/2017/01/AROMATICAS-ANIS.jpg
Aguardiente nectar E.L.C,6,E.L.C,250ml,Licores,8500,https://puntacamaron.com.co/169/aguardiente-nectar.jpg
Aguardiente nectar E.L.C club sin azúcar,3,E.L.C,250ml,Licores,8500,https://megatiendas.vtexassets.com/arquivos/ids/169829/7702404005034.png
Aguardiente nectar E.L.C Azul sin azúcar,10,E.L.C,250ml,Licores,8500,https://piragua.com.co/wp-content/uploads/2019/11/aguardiente-nectar-azul-sin-azucar-375-piragua.jpg
Brownie mama-ia arequipe,2,Mama-ia,70g,Repostería,4800,https://exitocol.vtexassets.com/arquivos/ids/28557879/Brownie-Choc-Relleno-Arequipe-1243227_b.jpg
Huevos,7,Sin Marca,No especificado,Alimentos básicos,8000,https://www.infobae.com/new-resizer/5lqC6duW8bUvc_NX6zU9-iemxXs=/arc-anglerfish-arc2-prod-infobae/public/27HIZC22HVGVTIFRDKAKWIE7IY.jpg
Insta crema Crema no lacte original,7,Insta Crema,4g,Lácteos,800,https://media.surtiplaza.co/dimen/7702354131005.png
Comestibles la buena,4,La Buena,No especificado,No especificado,2500,https://www.labuena.com.co/wp-content/uploads/2022/11/nuevo-logo-la-buena.png
Chicharrones chicarons,10,Chicarons,45 gr,Snacks salados,3200,https://mercaldas.vtexassets.com/arquivos/ids/1331066/Chicharron-FRITO-LAY-natural-x100-g_36400.jpg
Chetos horneados picantes,6,Frito Lay,34 gr,Snacks salados,2800,https://www.droguerialaeconomia.com/economia/site/img/1x/823855.jpg
Chetos normales,1,Frito Lay,34 gr,Snacks salados,2800,https://colsubsidio.vteximg.com.br/arquivos/ids/189956/7702189057877.jpg
Krumer chips kubitos pollo,8,Krumer,32g,Snacks salados,2400,https://krumerchips.com/wp-content/uploads/2023/09/kubitospollo.png
Las caseritas rosquitas,1,Las Caseritas,16g,Snacks salados,1800,https://d31f1ehqijlcua.cloudfront.net/n/d/0/7/b/d07bdf3c699e82eaf730c20edf0b5f1a49b6d785_Snacks_461457_04.jpg
Tostcos picantes,2,Super Ricas,38 gr,Snacks salados,2200,https://mecato.shop/cdn/shop/products/Tostaco_720x.jpg
Maizitos uy,9,Super Ricas,40 gr / 36 gr,Snacks salados,2400,https://images.rappi.com/products/2c6851ec-f8bf-43b7-af0b-3ff1f062d83b.png
Maizitos natural,1,Super Ricas,45 gr,Snacks salados,2600,https://unidrogas.vtexassets.com/arquivos/ids/378979/7702914599436.jpg
Maizitos limón,4,Super Ricas,45 gramos,Snacks salados,2600,https://pasteurio.vtexassets.com/arquivos/ids/173008/Hogar-Snacks_Ramo_Pasteur_1094041_bolsa_01.jpg
Margarita limón,1,Margarita,36g,Snacks salados,2200,https://licoresmedellin.com/cdn/shop/files/PAPAS_MARGARITA_LIMON_PEQUENA_36GR.jpg
Margarita BBQ,5,Margarita,36g,Snacks salados,2200,https://images.rappi.com/products/1713574998103_1713574990205_1713574987154.png
Margarita onduladas flamin hot,2,Margarita,35g,Snacks salados,2200,https://jumbocolombiaio.vtexassets.com/arquivos/ids/772474/7702189058621-1.jpg.jpg
Super ricas limón,5,Super Ricas,30g,Snacks salados,1800,https://distribuidoranikoll.com/wp-content/uploads/2023/04/IMG_20230425_133528_956.jpg
Super ricas original,4,Super Ricas,30g,Snacks salados,1800,https://distribuidoranikoll.com/wp-content/uploads/2023/04/IMG_20230425_132119_895.jpg
Super ricas picante,4,Super Ricas,30g,Snacks salados,1800,https://distribuidoranikoll.com/wp-content/uploads/2023/04/Snack-y-Dulces-Distribuidora-Nikoll-46.jpg
De todito BBQ,2,Frito Lay,50g,Snacks salados,3200,https://mistiendas.com.co/25307-large_default/detodito-bbq-50-gr.jpg
De todito mix,8,Frito Lay,50g,Snacks salados,3200,https://images.rappi.com/products/81346034-66ca-40cf-99aa-e38ba0b2e3dc.png
De todito natural,1,Frito Lay,50g,Snacks salados,3200,https://licoresmedellin.com/cdn/shop/files/DETODITO_NATURAL_PEQUENO_50GR.jpg
De todito limón más intenso,8,Frito Lay,50g,Snacks salados,3200,https://mistiendas.com.co/25308-large_default/detodito-limon-58-gr.jpg
Cheetos boliqueso,10,Frito Lay,34g,Snacks salados,2800,https://olimpica.vtexassets.com/arquivos/ids/1161218/7702189057860_1.jpg
Todo rico original,2,Todo Rico,45g,Snacks salados,2800,https://exitocol.vtexassets.com/arquivos/ids/21788469/Todo-Rico-El-Original-Super-R-SUPER-RICAS-45-gr-246470_a.jpg
Todo rico criollo,4,Todo Rico,45g,Snacks salados,2800,https://static.merqueo.com/images/products/large/ea217d9c-2b58-4543-ac45-b1f6703d0c2e.png
Todo rico picada,4,Todo Rico,45g,Snacks salados,2800,https://olimpica.vtexassets.com/arquivos/ids/904592/7702152110462.jpg
Super ricas chidos chile dulce,1,Super Ricas,38g,Snacks salados,2200,https://static.merqueo.com/images/products/large/a2dfb72f-da01-4b3c-818f-5740308e7a63.jpg
Super ricas chicharrón BBQ,2,Super Ricas,10g,Snacks salados,1200,https://images.rappi.com/products/2092096734-1615947460527.png
Super ricas chicharrón natural,5,Super Ricas,10g,Snacks salados,1200,https://en1ya.com/wp-content/uploads/2023/06/CHICHARRON-SUPER-RICAS-NATURAL-X50g.jpg
Yupi tosti empanadas carne,4,Yupi,40g,Snacks salados,2400,https://static.merqueo.com/images/products/large/536c824a-2312-4b78-9ef2-d70fcc61c445.jpg
Yupi tosti arepa,4,Yupi,40g,Snacks salados,2400,https://yupi.com.co/wp-content/uploads/2024/05/tosti-arepa.png
Yupi anillos de cebolla,5,Yupi,21g,Snacks salados,1800,https://eurosuper.vtexassets.com/arquivos/ids/157233/7703133081795.jpg
Pidamos plátano verde limon mandarina,3,Pidamos,38 gr,Snacks salados,2400,https://www.mercaboy.com/10381-large_default/platano-verde-pisaos-limon-mandarino-ramo-x135g.jpg
Krumer chips platanitos maduros,9,Krumer,38g,Snacks salados,2400,https://krumerchips.com/wp-content/uploads/2023/09/platanitosduclesrender.png
Krumer chips platanitos verdes,7,Krumer,38g,Snacks salados,2400,https://carulla.vtexassets.com/arquivos/ids/19882100/Platano-Verde-NATUCHIPS-38-gr-3022782_a.jpg
Krumer chips tocinetas,10,Krumer,25g,Snacks salados,2000,https://krumerchips.com/wp-content/uploads/2024/04/tocinetas.png
Krumer chips deli todo BBQ,5,Krumer,45g,Snacks salados,2800,https://krumerchips.com/wp-content/uploads/2024/02/deli-todo-bbq-opc-2.png
Krumer chips deli todo jalapeño,2,Krumer,45g,Snacks salados,2800,https://krumerchips.com/wp-content/uploads/2024/02/deli-todo-jalapeno.png
Krumer chips chicharrón BBQ,2,Krumer,30g,Snacks salados,2200,https://krumerchips.com/wp-content/uploads/2023/09/chicharronbbq.png
Krumer chips chicharrón natural,9,Krumer,30g,Snacks salados,2200,https://krumerchips.com/wp-content/uploads/2023/09/chicharronnatural.png
Carne seca bacano,10,Bacano,27 gr,Snacks salados,4500,https://images.rappi.com/products/538902367132_btjybjsxmopq_637523115293_gkkukipfceyw_15324_1.jpeg
Achira mishke,9,Mishke,35 gr,Snacks salados,2800,https://megatiendas.vtexassets.com/arquivos/ids/172102/7709399344841.jpg
Tostacos de queso,2,Super Ricas,38 gr,Snacks salados,2200,https://exitocol.vtexassets.com/arquivos/ids/27520755/Tostacos-Queso-697410_a.jpg
Colombina snow mint krash,3,Colombina,30.6g,Dulces,2400,https://colombinacontentmanager-prd.s3.us-east-1.amazonaws.com/Dulces/7702011147387_A1N1_es.jpg
Colombina waffer bridge fresa,3,Colombina,30g,Galletas,2400,https://colombinacontentmanager-prd.s3.us-east-1.amazonaws.com/Galletas/7702011044914_A1N1_es.jpg
Colombia waffles bridge chocolate,4,Colombina,30g,Galletas,2400,https://colombinacontentmanager-prd.s3.us-east-1.amazonaws.com/Galletas/7702011076298_A1N1_es.jpg
Nucita waffer con avellana,2,Nucita,21g,Galletas,2200,https://colombinacontentmanager-prd.s3.us-east-1.amazonaws.com/Galletas/7702011045096_A1N1_es.jpg
Misilac,5,Misilac,42g,Dulces,3800,https://www.dispropancaribe.com/cdn/shop/products/113501.png
Karla bocadillo de guayaba,8,Karla,36 unidades 1800 g,Dulces,2200,https://i.ytimg.com/vi/FzgUbxKwMxU/maxresdefault.jpg
Galletin las américas bocadillo,3,Las Américas,39g,Galletas,1500,https://dulcerianathaly.com/img_products/R0v2058Herpo%20america.jpg
Misilac galletas dulce de leche,7,Misilac,39g,Galletas,3200,https://www.nisilac.com/wp-content/uploads/2019/07/vaso-galleta-relleno-con-dulce-de-leche.jpg
Productos guayatá bocadillo de guayaba,5,Guayatá,200g,Dulces,4500,https://freskofood57.com/wp-content/uploads/2024/01/Producto-guavata-bocadillo-de-guayaba-400g.jpeg
Marqueta dulce de bocadillo,7,Marqueta,2g,Dulces,1200,https://multidulces.com.co/wp-content/uploads/2024/01/PhotoRoom-20240119_093817.png
Galletas oreo,7,Oreo,108 gr / 54 gr / 36 gr,Galletas,4800,https://static.merqueo.com/images/products/large/35ab2252-36a3-4a7e-b1fe-0492e963d736.png
Galletas Ritz,6,Ritz,108 gr,Galletas,4200,https://walmartni.vtexassets.com/arquivos/ids/617978/28203_01.jpg
Galletas Ritz queso,1,Ritz,30 gr,Galletas,2800,https://colsubsidio.vteximg.com.br/arquivos/ids/198377-1200-1200/7622201389895.jpg
Galletas Ritz normales,5,Ritz,30 gr,Galletas,2800,https://ecommerce.surtifamiliar.com/backend/admin/backend/web/archivosDelCliente/items/images/20240717151827-Galleteria-Galletas-Saborizadas-Galleta-Ritz-x525g-Slug-Mantequilla-38025202407171518277084.jpg
Oreo Coca-Cola,10,Oreo,54 gr,Galletas,4500,https://images.rappi.com/products/1731614607752_1731614605165_1731614605100.jpg
Galletas club social,1,Club Social,24 gr,Galletas,2400,https://vaquitaexpress.com.co/media/catalog/product/cache/e89ece728e3939ca368b457071d3c0be/7/6/7622201717568.jpg
Club social integral,9,Club Social,24 gr,Galletas,2600,https://vaquitaexpress.com.co/media/catalog/product/cache/e89ece728e3939ca368b457071d3c0be/7/6/7622201720056.jpg
Alfajor chocolate blanco,1,Alfajor,40 gr,Dulces,3200,https://acdn-us.mitiendanube.com/stores/798/865/products/30280726-cf7f52c692dfef1f7416849989445389-1024-1024.jpg
Alfajor chocolate,1,Alfajor,85 gr,Dulces,4800,https://www.gourmet.cl/wp-content/uploads/2016/09/Alfajores-Ajustada-Web-570x458.jpg
Chocoramo chocolate,10,Chocoramo,60 gr,Dulces,2800,https://comercialpapelera.com.co/tienda/15805-medium_default/ramo-chocoramo-65-gr.jpg
Gala natural,4,Gala,60 gr,Dulces,2400,https://copservir.vtexassets.com/arquivos/ids/1564544/PONQUE-GALA-NATURAL_F.png
Gala vainilla,2,Gala,60 gr,Dulces,2400,https://olimpica.vtexassets.com/arquivos/ids/948359/7702914597982.jpg
Gansito,7,Bimbo,37 gr,Dulces,2200,https://en1ya.com/wp-content/uploads/2022/01/GANSITO-RAMO-37g-X1-UNIDAD.png
Chocorqmo brownie,10,Chocoramo,65 gr,Dulces,3200,https://olimpica.vtexassets.com/arquivos/ids/946530/7702914160308.jpg
Chocorqmo barra frutos rojos,4,Chocoramo,40 gr,Dulces,2800,https://vaquitaexpress.com.co/media/catalog/product/cache/e89ece728e3939ca368b457071d3c0be/7/7/7702914114400.jpg
Ponque ramo,5,Ramo,280 gr,Dulces,8500,https://olimpica.vtexassets.com/arquivos/ids/864330/7702914594462.jpg
Piaza Chocolate,3,Piaza,"11,7 gr",Dulces,800,https://colombinacontentmanager-prd.s3.us-east-1.amazonaws.com/Galletas/7702011272812_A1R1_es.jpg
Mini Browne,9,Bimbo,20 gr,Dulces,1800,https://exitocol.vteximg.com.br/arquivos/ids/9154358/Minix-Mini-Brownies-Bolsa-X-15-Und-493974_a.jpg
Mini gansito,4,Bimbo,20 gr,Dulces,1800,https://mercosto.com/52966-large_default/gansito-mini-12und-20g.jpg
Misilac Pamelitas de leche,8,Misilac,600g,Dulces,12000,https://www.nisilac.com/wp-content/uploads/2019/07/panelita-con-leche-bolsa40.jpg
Galletas festival chocolate,5,Festival,50 gr,Galletas,3200,https://festival.com.co/wp-content/uploads/2020/11/08-03-Productos-x4-x6-675x213-Festival-v1-Chocolate.png
Galletas festival fresa,9,Festival,50 gr,Galletas,3200,https://festival.com.co/wp-content/uploads/2020/11/08-03-Productos-x4-x6-675x213-Festival-v1-Fresa.png
Galletas festival vainilla,10,Festival,50 gr,Galletas,3200,https://festival.com.co/wp-content/uploads/2020/11/08-03-Productos-x4-x6-675x213-Festival-v1-Vainilla.png
Galletas festival limon,8,Festival,50 gr,Galletas,3200,https://festival.com.co/wp-content/uploads/2020/11/08-03-Productos-x4-x6-675x213-Festival-v1-Limo%CC%81n-1.png
Colombina muuu leche,10,Colombina,12g,Dulces,1200,https://farmawebonline.com/wp-content/uploads/2024/01/D_849131-MCO43139606489_082020-F-1-1200x675.jpg
Nestle cocosette,1,Nestlé,46g,Dulces,3800,https://vaquitaexpress.com.co/media/catalog/product/cache/e89ece728e3939ca368b457071d3c0be/7/7/7702024283973_1.jpg
Trululu mutantes Splash,9,Trululu,100 gr,Gomitas,5200,https://vaquitaexpress.com.co/media/catalog/product/cache/e89ece728e3939ca368b457071d3c0be/7/7/7702993054123.jpg
Trululu feroz Mini,2,Trululu,70 gr,Gomitas,4800,https://static.merqueo.com/images/products/large/e4bb0246-810a-42b8-b487-04ef5a2c5067.png
Trululu aros mini,10,Trululu,12 gr,Gomitas,1500,https://images.rappi.com/products/1696107173565_1696107170830_1696107395653.jpg
Trululu mix ácidas,2,Trululu,100 gr,Gomitas,5200,https://mercaldas.vtexassets.com/arquivos/ids/1324908/Gomas-TRULULU-mix-acida-x100-g_130012.jpg
Gomitas gryzzly,2,Gryzzly,4.5 gr,Gomitas,1200,https://exitocol.vteximg.com.br/arquivos/ids/26675339/Gomas-Clasica-GRISSLY-400-gr-3125814_a.jpg
Gomitas bon bom bum,2,Colombina,45 gr,Gomitas,3800,https://carulla.vtexassets.com/arquivos/ids/20547452/GOMITAS-BBB-24BS145g-BON-BON-BUM-45-gr-3506931_a.jpg
Trolli oink Splash,9,Trolli,40 gr,Gomitas,3200,https://en1ya.com/wp-content/uploads/2023/06/GOMITAS-TROLLI-OINK-X40g.jpg
Trolli Rin Rin pana sapo,3,Trolli,65 gr,Gomitas,4200,https://olimpica.vtexassets.com/arquivos/ids/1587589/7702174085663_RinRinRanaSapo.jpg
Chocomelos fresa,9,Colombina,32 gr,Dulces,2800,https://colombinacontentmanager-prd.s3.us-east-1.amazonaws.com/Chocolate/7702011163707_A1N1_es.jpg
Aguardiente nectar Colombiano,7,Néctar,375ml,Licores,24000,https://d2j6dbq0eux0bg.cloudfront.net/images/79441280/3371937399.jpg
Aguardiente nectar Rojo,8,Néctar,375ml,Licores,24000,https://carulla.vtexassets.com/arquivos/ids/19583872/AGUARDIENTE-ROJO-SAZUCA-330744_a.jpg
Aguardiente nectar Verde club sin azúcar,1,Néctar,375ml,Licores,26000,https://megatiendas.vtexassets.com/arquivos/ids/169829/7702404005034.png
Aguardiente antioqueño Rojo,1,Antioqueño,375ml,Licores,24000,https://exitocol.vteximg.com.br/arquivos/ids/27136278/Aguardiente-Antioqueno-X-375ml-32161_a.jpg
Aguardiente antioqueño Verde 24° Sin azúcar,10,Antioqueño,375ml,Licores,26000,https://mercaldas.vtexassets.com/arquivos/ids/1318148/Aguardiente-ANTIOQUENO-24-sin-azucar-x375-ml_129038.jpg
Chivas 12 Regal,8,Chivas,700ml,Whisky,180000,https://exitocol.vtexassets.com/arquivos/ids/26655852/Whisky-12-Anos-1336418_a.jpg
Ron viejo de caldas tradicional,10,Viejo de Caldas,375ml / 750ml,Ron,45000,https://exitocol.vtexassets.com/arquivos/ids/26655701/Ron-Viejo-De-Caldas-Botella-X-750ml-721457_a.jpg
Ron viejo de caldas añejo,4,Viejo de Caldas,375ml,Ron,28000,https://licoresinmemorial.com/wp-content/uploads/2023/04/ron-viejo-de-caldas-tradicional-1.png
Passport selection spirit drink,2,Passport,200ml,Licores,18000,https://www.passportspirits.com/wp-content/uploads/2020/10/Passport-Selection-_Group.png
Leyenda chile Carmenère,3,Leyenda,187.5ml,Vino,8500,https://licorescasamoreno.com/wp-content/uploads/2023/07/Vino_Leyenda_Cabernet_187ml-1.png
Baileys the original Trish cream,4,Baileys,375ml,Licor cremoso,85000,https://exitocol.vtexassets.com/arquivos/ids/28218395/Baileys-Original-X-700-ml-1251232_a.jpg
Ron medellín añejo 3 años,10,Ron Medellín,750ml,Ron,65000,https://exitocol.vtexassets.com/arquivos/ids/26655509/Ron-Medellin-Anejo-X750ml-32201_a.jpg
Calm MacGregor blended Scotch Whisky,7,MacGregor,35cl,Whisky,42000,https://www.winedeals.com/media/catalog/product/cache/f8d2cb12a17084a7445beefcce31e97a/c/l/clan_macgregor_nv_175.jpg
Ballantine's finest blended Scotch Whisky,5,Ballantine's,200ml,Whisky,28000,https://drinkcentral.co/wp-content/uploads/2023/02/WH037-Hhisky-Ballantines-200ml.png
Something special blended Scotch Whisky,6,Something Special,20cl,Whisky,35000,https://exitocol.vtexassets.com/arquivos/ids/26655655/Whisky-Something-Special-X-750-ml-492085_a.jpg
Moscato passito vino bodega añeja,5,Bodega Añeja,1500ml,Vino,38000,https://vinosbodegasanejas.com/wp-content/uploads/2020/11/vino-moscato-passito-garrafa-1500.png
Smirnoff de lulo,9,Smirnoff,375ml,Vodka,32000,https://licoresmedellin.com/cdn/shop/files/VODKA_SMIRNOFF_X1_LULO_MEDIA_375ML.jpg
Leyenda chile Sauvignon blac,10,Leyenda,187.5ml,Vino,8500,https://jumbocolombiaio.vtexassets.com/arquivos/ids/218976/7804449008695.jpg
Leyenda chile Merlot,6,Leyenda,187.5ml,Vino,8500,https://lalico.com.co/cdn/shop/files/IMAGENES_NUEVAS_-_2024-07-20T114222.931.png
Copa something special,8,Something Special,No especificado,Accesorios,15000,"https://static.wixstatic.com/media/d5f7c0_17b9030e3edf493ab2c7ab0822a3caca~mv2.jpg/v1/fit/w_500,h_500,q_90/file.jpg"
Licor de ron viejo de caldas,9,Viejo de Caldas,750ml,Ron,65000,https://exitocol.vtexassets.com/arquivos/ids/26655701/Ron-Viejo-De-Caldas-Botella-X-750ml-721457_a.jpg
Cheers Crema de ron viejo de caldas,10,Cheers,700ml,Licor cremoso,58000,https://carulla.vtexassets.com/arquivos/ids/17477382/Crema-de-Ron-Viejo-de-Caldas-CHEERS-700-ml-3035450_a.jpg
Euro pen money tester,2,Euro pen,No especificado,Accesorios,25000,https://moblihouse.com/wp-content/uploads/2024/09/esfero-euro-pen-probador-de-billetes-falsos-3-09f7e24e-98ea-4d50-b13f-47f8b05eb221.jpg
Galletas chokis chocolate clásica,3,Chokis,37 gr,Galletas,2800,https://carulla.vtexassets.com/arquivos/ids/19565062/Galleta-Dulce-Clasica-CHOKIS-37-Gramo-3013742_a.jpg
Galletas glasitas fresa,8,Glasitas,32 gramos,Galletas,2600,https://en1ya.com/wp-content/uploads/2023/01/GALLETAS-GLACITAS-FRESA-X32g.jpg
Galletas glasitas limon,1,Glasitas,32 gr,Galletas,2600,https://en1ya.com/wp-content/uploads/2023/03/GALLETAS-GLACITAS-LIMON-32g-PAQUETE-X6-UNIDADES.jpg
Galletas glasitas chocolate,3,Glasitas,33 gr,Galletas,2600,https://en1ya.com/wp-content/uploads/2023/01/GALLETAS-GLACITAS-CHOCOLATE-X32g.jpg
Colombina wafer Capri,5,Colombina,12g,Galletas,1200,https://colombinacontentmanager-prd.s3.us-east-1.amazonaws.com/Galletas/7702011200914_A1N1_es.jpg
Colombina crakeñas club,3,Colombina,24g,Galletas,2200,https://colombinacontentmanager-prd.s3.us-east-1.amazonaws.com/Galletas/7702011205803_A1N1_es.jpg
Galletas brinky vainilla,4,Brinnky,50 gr,Galletas,3200,https://mundodulces17.com/wp-content/uploads/2023/09/BRINKYVAINILLA10PAQUETES-1.jpg
Ducales Noel,4,Noel,27g,Galletas,2400,https://licoresquindio.com/wp-content/uploads/2020/05/galleta-galleta-tradicional-27g-licores-Quindio.jpg
Galletas brinky limón,5,Brinnky,50 gr,Galletas,3200,https://elarca.store/wp-content/uploads/GALELTAS-BRINKY-LIMON-X-10.png
Galletas brinky chocolate,7,Brinnky,50 gr,Galletas,3200,https://mundodulces17.com/wp-content/uploads/2022/03/brinky-2.jpg
Noel dux integral,7,Noel,"27,8g",Galletas,2600,https://megatiendas.vtexassets.com/arquivos/ids/170673/7702025185368.jpg
Tosh miel,6,Tosh,50 gr,Galletas,3500,https://locatelcolombia.vtexassets.com/arquivos/ids/334457/7702025148448_1_Galletas-Tosh-Miel-X-243g.jpg
Colombina crakeñas saltin,3,Colombina,25g,Galletas,2200,https://www.tiendanaturalis.com/wp-content/uploads/2024/04/20230106114151-GALLETERIA-Y-CONFITERIA-GALLETAS-SALADAS-CRAKEnAS-SALTIN-INDIVIDUAL-6-6515202301061141512955.jpg
Festival minichips,8,Festival,35g,Galletas,2800,https://prodcdnmobisoft.oxxodomicilios.com/01HDRZFDG97TW6RWZSGDS8WTJS.png
Milo galletas waffer,7,Milo,33 gr,Galletas,2800,https://locatelcolombia.vtexassets.com/arquivos/ids/392510/7702024181729_1_Galleta%20Wafer%20Milo%20X%2033g.png
Wafer jet vainilla,7,Jet,22g,Galletas,1800,https://megatiendas.vtexassets.com/arquivos/ids/174008/7702007224023.jpg
Wafer jet fresa,9,Jet,22g,Galletas,1800,https://supermercadocomunal.com/verbenal/4102-large_default/galletas-wafer-jet-surtida.jpg
Wafer jet chocolate,7,Jet,22g,Galletas,1800,https://supermercadocomunal.com/verbenal/4101-large_default/chocolatina-jet-wafer-chocolate-22-gr.jpg
Wafer jet limón,9,Jet,22g,Galletas,1800,https://chocolatesjet.com/wp-content/uploads/2021/01/04-22-ImgWAFERLimon22gInternaDummiesNuevaLey-Jet.png
Milo anillos,10,Milo,32.5g / 48.7g,Galletas,2800,https://images.rappi.com/products/1708539162459_1708539160975_1708539162034.png
Milo galletas,9,Milo,48 gr,Galletas,3500,https://sumafrut.com.co/wp-content/uploads/2021/05/P1620225.jpg
Triunfo tesoro chocolate,10,Triunfo,50 unidades 100g,Chocolates,8500,https://www.casaluker.com/wp-content/uploads/2024/04/MONEDAS-X-50.png
Colombina choco break,8,Colombina,5g,Chocolates,800,https://dulceria.co/wp-content/uploads/2019/08/choco-break-frutal-1.jpg
Milo nuggets chocolate,3,Milo,20 gr,Chocolates,1800,https://exitocol.vtexassets.com/arquivos/ids/28287736/Milo-Nuggets-1und-578801_e.jpg
Dulces festival colores,10,Festival,20 gr,Dulces,1800,https://mundodulces17.com/wp-content/uploads/2019/10/D_NQ_NP_826809-MCO44908616801_022021-O.jpg
Oka Loka,1,Oka Loka,20 gr,Dulces,1800,https://mercaldas.vtexassets.com/arquivos/ids/1327718/Caramelo-OKA-LOKA-nanos-azul-x40-g_129706.jpg
Pikis huevos no me olvides,7,Pikis,60g,Dulces,4200,https://tiendaitalo.com/wp-content/uploads/1596-Huevos-no-me-olvides-x1.png
Chocolate gol,10,Gol,28 gr,Chocolates,2200,https://olimpica.vtexassets.com/arquivos/ids/1785264/7702007080599.jpg
Ramo lecheritas,6,Ramo,19g,Dulces,1500,https://multidulces.com.co/wp-content/uploads/2024/01/Lecheritas-Ramo-x-8-Unid.jpg
Italo huevo de chocolate,2,Italo,No especificado,Chocolates,3500,https://pbs.twimg.com/media/FSquAvJX0AEaCWR.jpg
Huevo kinder joy,5,Kinder,20g,Chocolates,4800,https://www.kinder.com/co/sites/kinder_co/files/2021-10/chocolates-egg-kinder.png
Gol Melo,7,Gol,20 unidades 90g,Dulces,6500,https://cnutresa.vtexassets.com/arquivos/ids/162317/Chocolatina-Gol-Melo.jpg
Mini jumbo,3,Jumbo,18 gr,Chocolates,1800,https://mistiendas.com.co/25450-large_default/jumbo-mini-x-17-gr.jpg
Milkyway,7,Mars,82 gr,Chocolates,5200,https://vixark.b-cdn.net/lp-i-i-g/mini-galletas-con-caramelo-recubiertas-con-chocolate-milky-way-81-5g.jpg
Jumbo,4,Jumbo,35 gr,Chocolates,2800,https://exitocol.vtexassets.com/arquivos/ids/26649872/Glina-Chocolate-Mani-JUMBO-35-gr-3483434_a.jpg
Jet burbujas,7,Jet,12 unidades 168g,Chocolates,8500,https://www.happyworld.com.co/wp-content/uploads/2022/11/burbujas-jet.jpg
Colombina mega ball,1,Colombina,12 unidades 168g,Dulces,8500,https://supermercadocomunal.com/33597-large_default/choco-break-colombina-mega-ball12-uni.jpg
Chocolate jet blanco,7,Jet,24 gr,Chocolates,2800,https://chocolatesjet.com/wp-content/uploads/2021/01/04-04-FotosProductosCCDummiesNuevaLey-Jet-v2.png
Choco stop arequipe,9,Choco Stop,12 unidades 120g,Chocolates,9500,https://mundodulces17.com/wp-content/uploads/2025/02/ef9a6df7-599b-4960-ba5f-6b765c31a42a.jpg
Burbujet cookies AND crema,1,Jet,25 gr,Chocolates,3200,https://locatelcolombia.vtexassets.com/arquivos/ids/367396/7702007061154_1_Chocolatina-Burbujet-Cookies-And-Cream-X-50g.jpg
Triunfo almendra francesa,8,Triunfo,50g,Chocolates,4500,https://mundodulces17.com/wp-content/uploads/2024/10/almendra-francesa-x-50-g.jpg
Chocolatina jet 35g,4,Jet,35 gr,Chocolates,3500,https://clouderp.abakoerp.com:9569/sitioimagenes/Articulos/2023072642147147.jpg
Chocolatina jet 45g,10,Jet,45 gr,Chocolates,4200,https://exitocol.vtexassets.com/arquivos/ids/26649189/Chocolatina-Leche-JET-45-gr-3395948_b.jpg
Chocolatina fresa jet,3,Jet,22 gr,Chocolates,3000,https://exitocol.vtexassets.com/arquivos/ids/26649273/Chocolatina-Fresas-Con-Crema-JET-29-gr-3409552_a.jpg
Ron viejo de caldas caja,1,Viejo de Caldas,1000ml,Ron,35000,https://exitocol.vtexassets.com/arquivos/ids/26655516/Ron-Viejo-Caldas-Tetra-X-1000-ml-134004_a.jpg
Ron santafe añejo,4,Santafé,750ml,Ron,28000,https://exitocol.vtexassets.com/arquivos/ids/26666285/RON-ANEJO-BOTELLA-740880_a.jpg
Ron santafe añejo 4 años,9,Santafé,250ml / 1l,Ron,15000,https://exitocol.vtexassets.com/arquivos/ids/26666496/RON-ANEJO-TETRAPACK-LIT-258649_a.jpg
Vino compuesto sansón,7,Sansón,750ml,Vino,18000,https://olimpica.vtexassets.com/arquivos/ids/1247165/1.jpg
Cuatro cumbres chile vino tinto 11.5 G.L.,7,Cuatro Cumbres,No especificado,Vino,25000,https://vaquitaexpress.com.co/media/catalog/product/cache/e89ece728e3939ca368b457071d3c0be/7/8/7804300124960_34.jpg
Copa de aguardiente nectar calidad el dorado,6,Néctar,No especificado,Accesorios,8500,https://revistadc.com/wp-content/uploads/2023/03/Aguardiente-Nectar-Dorado.jpeg
Casanova burbujeante vino de manzana,8,Casanova,750ml,Vino,16000,"https://static.wixstatic.com/media/5abdcd_2bcef72469e94a05a874c454760ad7fb~mv2.jpg/v1/fill/w_560,h_560,al_c,q_80,usm_0.66_1.00_0.01,enc_avif,quality_auto/5abdcd_2bcef72469e94a05a874c454760ad7fb~mv2.jpg"
Baileys original,9,Baileys,700ml,Licor cremoso,95000,https://exitocol.vtexassets.com/arquivos/ids/28218395/Baileys-Original-X-700-ml-1251232_a.jpg
Undurraga Sauvignon blac,1,Undurraga,750ml,Vino,32000,https://exitocol.vteximg.com.br/arquivos/ids/26657645/Vino-Blanco-Undurraga-Sauvignon-X-750ml-24499_a.jpg
Koskenkorva durazno,9,Koskenkorva,75CL,Vodka,85000,https://cdn.caskers.com/catalog/product/cache/ce56bc73870585a38310c58e499d2fd4/k/o/koskenkorva-vodka-_750ml_-1_1.jpg
Koskenkorva manzana,9,Koskenkorva,75CL,Vodka,85000,https://premiumdrinks.es/wp-content/uploads/IMG10968.jpg
Gran brindis vino de manzana,8,Gran Brindis,750ml,Vino,14000,"https://static.wixstatic.com/media/5abdcd_2bcef72469e94a05a874c454760ad7fb~mv2.jpg/v1/fill/w_560,h_560,al_c,q_80,usm_0.66_1.00_0.01,enc_avif,quality_auto/5abdcd_2bcef72469e94a05a874c454760ad7fb~mv2.jpg"
Plaza Castilla vino blanco,3,Plaza Castilla,750ml,Vino,18000,https://m.media-amazon.com/images/I/619eYuRLddL.jpg
Casanova vino manzana,3,Casanova,750ml,Vino,14000,https://vinosbodegasanejas.com/wp-content/uploads/2020/11/vino_manzana_botella.png
Passport Scotch blended Scotch Whisky,2,Passport,700ml,Whisky,45000,https://olimpica.vtexassets.com/arquivos/ids/1271761/5000299210048.jpg
Trapiche reserva Merlot,2,Trapiche,750ml,Vino,28000,https://dislicoresqa.vtexassets.com/arquivos/ids/329864/120144-VINOTTO-TRAPICHE-MERLOT-RESERVA-750ML.png
Castle house crema,5,Castle House,750ml,Licor cremoso,22000,https://mercadoslpineda.co/6472-large_default/crema-de-whisky-castle-house-x-750-ml.jpg
Blackjack aperitivo crema sabo a whisky,5,Blackjack,750ml,Licor cremoso,18000,https://licoresinmemorial.com/wp-content/uploads/2024/02/Crema-de-Whisky-Black-Jack.png
Canan vino rosado espumoso,4,Canan,750ml,Vino,15000,https://images.rappi.com/products/679973808311_fwnbyyydtnae_269029444208_hrgsmesmkqvw_2136575_1.jpeg
Cachaça Brazil 51,6,Brazil 51,700ml,Cachaça,25000,https://cdn11.bigcommerce.com/s-oyi93ews/images/stencil/1000x1000/products/18570/14506/2024-03-12_13.09.51__04382.1710349842.png
Especial cooler vino blanco,3,Especial,750ml,Vino,12000,https://eurosuper.vtexassets.com/arquivos/ids/166774/7703518503836.jpg
Tres esquinas licor,9,Tres Esquinas,750ml,Licores,22000,https://images.rappi.com/products/101966575544_wbfwfxyhvbtx_804470364735_ficzhelbnjmi_1821223_1.jpeg
Canan vino tinto Moscatel,8,Canan,750ml,Vino,15000,https://carulla.vteximg.com.br/arquivos/ids/17475325/VINO-TINTO-MOSCATEL-CANAN-750-Mililitro-1566216_a.jpg
Domecq Brandy Pedro domecq,10,Domecq,750ml,Brandy,35000,https://licoresmedellin.com/cdn/shop/files/BRANDY_DOMECQ_BOTELLA_750ML.jpg
Nectar aguardiente club verde,6,Néctar,750ml,Aguardiente,18000,https://olimpica.vtexassets.com/arquivos/ids/1164422/7702404005041.png
Cariñoso rose,7,Cariñoso,750ml,Vino,16000,https://carulla.vtexassets.com/arquivos/ids/17472284/Aperitivo-Vino-Rosado-Cari-Oso-Botella-X-750-ml-82286_a.jpg
Aguardiente antioqueño,1,Antioqueño,750ml,Aguardiente,22000,https://kyva.co/wp-content/uploads/2022/11/AGUARDIENTE-ANTIOQUENO-AZUL_750ML_PNG_800x1000PX_Transparente.png
Aguardiente real 1493,10,Real,375ml,Aguardiente,12000,https://bodegamiamiga.b-cdn.net/wp-content/uploads/2023/04/VNT62843_AGUARDIENTE_ANTIOQUENO_REAL_1493_750ML-e1704478688376.jpg
Aguardiente cristal sin azúcar,10,Cristal,750ml,Aguardiente,20000,https://mercaldas.vtexassets.com/arquivos/ids/1309977/Aguardiente-CRISTAL-ligth-x750-ml_50867.jpg
Benditas de caucho bandescol,10,Bandescol,No especificado,Accesorios,4500,https://images.rappi.com/products/1643232825338_1643232819767.jpg
Tampico,1,Tampico,330ml,Refresco,2500,https://alival.com.co/express/wp-content/uploads/2020/05/TAMPICO-330ML-.jpg
Postobón Aqua Frutos Verdes,2,Postobón,200ml,Refresco,1800,https://tomatelavida.com.co/wp-content/uploads/2020/05/Acqua-frutos-verdes-300-1000-200x667.png
Postobón Aqua Manzana,6,Postobón,200ml,Refresco,1800,https://tomatelavida.com.co/wp-content/uploads/2022/11/Acqua-Manzana-2022-G.png
Postobón Manzana,1,Postobón,500ml,Refresco,3500,https://mandalomarket.com/wp-content/uploads/2024/10/Diseno-sin-titulo-87.jpg
H2oh Lima Limón,5,H2oh,250ml,Refresco,2200,https://mistiendas.com.co/25439-large_default/h2oh-lima-limon-250ml.jpg
Hit Frutos Tropicales,1,Hit,200ml,Refresco,1800,https://exitocol.vteximg.com.br/arquivos/ids/27520220/Hit-Fruta-Tropical-Tetra-200-ml-701135_a.jpg
Hit Durazno,1,Hit,200ml,Refresco,1800,https://unidrogas.vtexassets.com/arquivos/ids/430997/7702090027792.jpg
Fresky Tropical,5,Fresky,200ml,Refresco,1800,https://tienda.disicoga.com/63-large_default/bebida-fresky-tropical-200-ml-tetra.jpg
Fresky Mango,4,Fresky,200ml,Refresco,1800,https://tienda.disicoga.com/60-large_default/bebida-freskids-mango-200ml-tetra.jpg
Fresky Mora,4,Fresky,200ml,Refresco,1800,https://tienda.disicoga.com/61-home_default/bebida-fresky-mora-200-ml-tetra.jpg
Colombiana,1,Postobón,1.5L,Refresco,6500,https://olimpica.vtexassets.com/arquivos/ids/1432027/7702090029505.jpg
7up Lima Limón,3,7up,1L,Refresco,5200,https://mistiendas.com.co/22643-large_default/gaseosa-7up-lima-limon-x1l.jpg
Pepsi Black,2,Pepsi,1L,Refresco,5200,https://olimpica.vtexassets.com/arquivos/ids/1441173/7702090044027.jpg
Postobón Limonada,3,Postobón,1L,Refresco,5200,https://olimpica.vtexassets.com/arquivos/ids/1441478/7702090029536.jpg
Canadá Dry,3,Canadá Dry,1.5L,Refresco,6500,https://olimpica.vtexassets.com/arquivos/ids/1431524/7702090029581.jpg
Postobón Uva,3,Postobón,2.5L,Refresco,8500,https://mercadoslpineda.co/7614-thickbox_default/gaseosa-postobon-25-l-uva.jpg
Cifrut Mora Punch,4,Cifrut,1.7L,Refresco,7200,https://eurosuper.vtexassets.com/arquivos/ids/185953/7709997015198.png
Cifrut Fruit Punch,2,Cifrut,1.7L,Refresco,7200,https://eurosuper.vtexassets.com/arquivos/ids/185699/7709997767226.png
Cifrut Citrus Punch,1,Cifrut,1.7L,Refresco,7200,https://eurosuper.vtexassets.com/arquivos/ids/185696/7709997100573.png
Big Cola,5,Big,1.75L,Refresco,7500,https://assets.tuzonamarket.com/images/producto/hxkmVZZeR9.jpg
Quatro,2,Quatro,1.5L,Refresco,6500,https://olimpica.vtexassets.com/arquivos/ids/1482726/7702535011706.jpg
Sprite,2,Sprite,1.5L,Refresco,6500,https://olimpica.vtexassets.com/arquivos/ids/1643015/7702535011713_1.jpg
7up,2,7up,400ml,Refresco,2800,https://oneiconn.vtexassets.com/arquivos/ids/196900/100014426_1.jpg
TropiKola Tropical,6,TropiKola,400ml,Refresco,2800,https://dev.smk.agency/postobon/wp-content/uploads/2023/06/tropikolaTROPICAL400ml-1.png
TropiKola Manzana,3,TropiKola,400ml,Refresco,2800,https://infonutricional.tomatelavida.com.co/wp-content/uploads/2023/06/tropikola-Manzana-400-1.png
Big Naranja,5,Big,400ml,Refresco,2800,https://assets.tuzonamarket.com/images/producto/l3Wuzosm_i.jpg
Kumbia Fresh Mango,7,Kumbia,500ml,Refresco,3500,https://images.rappi.com/products/105221774371_tyidbjzuaqvq_334343217414_ognabafilgomsc_7709997783912_1.jpg
California Nectar Pera,1,California,300ml,Refresco,2500,https://megatiendas.vtexassets.com/arquivos/ids/171017/7702617487382.jpg
California Nectar Durazno,2,California,300ml,Refresco,2500,https://jumbocolombiaio.vtexassets.com/arquivos/ids/194001/7702617487375-1.jpg
California Nectar Manzana,2,California,300ml,Refresco,2500,https://megatiendas.vtexassets.com/arquivos/ids/171019/7702617487368.jpg
Big Uva,3,Big,400ml,Refresco,2800,https://sumerlabs.com/prod/catalogue/7a6fc53a68fc735ce5aca7a500a915caee969d1e/image1j987rrodkelwqmtdle.png
Big Piña,2,Big,400ml,Refresco,2800,https://assets.tuzonamarket.com/images/producto/F7BGn9bpZw.jpg
Big Kola,8,Big,400ml,Refresco,2800,https://mercadoslpineda.co/6040-thickbox_default/gaseosa-big-cola-x-400-ml-manzana.jpg
Kola Roman,4,Kola Roman,400ml,Refresco,2800,https://ortopedicosfuturoco.vtexassets.com/arquivos/ids/160111/KOLA-ROMAN-400ML-82000016-1.jpg
Big Manzana,2,Big,400ml,Refresco,2800,https://prodcdnmobisoft.oxxodomicilios.com/01HNDXPQK7KAGCTCB3J65FVAQ8.jpg
Hit Vidrio Lulo,4,Hit,250ml,Refresco,2200,https://tomatelavida.com.co/wp-content/uploads/2022/12/Hit-Lulo-2022-G.png
Hit Vidrio Frutos Tropicales,2,Hit,250ml,Refresco,2200,https://infonutricional.tomatelavida.com.co/wp-content/uploads/2023/06/postobon_informacion_nutriconalHIT-250ml-FRUTOS-TROPICALES-RETORNABLE.png
Hit Vidrio Mora,2,Hit,250ml,Refresco,2200,https://tomatelavida.com.co/wp-content/uploads/2022/12/Hit-Mora-2022-G.png
Pony Malta Go,1,Pony Malta,1L,Refresco,5500,https://olimpica.vtexassets.com/arquivos/ids/1787039/7702004025753.jpg.jpg
Pony Malta,1,Pony Malta,1.5L,Refresco,7200,https://olimpica.vtexassets.com/arquivos/ids/1474164/7702004013514.png
Cola y Pola,1,Cola y Pola,1.5L,Refresco,7200,https://olimpica.vtexassets.com/arquivos/ids/1026629/7702004016652.jpg
Mr Tea Durazno Botella Vidrio,6,Mr Tea,250ml,Refresco,2200,https://infonutricional.tomatelavida.com.co/wp-content/uploads/2023/06/mr-tea-250ml-durazno.png
Speed Max Lata,8,Speed Max,310ml,Bebidas Energéticas,4500,https://exitocol.vtexassets.com/arquivos/ids/26871142/Bebida-Energetica-SPEED-MAX-Lata-310-ml-3629178_a.jpg
Speed Max Pulpa de Chontaduro,6,Speed Max,250ml,Bebidas Energéticas,3800,https://vaquitaexpress.com.co/media/catalog/product/cache/e89ece728e3939ca368b457071d3c0be/7/7/7702090097245.jpg
Vive100 Original,5,Vive100,380ml,Bebidas Energéticas,4200,https://licoresmedellin.com/cdn/shop/files/BEBIDA_ENERGIZANTE_VIVE100_380ML_wb.jpg
Vive100,5,Vive100,240ml,Bebidas Energéticas,3500,https://olimpica.vtexassets.com/arquivos/ids/628951/7702354934361.jpg
Electrolit Maracuyá,2,Electrolit,625ml,Bebidas Energéticas,8500,https://olimpica.vtexassets.com/arquivos/ids/895187/7501125184864.jpg
Gatorade Blue Ice,5,Gatorade,500ml,Bebidas Energéticas,4800,https://olimpica.vtexassets.com/arquivos/ids/1834185/7702192736455.jpg
Gatorade Mandarina,5,Gatorade,500ml,Bebidas Energéticas,4800,https://olimpica.vtexassets.com/arquivos/ids/1432351/7702192218050.jpg
Gatorade Frutos Tropicales,5,Gatorade,500ml,Bebidas Energéticas,4800,https://exitocol.vteximg.com.br/arquivos/ids/26658639/Gatorade-Frutas-Tropicales-500-ml-525890_a.jpg
Gatorade Maracuyá,5,Gatorade,500ml,Bebidas Energéticas,4800,https://olimpica.vtexassets.com/arquivos/ids/1432354/7702192224051.jpg
Cristal Aloe,2,Cristal,330ml,Agua,2500,https://olimpica.vtexassets.com/arquivos/ids/1432303/7702090060553.jpg
Saviloe,3,Saviloe,320ml,Agua,2500,https://olimpica.vtexassets.com/arquivos/ids/646223/7702354946135.jpg
Cristal con Gas,4,Cristal,600ml,Agua,3200,https://exitocol.vteximg.com.br/arquivos/ids/25709846/Agua-Cristal-Con-Gas-600-ml-222552_a.jpg
Agua sin Gas Glacial,5,Glacial,620ml,Agua,3200,https://dealmerk.com/wp-content/uploads/2023/11/AGUA-GLACIAL-ORIGINAL.png
Cielo Agua,5,Cielo,1L,Agua,4500,https://mistiendas.com.co/22627-large_default/agua-cielo-x1l.jpg
Cristal,4,Cristal,600ml,Agua,3200,https://exitocol.vteximg.com.br/arquivos/ids/26658915/Agua-Normal-600-ml-973621_a.jpg
Cola y Pola Lata,8,Cola y Pola,330cm³,Bebidas Alcohólicas,2800,https://olimpica.vtexassets.com/arquivos/ids/1050683/7702004016614.png
Redds Lata,7,Redds,269cm³,Bebidas Alcohólicas,3200,https://olimpica.vtexassets.com/arquivos/ids/1050697/7702004011190.jpg
Costeña Bacana Botella Vidrio,7,Costeña,330ml,Bebidas Alcohólicas,3500,https://www.bavaria.co/sites/g/files/seuoyk1666/files/2023-10/Costena_bacana_0.png
Cerveza Andina,3,Andina,269cm³,Bebidas Alcohólicas,3200,https://makro.com.co/imagesProducts/medias/118269_1_111.PNG
Cerveza Andina Dorada Botella Vidrio,14,Andina,300ml,Bebidas Alcohólicas,3800,https://dislicoresqa.vtexassets.com/arquivos/ids/256992/364008-Cerveza-Andina.png
Heineken,3,Heineken,269cm³,Bebidas Alcohólicas,5000,https://p.turbosquid.com/ts-thumb/wA/c8TiPC/l7/lata269_10/png/1616027978/600x600/fit_q87/6a0760f0b21d6c40a8eaace6427a4df621054902/lata269_10.jpg
Heineken Botella,9,Heineken,300ml,Bebidas Alcohólicas,5400,https://bevgo.com.co/wp-content/uploads/2021/03/764.jpg
Club Colombia 100% Malta,24,Club Colombia,330cm³,Bebidas Alcohólicas,3800,https://www.clubcolombia.com.co/sites/g/files/seuoyk481/files/2023-05/lata_dorada.png
Corona Extra,16,Corona,330ml,Bebidas Alcohólicas,5800,https://carulla.vtexassets.com/arquivos/ids/18475054/Cerveza-Corona-Botella-CORONA-330-ml-3494042_a.jpg
Budweis King of Beers,16,Budweis,220ml,Bebidas Alcohólicas,4700,https://alcocart.com/wp-content/uploads/2023/04/Untitled-design-5.png
Aguila,9,Aguila,330ml,Bebidas Alcohólicas,3200,https://olimpica.vtexassets.com/arquivos/ids/916454/7702004001917.jpg
Aguila Light,3,Aguila,330ml,Bebidas Alcohólicas,3200,https://licoresjunior.com/wp-content/uploads/2023/12/Cerveza-Aguila-Light-330-ML.jpg
Aguardiente Nectar,3,Nectar,500ml,Bebidas Alcohólicas,20000,https://exitocol.vteximg.com.br/arquivos/ids/26666946/AGUARDIENTE-NECTAR-CLUB-500-ML-1408633_a.jpg
Ron Caldas Cóctel,3,Ron Caldas,295ml,Bebidas Alcohólicas,13500,https://lacaretalicores.com/cdn/shop/files/1_0585f346-f1b7-4c3d-8c0e-11a076082630.jpg
Alquería Avena Pro Cubana,2,Alquería,180g,Lácteos y Avenas,2800,https://megatiendas.vtexassets.com/arquivos/ids/175791/7702177023730.jpg
Alpi10 Banano,6,Alpi10,150g,Lácteos y Avenas,2200,https://azstachubdigitalprd01.blob.core.windows.net/hubdigitalcontainer01/2025/imagenes/Optimizacion_alpi10_enero/receta-alpi10-new-6.png
Bilac Avena,8,Bilac,200ml,Lácteos y Avenas,1800,https://infonutricional.tomatelavida.com.co/wp-content/uploads/2024/02/bolsa-bilac-200-avena.png
Bilac Leche Achocolatada,14,Bilac,200ml,Lácteos y Avenas,2000,https://infonutricional.tomatelavida.com.co/wp-content/uploads/2024/02/bolsa-bilac-200-chocolate.png
Fruttsi Passion Mix,12,Fruttsi,250ml,Lácteos y Avenas,2500,https://glacial.com.co/wp-content/uploads/2024/06/fruttsi_passion_mix_250.png
Klim Nestlé,12,Nestlé,26g,Café y Cereales,1500,https://www.klim.com.co/sites/default/files/styles/product_stage_banner/public/2024-10/KLIM%20FortiCrece%2026g.png
Milo Nestlé,14,Nestlé,20g,Café y Cereales,1200,https://intertropico.com/wp-content/uploads/2023/04/COL50336-1.jpg
Ricavena Quaker,6,Quaker,60g,Café y Cereales,2000,https://supertiendatuiran.com/wp-content/uploads/erp/productos/21011761/ricavenaquakersobre60.jpg
Nescafé Dolca,3,Nescafé,7.8g,Café y Cereales,800,https://redonsella.com/wp-content/uploads/2024/06/71DbMtmYvfL.jpg
Nescafé Tradicional,7,Nescafé,25g,Café y Cereales,1800,https://vaquitaexpress.com.co/media/catalog/product/cache/e89ece728e3939ca368b457071d3c0be/7/7/7702024026372_41.jpg
Froot Loops,6,Kellogg's,25g,Café y Cereales,1500,https://www.corbeta.com.co/media/catalog/product/p/a/paketicos.png
BOM BOM Bum Zombie,1,Colombina,18g,Dulces y Caramelos,800,https://carulla.vteximg.com.br/arquivos/ids/19810026/Bon-Bon-Bum-Zombie-BON-BON-BUM-432-gr-3576377_a.jpg
BOM BOM Bum Wild Apple,1,Colombina,18g,Dulces y Caramelos,800,https://m.media-amazon.com/images/I/411WfDkcCJL.jpg
BOM BOM Bum Intense Cherry,1,Colombina,18g,Dulces y Caramelos,800,https://colombinacontentmanager-prd.s3.us-east-1.amazonaws.com/Dulces/7702011089090_A1N1_es.jpg
Pin Pop Gigante,1,Pin Pop,18g,Dulces y Caramelos,900,https://www.confipuma.com/app_data_archivos/confipuma.soomi.co/productos/producto_f04bb9cda220eb2bdda2cdcad7d9cffb420902a21727185209.png
Mordisquetas Poste de Maracuyá,1,Mordisquetas,18g,Dulces y Caramelos,800,https://dulceria.co/wp-content/uploads/2020/09/mordisqueta-maracuya.jpg
BOM BOM Bum Rojo Fresa,1,Colombina,18g,Dulces y Caramelos,800,https://www.bonbonbum.com/wp-content/uploads/2024/06/imagen-producto-FRESA_resize.png
BOM BOM Bum Lulo Flow,1,Colombina,18g,Dulces y Caramelos,800,https://ivo-mucura.s3.amazonaws.com/productos/2pMohOTPI8.jpg
BOM BOM Bum Sandía Sensations,1,Colombina,18g,Dulces y Caramelos,800,https://olimpica.vtexassets.com/arquivos/ids/1833794/7702011161505.jpg
Kick Crewy Lollipop,1,Colombina,18g,Dulces y Caramelos,800,https://licorescasamoreno.com/wp-content/uploads/2025/05/Bolsa-Chupeta-Masticable-Kick-por-12-Und.jpg
Max Coco,1,Colombina,14g,Dulces y Caramelos,700,https://exitocol.vtexassets.com/arquivos/ids/26660793/Galleta-Max-Coco-Wafer-COLOMBINA-460-gr-1862058_a.jpg
Barrilete Relleno de Chicle,1,Colombina,18g,Dulces y Caramelos,800,https://images.rappi.com/products/228891-1588294181397.png
Buzzy Hello Kitty 400,100,Buzzy,400g,Dulces y Caramelos,15000,https://riclan.com.br/wp-content/uploads/2017/07/hellokittySite_Zoom.png
Pin Pop,12,Pin Pop,180g,Dulces y Caramelos,8000,https://olimpica.vtexassets.com/arquivos/ids/1536480/7702174082013_pinp-pop-FRESA.jpg
Bubaloo Sabor a Mora,20,Bubaloo,5.1g,Dulces y Caramelos,300,https://villavoexpress.com/rails/active_storage/blobs/proxy/eyJfcmFpbHMiOnsiZGF0YSI6ODM1NDYsInB1ciI6ImJsb2JfaWQifX0=--667a5b8f10bd37af8f77d25814795719816411d8/bubbaloo-sabor-mora-por-70.png
Tumix Confiteca Mora,1,Confiteca,2.7g,Dulces y Caramelos,200,https://fundafarma.com/wp-content/uploads/2023/12/Tumix-Mora.png
Tumix Grande de Sabores,10,Tumix,200g,Dulces y Caramelos,6000,https://distribuidorabaviera.com/wp-content/uploads/2021/09/TUMIX-SURTIDO.jpg
Tumix Confiteca Canela,1,Confiteca,2.7g,Dulces y Caramelos,200,https://fundafarma.com/wp-content/uploads/2023/12/Tumix-Canela.png
Tumix Confiteca Limón,1,Confiteca,2.7g,Dulces y Caramelos,200,https://fundafarma.com/wp-content/uploads/2023/12/Tumix-Limon.png
Tumix Confiteca Menta,1,Confiteca,2.7g,Dulces y Caramelos,200,https://www.confipuma.com/app_data_archivos/confipuma.soomi.co/productos/producto_b3dec6b43d1323a063794b37d6e64acf7bf27bc41726576417.png
Tumix Confiteca Menta Extrema,1,Confiteca,2.7g,Dulces y Caramelos,200,https://cigarrerialarosa.com/wp-content/uploads/2022/09/11146.png
Yogueta Sabor Yogurt Fresa,1,Aldor,18g,Dulces y Caramelos,800,https://carulla.vteximg.com.br/arquivos/ids/20047256/Caramelo-Chupeta-Fresa-Yogurt-YOGUETA-324-gr-3201058_a.jpg
Yogueta Sabor Yogurt Mora,1,Aldor,18g,Dulces y Caramelos,800,https://dicoha.com.co/wp-content/uploads/2023/03/Yogueta-Frutales-Mora24-430x401.png
Yogueta Sabor Yogurt Piña,1,Aldor,18g,Dulces y Caramelos,800,https://www.sweetzonesa.co.za/wp-content/uploads/2021/08/yogueta-cocopine-xplosion-48s.jpg
Yogueta Sabor Yogurt Mandarina,1,Aldor,18g,Dulces y Caramelos,800,https://carulla.vteximg.com.br/arquivos/ids/19566981/Caramelo-Chupeta-Mandar-Yogurt-YOGUETA-324-gr-3396445_a.jpg
Mentas Freegells Negro Barra,11,Freegells,30g,Dulces y Caramelos,2000,https://instrai.com/media/galeria/FreeNegrooo_fpjhiDb.jpeg
Millows Masmelos,7,Colombina,5g,Dulces y Caramelos,400,https://dulceria.co/wp-content/uploads/2019/08/10-1.jpg
Nucita,3,Nucita,5g,Dulces y Caramelos,400,https://olimpica.vtexassets.com/arquivos/ids/1395247/7702011125811.jpg
Chocmelos,8,Millows,4.8g,Dulces y Caramelos,400,https://licorerapuntoazul.com/wp-content/uploads/2021/05/CHOCMELO.fw_.png
Nucita Crema con Avellanas,7,Nucita,14g,Dulces y Caramelos,1200,https://colombinacontentmanager-prd.s3.us-east-1.amazonaws.com/Chocolate/7702011021915_A1R1_es.jpg
FruGral Salsa BBQ,5,FruGrau,120g,Galletas y Snacks,3500,"https://sp-ao.shortpixel.ai/client/to_webp,q_glossy,ret_img/https://grupodiana.co/wp-content/uploads/2025/05/Salsa-BBQ-x-170g.png"
Olivetto Extra Virgen,1,Olivetto,250ml,Galletas y Snacks,12000,https://megatiendas.vtexassets.com/arquivos/ids/168821/7702109768296.png
FruGral Salsa Mayo,8,FruGrau,120g,Galletas y Snacks,3500,"https://sp-ao.shortpixel.ai/client/to_webp,q_glossy,ret_img/https://grupodiana.co/wp-content/uploads/2025/05/Salsa-Mayo-x-170g.png"
Muu Galletas de Mantequilla,12,Alpina,19.5g,Galletas y Snacks,1000,https://olimpica.vtexassets.com/arquivos/ids/1452517/7702011200259_A1N1_es.jpg
Grissly Gusanitos,14,Grissly,12g,Galletas y Snacks,500,https://balloonsbogota.com/cdn/shop/files/GomasGRISSLYgusanitosx288g.jpg
Muuuu Crema Sabor a Chocolate,10,Alpina,10g,Galletas y Snacks,800,https://coopasan.com.co/rails/active_storage/representations/proxy/eyJfcmFpbHMiOnsiZGF0YSI6MTYxNzIyMCwicHVyIjoiYmxvYl9pZCJ9fQ==--dea54f800cadd45f7f0d8df4b94170db477f102b/eyJfcmFpbHMiOnsiZGF0YSI6eyJmb3JtYXQiOiJwbmciLCJyZXNpemVfdG9fZml0IjpbODAwLDgwMF19LCJwdXIiOiJ2YXJpYXRpb24ifX0=--cef66509c9cdc75663c0eefd9421db1d2ea4fead/ME01037.png
Chiclets Hierbabuena,100,Chiclets,2.8g,Chicles,200,https://i.ebayimg.com/images/g/qg0AAOSw1tRcwUsa/s-l1600.jpg
Chiclets Amarillo,100,Chiclets,2.8g,Chicles,200,https://i.ebayimg.com/images/g/qg0AAOSw1tRcwUsa/s-l1600.jpg
Trident 4 Chicles Fresa,50,Trident,5g,Chicles,1000,https://www.confipuma.com/app_data_archivos/confipuma.soomi.co/productos/producto_3b9525e1a656acadd4e2496721e60f40064aba5c1712837176.png
Trident 4 Chicles Menta,50,Trident,5g,Chicles,1000,https://en1ya.com/wp-content/uploads/2022/10/CHICLES-TRIDENT-MENTA-X85g.jpg
Chicles Xtreme Sabor a Yerbabuena,1,Xtreme,3.2g,Chicles,500,https://d2j6dbq0eux0bg.cloudfront.net/images/79481513/3241373021.jpg
Chicles Xtreme Sabor Fresh,1,Xtreme,3.2g,Chicles,500,https://colombinacontentmanager-prd.s3.us-east-1.amazonaws.com/Dulces/7702011136060_A1N1_es.jpg
Chicles Xtreme Sabor a Canela,1,Xtreme,3.2g,Chicles,500,https://images.rappi.com/products/103110780457_lasiqaiqzxsv_666569557405_kuxhhuavxkib_3505391_1.png
Chicles Xtreme Sabor a Sandía,1,Xtreme,3.2g,Chicles,500,https://dulceria.co/wp-content/uploads/2021/03/chicles-sandia.jpg
Rothmas of London Azul Cigarrillos,10,Rothmas,Unidad,Cigarrillos,15000,https://licoresjunior.com/wp-content/uploads/2023/12/cigarros-08.jpg
Lucky Strike Negro,31,Lucky Strike,Unidad,Cigarrillos,16000,https://sancayetano.com.py/userfiles/images/productos/600/116031.JPG
Rothmans Azul Grande,3,Rothmans,Unidad,Cigarrillos,16000,https://mistiendas.com.co/22212-large_default/cigarrillos-rothmans-azul-x20und.jpg
Rothmans Azul Mediano,8,Rothmans,Unidad,Cigarrillos,8000,https://images.rappi.com/products/4444160a-4739-49be-ab86-2fb077fdf64f.jpg
Rothmans Blanco 10 Cigarros,10,Rothmans,Unidad,Cigarrillos,8000,https://exitocol.vtexassets.com/arquivos/ids/27207827/Cigarrillo-Blanco-ROTHMANS-10-und-1460167_a.jpg
Rothmans Negro,10,Rothmans,Unidad,Cigarrillos,8000,https://licorescasamoreno.com/wp-content/uploads/2023/07/Cigarrillo-Rothmans-Tropic-10.png
Rothmans Azul con Blanco Pequeño,2,Rothmans,Unidad,Cigarrillos,4000,https://prodcdnmobisoft.oxxodomicilios.com/01HNG0S8JYKNE9F57D4ZG53Y71.jpg
Cigarrillos Sueltos,15,Sin Marca,Unidad,Cigarrillos,800,https://st4.depositphotos.com/11508700/41933/i/1600/depositphotos_419335320-stock-photo-top-view-image-several-loose.jpg
Fósforos Refuegos,20,Refuegos,Unidad,Encendedores y Fósforos,500,https://mercalan.com.co/wp-content/uploads/2023/04/Diseno-sin-titulo-33-4.png
Fósforos El Rey,100,El Rey,Unidad,Encendedores y Fósforos,500,https://detalshop.com/cdn/shop/products/020010.jpg
Fósforos Grandes El Rey,4,El Rey,Unidad,Encendedores y Fósforos,1200,https://mistiendas.com.co/14437-large_default/fosforos-el-rey-x20und.jpg
Bricket Tokai,22,Tokai,Unidad,Encendedores y Fósforos,2500,https://paraisodistribuciones.com/wp-content/uploads/2023/03/encendedor-tokay-x25.png
Bricket Bic,7,Bic,Unidad,Encendedores y Fósforos,4000,https://copservir.vtexassets.com/arquivos/ids/1566250/ENCENDEDOR-BIC-MINI_F.png
Bricket El Sol,10,El Sol,Unidad,Encendedores y Fósforos,2000,https://d2j6dbq0eux0bg.cloudfront.net/images/79456011/3278598402.jpg
Bricket Bic Mini,20,Bic,Unidad,Encendedores y Fósforos,3000,https://tecnonissi.com/wp-content/uploads/2025/03/FR000360-600x600.jpg
Caja de Marcadores Borrables,2,Sin Marca,4 unidades,Utiles,8000,https://comercialpapelera.com.co/tienda/12722-medium_default/marcador-borrable-caja-x12-und-azul.jpg
Caja de Bolígrafo Semi Gel Offi-Esco Inkreible,7,Offi-Esco,12 unidades,Utiles,12000,https://irreal.vtexassets.com/arquivos/ids/210015/7409781178244-1.jpg
Caja de Bolígrafo BIC (color rojo),1,BIC,12 unidades,Utiles,15000,https://labodegaeconomica.com/cdn/shop/products/Esfero-BIC-Dura-Caja-x12-Color-Rojo-1_jpg_97134995-4540-489f-967a-7832bd821402.jpg
Caja Bolígrafos Inkjoy Paper,3,Paper,N/A,Utiles,18000,https://clubbookstore.com/wp-content/uploads/2020/10/Caja-Esferos-Paper-Mate-negro.jpg
Resaltadores A-ink,7,A-ink,N/A,Utiles,5000,https://estradayasociadosglobalservices.com/wp-content/uploads/2022/06/SPD-1CH-2.png
Caja de Rotuladores de Colores Alpino,1,Alpino,6 unidades,Utiles,12000,https://www.alpino.eu/images/alpino/productos/AR001003/AR001003N_01.jpg
Paquete de Marcadores Sharpie (marca Scott),1,Scott,3 unidades,Utiles,8000,https://newellbrands.imgix.net/a899d3ea-f50e-3aa4-991b-f50c38e3f5eb/a899d3ea-f50e-3aa4-991b-f50c38e3f5eb.jpg
Paquete de Marcadores Sharpie (marca Harpue),3,Harpue,3 unidades,Utiles,8000,https://newellbrands.imgix.net/a899d3ea-f50e-3aa4-991b-f50c38e3f5eb/a899d3ea-f50e-3aa4-991b-f50c38e3f5eb.jpg
Caja de Lápices Mirado,1,Mirado,12 unidades,Utiles,8000,https://exitocol.vtexassets.com/arquivos/ids/16172138/caja-de-lapiz-mirado-paper-mate-pague-9-y-lleve-12-lapices.jpg
Caja de Lápices Mirado Pague 9 Lleve 12,7,Mirado,12 unidades,Utiles,7000,https://exitocol.vteximg.com.br/arquivos/ids/26525201/Lapiz-Oferta-Pague-9-Lleve-12-626036_a.jpg
Lápices,11,Sin Marca,N/A,Utiles,800,https://panamericana.vtexassets.com/arquivos/ids/400973/juego-de-lapices-de-dibujo-stabilo-x-12-uds--1-8595147806223.jpg?v=637637881019400000
Caja de Lápices Kores,1,Kores,12 unidades,Utiles,10000,https://comercialpapelera.com.co/tienda/11752-large_default/caja-metalica-de-lapiz-graduado-kores-x12-und.jpg
Caja Lápiz Grafito Jumbo Rojo (grande) + Sacapuntas Plástico,3,Sin Marca,12 unidades,Utiles,9000,https://elchiquitindelospreciosbajos.com/wp-content/uploads/2021/12/Lapiz-de-Grafito-Kores-Jumbo-Cod.-9023800925305-min-1.jpg
Lápiz Rojo Kores Grande,8,Kores,N/A,Utiles,1000,https://acdn-us.mitiendanube.com/stores/399/204/products/lapiz-kores-rojo1-e4f71f5b2adeb2bc8015270887469879-640-0.jpeg
Caja de Lápices Rojos Mirado,2,Mirado,12 unidades,Utiles,8000,https://www.haga.com.co/wp-content/uploads/2022/02/LAPIZ-MIRADO-ROJO-CAJA-X-12.jpg
Caja de Lápices Rojos Chequeo Offi-Esco,1,Offi-Esco,12 unidades,Utiles,7500,https://elchiquitindelospreciosbajos.com/wp-content/uploads/2021/12/Lapiz-Rojo-Chequeo-OE-149-Cod.-7709163798719-min-1.jpg
Lápiz Rojo Paper,1,Paper,N/A,Utiles,800,https://cdnx.jumpseller.com/la-cali/image/11154530/930.png
Caja de Lápices de Color Bic,2,Bic,14 Unidades,Utiles,15000,https://puntoscolombia.vtexassets.com/arquivos/ids/21765202/image-8ff040714b7d499d9042aaafadb99efd.jpg
Caja de Lápices de Color Andaluz,4,Andaluz,12 unidades,Utiles,12000,https://cdnx.jumpseller.com/la-cali/image/11154530/930.png
Cuadernos,14,Sin Marca,N/A,Papelería,3000,https://cdnx.jumpseller.com/zoom-creativo/image/28375640/cuadernos_600px.jpg_2.jpg
Bloc de Hojas Cuadriculadas,1,Sin Marca,N/A,Papelería,5000,https://elchiquitindelospreciosbajos.com/wp-content/uploads/2021/12/Block-Carta-Cuadriculado-Jean-Book-Cod.-7702111559325-min-1.jpg
Hojas Milimétrica,1,Sin Marca,N/A,Papelería,6000,https://www.papeleriamarin.com/956-large_default/block-milimetrado.jpg
Fomi,1,Sin Marca,N/A,Papelería,1500,https://jonan.com.co/cdn/shop/products/1119.jpg
Caja Ganchos Legajador Tritón,3,Tritón,20 unidades,Papelería,8500,https://www.papeleriaelmayorista.com/wp-content/uploads/gancho-legajador-triton.jpg
Paquete Gancho Legajador Tritón,3,Tritón,20 unidades,Papelería,7200,https://www.papyser.com/catalogo/9042556.jpg
Paquete Gancho Legajador Keepermate,3,Keepermate,20 unidades,Papelería,7500,https://celestepapeleriayregalos.com/wp-content/uploads/2022/08/GANCHO-LEGAJADOR-X-20-.jpg
"Paquete de 2 Lápices, 1 Tajalapiz Plástico y 1 Borrador de Nata Pequeño",1,Sin Marca,N/A,Papelería,4500,https://comercialpapelera.com.co/tienda/3344-large_default/kit-faber-castell-lapiz-jumbo-blister-x-2und.jpg
Binder Clips,7,Sin Marca,/A,Papelería,3200,https://jonan.com.co/cdn/shop/files/30725.jpg
Bajalenguas de Madera,1,Sin Marca,20 unidades,Papelería,2800,https://copservir.vtexassets.com/arquivos/ids/1446411/BAJALENGUAS-MADERA-ALFA-SAFE_F.png
Palillos El Sol Punta Redonda,360,El Sol,N/A,Papelería,3500,https://www.todoaseo.com/wp-content/uploads/2017/01/PALILLO-REDONDO-X-180-UDS-REF-00673.jpg
Palillos El Sol,1,El Sol,N/A,Papelería,2200,https://ecommerce.surtifamiliar.com/backend/admin/backend/web/archivosDelCliente/items/images/Productos-Desechables-Palos-De-Madera-PALILLOS-EL-SOL-x180und-705220201112162302.jpg
Bisturí Grande Riel Metálico Offi-Esco,3,Offi-Esco,N/A,Útiles de Oficina,12500,https://cdnx.jumpseller.com/la-cali/image/44238734/Bistur__Offi-Esco_Encauchetado.png
Corrector Offi-Esco Cinta,1,Offi-Esco,N/A,Útiles de Oficina,4800,https://offiesco.com/wp-content/uploads/oe-265-1.jpg
Corrector de Cinta Offi-Esco 12M,1,Offi-Esco,N/A,Útiles de Oficina,6200,https://elchiquitindelospreciosbajos.com/wp-content/uploads/2021/12/Corrector-de-Cinta-Profesional-Offi-Esco-12m-Ref.-OE-264-Azul-min-2.jpg
Corrector de Cinta Offi-Esco 20M,1,Offi-Esco,N/A,Útiles de Oficina,8500,https://offiesco.com/wp-content/uploads/oe-265-1.jpg
Hojas de Bisturí 18mm,10,Sin Marca,10 piezas,Útiles de Oficina,5500,https://clientebhp7b0eo.com.co/backend/admin/backend/web/archivosDelCliente/items/images/2-HERRAMIENTAS-DE-CORTE-MANUAL-BISTURIES-Y-CUCHILLAS-PARA-BISTURI-CUCHILLA-PBISTURI-3PZS-18mm-STANLEY-545320221125160402.jpg
Hojas de Bisturí Pequeñas,1,Sin Marca,10 piezas,Útiles de Oficina,3800,https://cimexcolombiasas.com/wp-content/uploads/2020/10/HOJA-DE-BISTURI.jpg
Bisturí de Lujo Pequeño Offi-Esco,3,Offi-Esco,N/A,Útiles de Oficina,9800,https://elchiquitindelospreciosbajos.com/wp-content/uploads/2021/12/Bisturi-de-Lujo-Pequeno-Offi-Esco-OE-110-Azul-Oscuro-Ref.-7709948859925-min-1.jpg
Borradores de Nata Pequeño Egar Mata,24,Egar Mata,N/A,Útiles de Oficina,15200,https://promayorista.com/cdn/shop/files/2616_4d2e7224-ce66-4e48-8c49-9595259680d6.jpg
Borradores de Nata Grande Egar Mata,24,Egar Mata,N/A,Útiles de Oficina,18500,https://www.papyser.com/catalogo/9614364.jpg
Tijeras Travel Scissors Stainless Steel,1,Sin Marca,N/A,Útiles de Oficina,8500,https://m.media-amazon.com/images/I/51eEbxppw+L.jpg
Tijeras Mundial,2,Mundial,N/A,Útiles de Oficina,16800,https://krika.vtexassets.com/arquivos/ids/155979/002002.jpg
"Tijeras ""Scissors""",1,Sin Marca,N/A,Útiles de Oficina,3500,"https://static.wixstatic.com/media/f5a409_8189ac3b3f6242239a140a2b3f46a609~mv2.jpg/v1/fit/w_500,h_500,q_90/file.jpg"
Tijeras Windmill,1,Windmill,N/A,Útiles de Oficina,4200,https://luminososfluorescentes.com/1802-medium_default/tijeras-fluorescentes.jpg
Caja de Bandas de Caucho Bandescol,1,Bandescol,N/A,Útiles de Oficina,8200,https://images.rappi.com/products/1646661767052_1646661764012.jpg
Cinta Transparente Delgada Mediana Colbon,11,Colbon,N/A,Útiles de Oficina,18500,https://www.papyser.com/catalogo/1924012.jpg
Cinta Transparente Pequeña Colbon,10,Colbon,N/A,Útiles de Oficina,14200,https://www.papyser.com/catalogo/1924012.jpg
Pegastick Pequeño Colbon,3,Colbon,8g,Pegamentos,7800,https://olimpica.vtexassets.com/arquivos/ids/730306/Pegante-Colbon-Stick-Barra-X8G.jpg
Pegastick Pequeño Offi-Esco,2,Offi-Esco,10g,Pegamentos,5200,https://www.suescun.com.co/wp-content/uploads/2021/06/15316.jpg
Colbon Pegante Universal,3,Colbon,20g,Pegamentos,9500,https://exitocol.vteximg.com.br/arquivos/ids/27110116/Colbon-Universal-4070_a.jpg
Pegastick Colbon,2,Colbon,21g,Pegamentos,6800,https://olimpica.vtexassets.com/arquivos/ids/730306/Pegante-Colbon-Stick-Barra-X8G.jpg
Pegante en Barra Offi-Esco,1,Offi-Esco,40g,Pegamentos,4500,https://cdnx.jumpseller.com/la-cali/image/10885770/Pegante_en_barra_Offiesco_21_gr.png
Silicona Liquida Offi-Esco,3,Offi-Esco,100ml,Pegamentos,12800,"https://static.wixstatic.com/media/45ce85_5d421d60d67849f485e40ab0107bb412~mv2.jpg/v1/fit/w_500,h_500,q_90/file.jpg"
Pegante Universal Colbon,3,Colbon,115g,Pegamentos,15200,https://comercialpapelera.com.co/tienda/1486-large_default/colbon-225gr.jpg
Ultraglue Offi-Esco,15,Offi-Esco,2g,Pegamentos,28500,https://www.papeleriaelmayorista.com/wp-content/uploads/pegante-instantaneo-ultraglue-x12-offiesco.jpg
Astroglue Syperpega,18,Astroglue,8g,Pegamentos,32400,https://infinita.com.co/wp-content/uploads/2022/02/727AS.jpg
Plastilina Mi Trensito de Colores,12,Mi Trensito,500g,Manualidades,48000,https://acdn-us.mitiendanube.com/stores/399/204/products/plastinilina-mi-trensito-larga1-8c06b690b28d3319b315711532045835-640-0.png
Papel Higiénico Familia Expert,17,Familia,26 metros,Papel Higiénico,68000,https://carulla.vtexassets.com/arquivos/ids/21195666/Papel-Higienico-Expert-FAMILIA-300-mts-3153915_a.jpg
Scott 2 en 1 Papel Higiénico,4,Scott,29.7 metros,Papel Higiénico,18500,https://olimpica.vtexassets.com/arquivos/ids/1388599/7702425730151.jpg
Papel Higiénico Rosal Roja,17,Rosal,26 metros,Papel Higiénico,51000,https://olimpica.vtexassets.com/arquivos/ids/1531815/7702120013061.jpg
Papel Higiénico Elite Duo Amarillo,11,Elite,31 metros,Papel Higiénico,44000,https://en1ya.com/wp-content/uploads/2022/12/PAPEL-HIGIENICO-ELITE-DUO-AMARILLO-EL-ROLLOTE-X1-UNIDAD-1.jpg
Papel Higiénico Elite Duo Rojo,18,Elite,31 metros,Papel Higiénico,72000,https://en1ya.com/wp-content/uploads/2021/09/PAPEL-HIGIENICO-ELITE-DUO-ROLLAZO-X-UNID..png
Papel Higiénico Elite Duo Azul,3,Elite,31 metros,Papel Higiénico,12000,https://en1ya.com/wp-content/uploads/2023/06/PAPEL-HIGIENICO-ELITE-DUO-AZUL-X1-UNIDAD.jpg
Papel Higiénico Familia Más Suave (Morado),11,Familia,23 metros,Papel Higiénico,44000,https://supermercadolaestacion.com/31823-large_default/papel-higenico-gfamilia-x4-rollos-expert.jpg
Papel Higiénico Familia Extra Contenido (Amarillo),6,Familia,24 metros,Papel Higiénico,24000,https://merkadea.co/web/upload/imagen/producto/producto_588_231461303_1550955168.png
Papel Higiénico Green,8,Green,25 metros,Papel Higiénico,32000,https://exitocol.vtexassets.com/arquivos/ids/26766952/Papel-Higienico-Green-4-Rollos-FAMILIA-148-mts-3197293_a.jpg
Papel Higiénico Rosal Azul,14,Rosal,26 metros,Papel Higiénico,42000,https://paveca.com/wp-content/uploads/2023/01/RosalPlus420.jpg
Scott Suramax Toalla,10,Scott,N/A,Toallas,32000,https://olimpica.vtexassets.com/arquivos/ids/1154783/7702425993730_1.jpg
Scott Megaabsorb Toalla,2,Scott,N/A,Toallas,8500,https://olimpica.vtexassets.com/arquivos/ids/822504/7702425810815.jpg
Nova Clásica Toalla,2,Nova,N/A,Toallas,6800,https://mercalan.com.co/wp-content/uploads/2023/03/Diseno-sin-titulo-16.png
Cepillos/escobillas rojas,1,Sin Marca,N/A,Productos de aseo,2500,https://tripleclean.com.co/wp-content/uploads/2024/12/LRES10_3.jpg
Estropajos metálicos,10,Sin Marca,N/A,Productos de aseo,8500,https://shopyclean.com/771-thickbox_default/estropajo-metalico-40-grs-pack-12-unidad.jpg
Esponjas verdes,6,Sin Marca,N/A,Productos de aseo,4200,https://berpaadmin.com.co/backend/admin/backend/web/archivosDelCliente/items/images/4904-ASEO-HOGAR-ESPONJAS-Y-PANOS-ESPONJA-VERDE-ABRASIVA-X-3-490420230810180102.jpg
Cepillos varios (plásticos),10,Sin Marca,N/A,Productos de aseo,12000,"https://m.media-amazon.com/images/I/61mIqbojTxS._AC_UF1000,1000_QL80_.jpg"
Trapeadores/mopas,2,Sin Marca,N/A,Productos de aseo,18000,https://dojiw2m9tvv09.cloudfront.net/53108/product/mopa-industrial-tiras-microfibra-pla4038.jpg
Papel Higiénico Familia,1,Familia,N/A,Papel Higiénico,4200,https://habibdroguerias.vtexassets.com/arquivos/ids/170053/200042793.jpg
Toallas Higiénicas Winny,6,Winny,26 metros,Papel Higiénico,15000,https://vaquitaexpress.com.co/media/catalog/product/cache/e89ece728e3939ca368b457071d3c0be/7/7/7701021145949_32.jpg
Toallas Cocina/Paños Scott,3,Scott,N/A,Papel Higiénico,9500,https://www.mgk.com.co/mgk-web/wp-content/uploads/2019/02/TOALLA-DE-COCINA-QQQ.jpg
Servilletas Suavel,6,Suavel,N/A,Productos de aseo,12000,"https://res.cloudinary.com/riqra/image/upload/w_656,h_656,c_limit,q_auto,f_auto/v1661192315/sellers/10/lqyaztymlz4lgrpxvvet.jpg"
Servilletas Familia,2,Bimbo,N/A,Productos de aseo,5500,https://olimpica.vtexassets.com/arquivos/ids/1762311/7702026200855_1.jpg
Leche entera alqueria,2,Alqueria,1.3 l,Panaderia,9800,https://olimpica.vtexassets.com/arquivos/ids/1120739/7702177022733.jpg
Leche deslactosada alqueria,2,Alqueria,1.3 l,Panaderia,11200,https://exitocol.vtexassets.com/arquivos/ids/24648901/Leche-Deslactosada-En-Bolsa-X-1300-ml-65827_a.jpg
Leche descremada alqueria,2,Alqueria,"1,1 l",Panaderia,10500,https://exitocol.vtexassets.com/arquivos/ids/24648895/Leche-Descremada-En-Bolsa-X-11-Litros-64453_a.jpg