Producto,Cantidad,Marca,Tamaño,Categoría,Precio,Imagen
Vino blanco de Misa 750 ml,93,Grajales,750 ml,Bebidas alcoholicas,16000,https://casagrajales.com.co/wp-content/uploads/2020/11/VINO-BLANCO-DE-MISA-375-VINO-DE-MISA-CASA-GRAJALES.jpg
Copa Vino blanco de Misa 125 ml,93,Grajales,125 ml,Bebidas alcoholicas,3.000,https://casagrajales.com.co/wp-content/uploads/2020/11/VINO-BLANCO-DE-MISA-375-VINO-DE-MISA-CASA-GRAJALES.jpg
Buchanan's special reserve 750 ml,1,Buchanan's,750 ml,Bebidas alcoholicas,350000,https://bevgo.com.co/wp-content/uploads/2020/12/658-1.jpg
Grand Old parr 750 ml,1,Old Parr,750 ml,Bebidas alcoholicas,95000,https://licoresjunior.com/wp-content/uploads/2023/12/Mesa-de-trabajo-1-copia-16-2.jpg 
Ron Maestro Gabo 750 ml,2,Ron Maestro	,750 ml,Bebidas alcoholicas,140000,https://ronmedellinanejo.com/wp-content/uploads/2016/11/BOTELLA-GABO-retocada.png
Lata Águila Original 330cm ,20,Águila        ,330cm(cubicos),Bebidas alcoholicas,3000,https://ronmedellinanejo.com/wp-content/uploads/2016/11/BOTELLA-GABO-retocada.png
Six Pack Águila Original 330 cm,1,Águila        ,"6 latas, 330 cm(cubicos)",Bebidas alcoholicas,21.000,https://piragua.com.co/wp-content/uploads/2019/11/aguila-original-sixpack.jpg
Lata Costeña Bacana 330cm ,20,Costeña	,330cm(cubicos),Bebidas alcoholicas,3.000,https://piragua.com.co/wp-content/uploads/2019/11/aguila-original-sixpack.jpg
Six Pack Costeña Bacana  330 cm,1,Costeña	,"6 latas, 330 cm(cubicos)",Bebidas alcoholicas,18.000,https://vaquitaexpress.com.co/media/catalog/product/cache/e89ece728e3939ca368b457071d3c0be/7/7/7702004004925_28.jpg
Lata Águila Lite 269 ml,20,Águila       ,269ml,Bebidas alcoholicas,2.500,https://vaquitaexpress.com.co/media/catalog/product/cache/e89ece728e3939ca368b457071d3c0be/7/7/7702004004925_28.jpg
Six Pack Águila Lite 269 ml,1,Águila       ,269ml*6latas,Bebidas alcoholicas,15.000,https://licoresbrisasdejuanchito.com/wp-content/uploads/2021/10/Cerveza-Aguila-Light-Sex-Pack.png
Lata Club Colombia Maestría Cervecera Negra 330 cm,20,Club Colombia,330cm(cubicos),Bebidas alcoholicas,4.000,https://licoresbrisasdejuanchito.com/wp-content/uploads/2021/10/Cerveza-Aguila-Light-Sex-Pack.png
Six pack Club Colombia Maestría Cervecera Negra 330 cm,16,Club Colombia,330cm(cubicos),Bebidas alcoholicas,14.000,https://licoresjunior.com/wp-content/uploads/2023/12/Cerveza-Club-Colombia-negra-lata-330ml.jpg
Copa Aguardiente Néctar Calidad El Dorado 125 ml,100,Néctar,125 ml,Bebidas alcoholicas,3.000,https://licoresjunior.com/wp-content/uploads/2023/12/Cerveza-Club-Colombia-negra-lata-330ml.jpg
Aguardiente Néctar Calidad El Dorado 2L,4,Néctar,2000ml,Bebidas alcoholicas,30.000,https://exitocol.vtexassets.com/arquivos/ids/24497704/Aguardiente-Dorado-NECTAR-750-ml-3488573_a.jpg
Copa Aguardiente Néctar Rojo,100,Néctar,125 ml,Bebidas alcoholicas,3.500,https://exitocol.vtexassets.com/arquivos/ids/24497704/Aguardiente-Dorado-NECTAR-750-ml-3488573_a.jpg
Aguardiente Néctar Rojo 750 ml,7,Néctar,750 ml,Bebidas alcoholicas,30.000,https://static.merqueo.com/images/products/large/9c6b0bac-a73b-460e-a67a-ca34cd380430.png
Ron Santa Fé Añejo  750 ml,16,Santa Fé,750 ml,Bebidas alcoholicas,50000,https://mercadosdelta.com/uploads/images/products/Rona%C3%B1ejosantafe750ml_.jpg
Crema de Ron Viejo de Caldas 700 ml,4,Viejo de Caldas,700 ml,Bebidas alcoholicas,60000,https://tiendacommerkvalle.com.co/wp-content/uploads/2024/10/crema-ron-viejo-caldas-cheers-700-ml-1-1.png
Ron Medellín Añejo 750 ml,8,Medellín,750 ml,Bebidas alcoholicas,50000,https://olimpica.vtexassets.com/arquivos/ids/1475508/7702049100576.jpg
Copa Aguardiente Néctar Sin Azúcar Edición Millonarios 125 ml,100,Néctar,125 ml,Bebidas alcoholicas,4000,https://olimpica.vtexassets.com/arquivos/ids/1475508/7702049100576.jpg
Aguardiente Néctar Sin Azúcar Edición Millonarios 750 ml,1,Néctar,750ml,Bebidas alcoholicas,40000,https://www.monde-selection.com/wp-content/uploads/2022/05/1036697.png
Copa Aguardiente Néctar Azul 125 ml,100,Néctar,125 ml,Bebidas alcoholicas,4000,https://www.monde-selection.com/wp-content/uploads/2022/05/1036697.png
Aguardiente Néctar Azul 750 ml,3,Néctar,750ml,Bebidas alcoholicas,50000,https://olimpica.vtexassets.com/arquivos/ids/615354/7702404006048.jpg
Copa Aguardiente Néctar Club Sin Azúcar 125 ml,100,Néctar,125 ml,Bebidas alcoholicas,3000,https://olimpica.vtexassets.com/arquivos/ids/615354/7702404006048.jpg
Aguardiente Néctar Club Sin Azúcar 750 ml,2,Néctar,750 ml,Bebidas alcoholicas,40000,https://piragua.com.co/wp-content/uploads/2019/11/aguardiente-nectar-club-sin-azucar-750-piragua.jpg
Something Special Negro 750 ml,1,Something Special,750 ml,Bebidas alcoholicas,90000,https://licorescasamoreno.com/wp-content/uploads/2022/10/WHISKY_SOMETHING_SPECIAL_750ML_LICORES_CASA_MORENO_.jpg
Copa Aguardiente Cristal 125 ml,100,Cristal,125 ml,Bebidas alcoholicas,3000,https://licorescasamoreno.com/wp-content/uploads/2022/10/WHISKY_SOMETHING_SPECIAL_750ML_LICORES_CASA_MORENO_.jpg
Aguardiente Cristal Caja 1L,2,Cristal,1000 ml,Bebidas alcoholicas,50000,https://olimpica.vtexassets.com/arquivos/ids/604835/7702168118506.jpg
Something Special Blended Scotch Amarillo 750 ml,1,Something Special,750 ml,Bebidas alcoholicas,67500,https://licoresjunior.com/wp-content/uploads/2023/12/Mesa-de-trabajo-1-3.png
Napoleón Brandy 750 ml,22,        Napoleón,750 ml,Bebidas alcoholicas,52100,https://cigarreriareal.com/wp-content/uploads/2021/08/Bonaparte.jpeg
Domecq Brandy 750 ml,24,Domecq,750 ml,Bebidas alcoholicas,44250,https://exitocol.vtexassets.com/arquivos/ids/26655624/Brandy-Botella-X-750ml-24460_a.jpg
Domecq Brandy 375 ml,2,Domecq,375 ml,Bebidas alcoholicas,23050,https://licoresquindio.com/wp-content/uploads/2020/06/BRANDY_DOMECQ-375ml-LICORES_CALI-COLOMBIA.jpg
Ron Viejo de Caldas Tradicional 375 ml,1,Viejo de Caldas,375 ml,Bebidas alcoholicas,28300,https://olimpica.vtexassets.com/arquivos/ids/1601150/7702168214000.jpg
Gran Cinzano 750 ml,11,Cinzano,750 ml,Bebidas alcoholicas,60900,https://bevgo.com.co/wp-content/uploads/2024/09/Vino-Espumoso-Cinzano-Pro-Spriz-750-ml.jpg
Vino Espumante 750 ml,11,Espumante,750 ml,Bebidas alcoholicas,26500,https://exitocol.vteximg.com.br/arquivos/ids/26656160/Vino-Espumoso-Duo-De-Paris-X-750ml-765538_a.jpg
Santa Helena Varietal 750 ml,5,Santa Helena,750 ml,Bebidas alcoholicas,42200,https://megatiendas.vtexassets.com/arquivos/ids/163794/7804300120986.jpg
Vino Chatonier 750 ml,1,Chatonier,750 ml,Bebidas alcoholicas,30000,https://www.wine-searcher.com/images/labels/00/81/bodegas-carbomas-chatonier-brut-spain-10910081.jpg
Vino Fantasia 750 ml,3,Fantasía,750 ml,Bebidas alcoholicas,101000,https://carulla.vteximg.com.br/arquivos/ids/19583807/VINO-ESPUMOSO-BLANCO-759625_a.jpg
Vino Katich Uva Blanca 750 ml,1,Katich,750 ml,Bebidas alcoholicas,125000,https://exitocol.vteximg.com.br/arquivos/ids/24490094/VINO-ESPUMOSO-BLANCO-KATICH-721509_a.jpg
Vino Molino Rojo 750 ml,14,	Molino Rojo,750 ml,Bebidas alcoholicas,28000,https://ivo-mucura.s3.amazonaws.com/productos/2fbRb7OHW4.jpg
Ron Maestro Botero 750 ml,3,Maestro Botero,750 ml,Bebidas alcoholicas,85000,https://i0.wp.com/www.licoresbogota24.club/wp-content/uploads/2020/05/WhatsApp-Image-2020-09-27-at-10.13.25-PM.jpeg
Vermouth Blanco Añejas 2L,1,Añejas,2000ml,Bebidas alcoholicas,65000,https://vinosbodegasanejas.com/wp-content/uploads/2020/11/vino_vermouth_blanco_garrafa.png
Dubonnet Vino 750 ml,2,Dubonnet,750 ml,Bebidas alcoholicas,43600,https://s3.amazonaws.com/takami.co/thumbnails/productimage/0570a73dcd1c4697b2f54cc40e874c3f/aoqtmyd6gdhcjp2r2lbeve_1280_800.jpg
Licor Hennessy Very Special Cognac 750 ml,1,Hennessy,750 ml,Bebidas alcoholicas,30000,https://cdn.powered-by-nitrosell.com/product_images/26/6463/large-hennessyvs750mlbt.jpg
Vino Undurraga 750 ml,9,Undurraga,750 ml,Bebidas alcoholicas,38000,https://olimpica.vtexassets.com/arquivos/ids/605358/7804315010005.jpg
"Vino Undurraga 1,5 L",1,Undurraga,1500ml,Bebidas alcoholicas,53000,https://www.licoresmerakivid.com.co/wp-content/uploads/2024/01/image-removebg-preview-2024-01-15T144619.913-430x430.png
Tequila José Cuervo Especial 750 ml,3,José Cuervo,750 ml,Bebidas alcoholicas,52400,https://jumbocolombiaio.vtexassets.com/arquivos/ids/231493/7501035010109.jpg?v=637830554959870000
Tequila Olmeca 700 ml,2,Olmeca	,700 ml,Bebidas alcoholicas,88300,"https://static.wixstatic.com/media/477dc5_c9d6bea423874d8d85d683a09603a192~mv2.png/v1/fill/w_560,h_560,al_c,q_85,usm_0.66_1.00_0.01,enc_avif,quality_auto/477dc5_c9d6bea423874d8d85d683a09603a192~mv2.png"
Licor Sun Dry 600 ml,1,Sun Dry,600 ml,Bebidas alcoholicas,60000,https://img.lalr.co/cms/2024/12/20130948/Draay.png
Casa Grajales Vino Blanco 750 ml,3,Casa Grajales,750 ml,Bebidas alcoholicas,32800,https://casagrajales.com.co/wp-content/uploads/2020/11/VINO-BLANCO-DE-MISA-375-VINO-DE-MISA-CASA-GRAJALES.jpg
Caja Aguardiente Néctar Azul 1L,3,Néctar,1 L,Bebidas alcoholicas,45900,https://domicilios24siete.com/wp-content/uploads/2018/02/Nectar-Azul-1-litro-e1530677760132.png
Ron Santa Fé Añejo Caja 250 ml,5,Santa Fé,250 ml,Bebidas alcoholicas,14690,https://distribuidoranikoll.com/wp-content/uploads/2023/04/IMG-20230424-WA0026.jpg
Ron Santa Fé Añejo Caja 1L,2,Santa Fé,1 L,Bebidas alcoholicas,75000,https://freskofood57.com/wp-content/uploads/2023/11/WhatsApp-Image-2023-11-02-at-7.52.20-PM.jpeg
Ron Viejo de caldas Tradicional Caja 250 ml,9,Viejo de Caldas,250 ml,Bebidas alcoholicas,19600,https://jumbocolombiaio.vtexassets.com/arquivos/ids/186930/7702168213508.jpg
Vino Chileno Cata Vieja 1L,15,Cata Vieja,1 L,Bebidas alcoholicas,25000,https://licoreslarebaja.com/137-home_default/vino-tinto-cata-vieja-x-1000-ml.jpg
Cuatro Cumbres Caja Roja 1L,5,Cuatro Cumbres,1 L,Bebidas alcoholicas,26900,https://licoresmedellin.com/cdn/shop/files/VINO_CRUATRO_CUMBRES_TINTO_TETRAPACK_LITRO_1L_4a05b574-bdcf-45e8-abbb-b23de6e50ab3.jpg
Cuatro Cumbres Caja Verde 1L,8,Cuatro Cumbres,1 L,Bebidas alcoholicas,25500,https://mercaldas.vtexassets.com/arquivos/ids/184923/Vino-Cuatro-Cumbres-Blanco-Caja-X1Lt.jpg
Aguardiente Cristal Caja 750 ml,12,	Cristal,750 ml,Bebidas alcoholicas,40180,https://elviejoparisvirtual.com/rails/active_storage/representations/proxy/eyJfcmFpbHMiOnsiZGF0YSI6MTk5NTk0MywicHVyIjoiYmxvYl9pZCJ9fQ==--39a455b4cc2a71605eedd2bdbea7220963347d89/eyJfcmFpbHMiOnsiZGF0YSI6eyJmb3JtYXQiOiJwbmciLCJyZXNpemVfdG9fZml0IjpbODAwLDgwMF19LCJwdXIiOiJ2YXJpYXRpb24ifX0=--cef66509c9cdc75663c0eefd9421db1d2ea4fead/AGUARDIENTE%20CRISTAL%20750ML.png
Vino Tinto Crianza Ibáñez 750 ml,1,Ibáñez,750 ml,Bebidas alcoholicas,103100,https://casaibanezcolombia.com/cmsc/wp-content/uploads/2022/11/MANOLO-IBANEZ-TINTO-CRIANZA-1-1.png
Aromo Merlot Vino 750 ml,3,Aromo,	750 ml,Bebidas alcoholicas,30500,https://licor3b.cl/wp-content/uploads/2020/08/2105-Aromo-Reserva-Merlot-750-ml.jpg
José Cuervo Tequila Plata 750 ml,3,José Cuervo	,750 ml,Bebidas alcoholicas,79182,https://lalico.com.co/cdn/shop/files/IMAGENES_NUEVAS_-_2024-07-24T183522.703.png?v=1721864521
Ron Bacardí Añejo 750 ml,4,Bacardí,750 ml,Bebidas alcoholicas,48450,https://exitocol.vtexassets.com/arquivos/ids/26655610/Ron-Anejo-Bacardi-X-750ml-368314_a.jpg
Vino de Manzana Casanova Burbujeante 750 ml,25,Casanova	,750 ml,Bebidas alcoholicas,22990,https://vinosbodegasanejas.com/wp-content/uploads/2020/11/vino_manzana_botella.png
Sauvignon Blanc Undurraga 750 ml,2,Undurraga,750 ml,Bebidas alcoholicas,63043,https://exitocol.vteximg.com.br/arquivos/ids/26657645/Vino-Blanco-Undurraga-Sauvignon-X-750ml-24499_a.jpg
Aperitivo Vinico Blanco Casa del Rhin Misa 750 ml,2,Casa del Rhin,750 ml,Bebidas alcoholicas,11700,https://olimpica.vtexassets.com/arquivos/ids/606071/7702121213125.jpg
Vino Tinto Isabella 750 ml,11,Isabella,750 ml,Bebidas alcoholicas,26100,https://exitocol.vteximg.com.br/arquivos/ids/26657647/Vino-Tinto-Isabella-Botella-X-750ml-24502_a.jpg
Vino Blanco Semi-Seco Casa Grajales 750 ml,1,Casa Grajales,750 ml,Bebidas alcoholicas,35000,https://jumbocolombiaio.vtexassets.com/arquivos/ids/239929/7702121212081-1.jpg
Vino Avocado Casa Grajales 750 ml,22,Casa Grajales,750 ml,Bebidas alcoholicas,34500,https://casagrajales.com.co/wp-content/uploads/2020/11/VINO-ABOCADO-CASA-GRAJALES.jpg
Vino Rosé Semi-Seco Valtier 750 ml,10,Valtier,750 ml,Bebidas alcoholicas,30800,https://casagrajales.com.co/wp-content/uploads/2020/11/VINO-ROSE-SEMISECO-VALTIER.jpg
Vino Blanco Semi-Seco Casa Grajales Valtier 750 ml,2,Casa Grajales,750 ml,Bebidas alcoholicas,35000,https://casagrajales.com.co/wp-content/uploads/2020/11/VINO-BLANCO-SEMISECO-VALTIER-CASA-GRAJALES-1.jpg
Vino Z de Uva 750 ml,1,Vino Zeta,750 ml,Bebidas alcoholicas,25000,https://vinzeta.com.co/wp-content/uploads/2016/11/VINO-Z-750-ml-VINZETA-WEB.jpg
Vino Dulce Estoril 750 ml,3,Estoril,750 ml,Bebidas alcoholicas,27750,https://carulla.vtexassets.com/arquivos/ids/19575923/Vino-Estoril-Dulce-Botella-X-750ml-24490_a.jpg
Lazo Chile Cabernet Sauvignon Undurraga 750 ml,1,Lazo,750 ml,Bebidas alcoholicas,53000,https://exitocol.vteximg.com.br/arquivos/ids/26657734/Vino-Tinto-Cabernet-Sauvignon-Lazo-X-750ml-215445_a.jpg
Lazo Chile Sauvignon Blanc Undurraga 750 ml,1,Lazo,750 ml,Bebidas alcoholicas,34500,https://olimpica.vtexassets.com/arquivos/ids/631053/7804315000396.jpg
Arbor Mist Tropical Fruits Chardonnay 750 ml,1,Arbor Mist,750 ml,Bebidas alcoholicas,63500,https://images.gotoliquorstore.com/product/1000005608/af8e30a8-d98a-42d1-bb70-59cb61591635_360_m.jpg
Arbor Mist Melon White Zinfandel 750 ml,1,Arbor Mist,750 ml,Bebidas alcoholicas,28900,https://images.vivino.com/thumbs/TOZAIz7eQxWBRYk5hjzrsg_pb_600x600.png
Brandy Napoleon Chateau Veralet 700 ml,3,Napoleon,700 ml,Bebidas alcoholicas,45280,https://www.arflina.com/ProductoImagen/gp624/1047.jpg
V.S.O.P Gran Prix Brandy Reserva Napoleon 750 ml,6,Napoleon,750 ml,Bebidas alcoholicas,54400,https://monegroliquor.store/wp-content/uploads/2023/11/BRANDY-NAPOLEON-V.S.O.P.-RESERVE.jpg
Lanceros Brandy 750 ml,2,Lanceros,750 ml,Bebidas alcoholicas,44250,https://exitocol.vtexassets.com/arquivos/ids/26665475/BRANDY-BOTELLA-24363_a.jpg
V.S.O.P Grajales Brandy 375 ml,1,Casa Grajales,375 ml,Bebidas alcoholicas,28900,https://olimpica.vtexassets.com/arquivos/ids/939403/7702121000800.jpg
Imported koskenkorva aperitivo durazno 1L,8,Koskenkorva,1 L,Bebidas alcoholicas,40900,https://images-svetnapojov-cdn.rshop.sk/gallery-big/products/715293642495b42ab2950ecc6a8e6160.png
Imported koskenkorva aperitivo Manzana 1L,4,Koskenkorva,1 L,Bebidas alcoholicas,21900,https://www.berevita.com/pub/media/catalog/product/cache/99ebd279c948de0953beb1f3885deedb/k/o/koskenkorva-apple.jpg
Vino Blanco de Misa San Pedro De la Union Dulce para Consagrar 750 ml,9,Casa Grajales,750 ml,Bebidas alcoholicas,170000,https://casagrajales.com.co/wp-content/uploads/2020/11/VINO-MISA-SAN-PEDRO-DE-LA-UNION-VINO-DE-MISA-CASA-GRAJALES.jpg
Ron Bacardi Añejo Cuba  750 ml,3,Bacardi,750 ml,Bebidas alcoholicas,48450,https://megatiendas.vtexassets.com/arquivos/ids/156311/7501008611135.jpg
Leyenda Carmenere 2014 Chile Valle Central Vino 750 ml,9,Leyenda,750 ml,Bebidas alcoholicas,24100,https://licorescasamoreno.com/wp-content/uploads/2023/07/Vino_Leyenda_Cabernet_187ml-1.png
j. Alfonso Vino de Manzana  750 ml,1,J. Alfonso,750 ml,Bebidas alcoholicas,11700,https://vincorte.com/wp-content/uploads/2024/10/716.jpg
Delicioso de Manzana Aperitivo Vinico Grajales 750 ml,1,Casa Grajales,750 ml,Bebidas alcoholicas,22990,https://exitocol.vtexassets.com/arquivos/ids/26655649-300-auto/Aperitivo-Delicioso-Manzana-Burbuejeante-X-750ml-170733_a.jpg
Artesia Costers del Segre 1999 Vino Blanco Variedades Macabeu 750 ml,1,Artesia,750 ml,Bebidas alcoholicas,105000,https://www.molidelpau.cat/1524-large_default/artesi%C3%A0-blanco.jpg
Canan Vino Burbujeante Durazno 750 ml,2,Canan,750 ml,Bebidas alcoholicas,18000,https://carulla.vteximg.com.br/arquivos/ids/17475326/VINO-BURBUJEANTE-DE-DURAZNO-CANAN-750-ml-1566218_a.jpg
Canan Vino Burbujeante Manzana 750 ml,1,Canan,750 ml,Bebidas alcoholicas,12950,https://images.rappi.com/products/215719834969_bnuaapkwywft_225777841721_qicpartfvbia_1815301_1.png
Canan Vino Tinto Moscatel Dulce Sabor Uva 750 ml,1,Canan,750 ml,Bebidas alcoholicas,20700,https://carulla.vteximg.com.br/arquivos/ids/17475325/VINO-TINTO-MOSCATEL-CANAN-750-Mililitro-1566216_a.jpg
Vino Blanco Semiseco 750 ml,1,Casa Grajales,750 ml,Bebidas alcoholicas,35000,https://exitocol.vteximg.com.br/arquivos/ids/27142373/Vino-Blanco-Diamante-Semiseco-X-750ml-735364_a.jpg
Encendedor El SOL ,25,EL SOL,8.5 ml,Encendedor,1260,https://mercadoslpineda.co/9135-thickbox_default/encendedor-el-sol-x-und-electronico.jpg
Recogedor Verde,9,Sin marca,Unidad,Hogar,3600,https://www.kipclin.com/images/virtuemart/product/KIP-ZOI-989117V.jpg
Recogedor Azul,11,Sin marca,Unidad,Hogar,3600,https://daryza.com/wp-content/uploads/2021/09/Recogedor-de-basura-azul.jpg
Palos Escoba Unidad,260,Sin marca,Unidad,Hogar,3000,https://dotacionesromil.com/wp-content/uploads/2023/11/palos-azul-multiuso-120.jpg
Encendedor Bengala Unidad,20,Bengala,8.5 ml,Encendedor,1800,https://olimpica.vtexassets.com/arquivos/ids/1052221/7703252036249.jpg
Caja Cigarrillos L&M Verde Rojo ,18,L&M,Unidad,Cigarrillos,4000,https://hitcigars.com/wp-content/uploads/2024/01/lm-forward-menthol-20s-001.jpg
Cigarrillo Marlboro Verde Pequeño,1,Marlboro,Unidad,Cigarrillos,9000,https://latorremx.vtexassets.com/arquivos/ids/183262/2047419-frontal.jpg
Cigarrillo Marlboro Verde Mediano,5,Marlboro,Unidad,Cigarrillos,10000,https://i.ebayimg.com/thumbs/images/g/6pQAAOSwVqBmpA~-/s-l1200.jpg
Cigarrillo Marlboro Verde Grandes,2,Marlboro,Unidad,Cigarrillos,11000,https://cdn.quicksell.co/-Mk2olrjepwccC7R1eDF/products/-NKmWuostgks04aaWoXY.jpg
Cigarrillos L&M Blue Evo ,2,L&M,Unidad,Cigarrillos,8500,https://copservir.vtexassets.com/arquivos/ids/1572799/CIGARRILLO-L-M-BLUE-EVO_F.png
Cigarrillos L&M Blue Selection ,3,L&M,Unidad,Cigarrillos,8500,https://exitocol.vtexassets.com/arquivos/ids/27256013/Cigarrillo-Media-Blue-Selection-L-M-1-und-3384499_a.jpg
Cigarrillo Marlboro Red Selection,2,Marlboro,Unidad,Cigarrillos,10000,https://copservir.vtexassets.com/arquivos/ids/1572142/CIGARRIMARLBOREDSELECTION_F.png
Cigarrillo Piel Roja,1,Piel Roja,Unidad,Cigarrillos,7500,https://licoreslarebaja.com/676-large_default/cigar-piel-roja-20un.jpg
Cigarrillo Marlboro Blanco Original,1,Marlboro,Unidad,Cigarrillos,10000,https://supermercadosnacional.com/media/catalog/product/cache/fde49a4ea9a339628caa0bc56aea00ff/2/0/2004273-1__1719587722.jpg
Cigarrillo Marlboro Vista Azul,4,Marlboro,Unidad,Cigarrillos,10000,https://cdn.inoutdelivery.com/altoque.inoutdelivery.com.co/xs/7702005601161.png
Cigarrillo Lucky Strike,4,Lucky Strike,Unidad,Cigarrillos,9500,https://licoreslarebaja.com/661-large_default/cigarrillos-lucky-strike-blanco-x-20.jpg
Gillete PrestoBarba,6,Gillette,Unidad,Aseo e Higiene,5000,https://images.ctfassets.net/f2o0m7zxveci/49Lhohp5lxOBfyhUTn1te7/ef59922c5a4bf2b686cd8277b3a4f055/sp_overview_2x.png
Gillete Venus suave,4,Gillette,Unidad,Aseo e Higiene,12000,https://dojiw2m9tvv09.cloudfront.net/60557/product/gillete-venus-suave6962.png
Papel Elite Duo 28 Metros,4,Elite,28 m,Aseo e Higiene,4500,https://static.compreloadomicilio.com/dulceriavainilla/products/0736/710.jpg
Papel Elite Duo 36 Metros,5,Elite,36 m,Aseo e Higiene,5500,https://www.elite.co/assets/uploads/images/18301-rollazo-grande-min.png
Papel Rosal 20 Metros,25,Rosal,20 m,Aseo e Higiene,3500,https://mercadoslpineda.co/1407-thickbox_default/papel-higienico-rosal-plus-super-rollo-xxg-x-1.jpg
Papel Rosal 30 Metros,10,Rosal,30 m,Aseo e Higiene,4800,https://supertiendascomunal.com/6498-large_default/papel-higienico-el-rosal-plus-grande.jpg
"Familia Expert 26,11 m",4,Familia,"26,11 m",Aseo e Higiene,6000,https://en1ya.com/wp-content/uploads/2022/12/PAPEL-HIGIENICO-FAMILIA-EXPERT-4-HOJAS-X1-UNIDAD.jpg
Familia Familiar 26m,24,Familia,26 m,Aseo e Higiene,5800,https://mistiendas.com.co/1636-large_default/papel-higienico-familia-familiar.jpg
Papel Scott 30m,9,Scott,30 m,Aseo e Higiene,5000,https://www.mgk.com.co/mgk-web/wp-content/uploads/2020/10/FOTOOOOOO.jpg
Vino blanco ISABELLA - Pedro Domecq Colombia 750 ml,5,Pedro Domecq,750 ml,Bebidas alcoholicas,28000,https://exitocol.vteximg.com.br/arquivos/ids/24493778/Vino-Frizzante-Vitis-ISABELLA-750-ml-3247392_a.jpg
Trivento Golden Reserve Chardonnay 750 ml,1,Trivento,750 ml,Bebidas alcoholicas,65000,https://www.vinoselkiosco.com/wp-content/uploads/2020/10/VinoGoldenReserveChardonnay.png
Koskenkorva Aperitivo de Manzana IMPORTED 750 ml,11,Koskenkorva,700 ml,Aperitivos,90000,https://premiumdrinks.es/wp-content/uploads/IMG10968.jpg
Vino blanco de misa Gran Concilio Semidulce para consagrar 750 ml,10,Gran Concilio,750 ml,Bebidas alcoholicas,32000,https://images.rappi.com/products/943494800858_gsxcnzlwdyic_399286378832_huzilxdtrtvc_1166915_1.png
Vino de cocina blanco seco Gourmet 750 ml,2,Gourmet,750 ml,Bebidas alcoholicas,20000,https://casagrajales.com.co/wp-content/uploads/2020/11/VINO-DE-COCINA-BLANCO-GOURMET-CASA-GRAJALES-COLOMBIA.jpg
Moscato PASSITO Vino 750 ml,1,PASSITO,750 ml,Bebidas alcoholicas,55000,https://vinosbodegasanejas.com/wp-content/uploads/2020/11/vino-tinto-moscato-passito-botella.png
Vino para sazonar blanco SAZÓN 750 ml,14,SAZÓN,750 ml,Bebidas alcoholicas,18000,https://exitocol.vteximg.com.br/arquivos/ids/26657826/Vino-Blanco-Para-Sazonar-X-750ml-112524_a.jpg
Vino blanco de cocina DON DAVID 750 ml,8,Don David,750 ml,Bebidas alcoholicas,22000,https://http2.mlstatic.com/D_890065-MLA75004091691_032024-C.jpg
Vino ABOCADO Casa Grajales 750 ml,5,Casa Grajales,750 ml,Bebidas alcoholicas,30000,https://casagrajales.com.co/wp-content/uploads/2020/11/VINO-ABOCADO-CASA-GRAJALES.jpg
Vino blanco Chile Viña LAS GARZAS 750 ml,6,Viña LAS GARZAS,750 ml,Bebidas alcoholicas,35000,https://images.vivino.com/thumbs/YvN_n-okTZSBGk4-sJHD4w_150x200.jpg
Vino tinto Chile Viña LAS GARZAS 750 ml,12,Viña LAS GARZAS,750 ml,Bebidas alcoholicas,35000,https://images.vivino.com/labels/x1990MJGQJ6Nmu9p3IaRCw.jpg
Vino tinto seco Grajales 750 ml,83,Casa Grajales,750 ml,Bebidas alcoholicas,30000,https://casagrajales.com.co/wp-content/uploads/2020/11/VINO-TINTO-SECO-VINO-SECO-CASA-GRAJALES.jpg
Vino blanco de misa dulce para consagrar Casa Grajales 750 ml,3,Casa Grajales,750 ml,Bebidas alcoholicas,32000,https://casagrajales.com.co/wp-content/uploads/2020/11/VINO-BLANCO-DE-MISA-375-VINO-DE-MISA-CASA-GRAJALES.jpg
Tequila OLMECA Reposado - México 750 ml,2,Olmeca,750 ml,Bebidas alcoholicas,120000,"https://static.wixstatic.com/media/477dc5_c9d6bea423874d8d85d683a09603a192~mv2.png/v1/fill/w_560,h_560,al_c,q_85,usm_0.66_1.00_0.01,enc_avif,quality_auto/477dc5_c9d6bea423874d8d85d683a09603a192~mv2.png"
Six pack Poker,8,Poker,330 cm(cubico),Bebidas alcoholicas,18000,https://vaquitaexpress.com.co/media/catalog/product/cache/e89ece728e3939ca368b457071d3c0be/7/7/7702004007674_1.jpg
Baterías Varta AAA,4,Varta,AAA,Baterias,12000,https://olimpica.vtexassets.com/arquivos/ids/1389575/783094051072.jpg
Arroz Rica Sopa,4,Rica,Sopa,Alimentos,4000,https://www.mercaboy.com/7562-large_default/arroz-rica-sopa-500gr.jpg
Baterías Varta AA,5,Varta,AA,Baterias,12000,https://jumbocolombiaio.vtexassets.com/arquivos/ids/204951/783094051003-1.jpg
Baterías Alcalina,1,Genérica,Varios,Baterias,10000,https://www.steren.com.co/media/catalog/product/cache/bb0cad18a6adb5d17b0efd58f4201a2f/image/163462b69/paquete-de-4-pilas-alcalinas-aa.jpg
Baterías Varta Super AA,6,Varta,Super AA,Baterias,15000,https://www.superlosmontes.com/site/9818-large_default/baterias-varta-super-aa-2unds.jpg
Sal Refisal 1kg,14,Refisal,1 kg,Alimentos,2500,https://jumbocolombiaio.vtexassets.com/arquivos/ids/752384/7703812101202-1.jpg
Baterías Varta Super AAA,4,Varta,Super AAA,Baterias,15000,https://i.ebayimg.com/thumbs/images/g/Vq4AAOSwUQll--hM/s-l1200.jpg
Baterías Duracell AAA,2,Duracell,AAA,Baterias,18000,https://olimpica.vtexassets.com/arquivos/ids/1389185/41333001074.jpg
Baterías Tronex Electrónica,5,Tronex,Electrónica,Baterias,16000,https://cvrelectronica.com/productos/imagenes/Bater%C3%ADa-tronex-AA-carbon.jpg
Batería Varta Super Máxima,1,Varta,Máxima,Baterias,24000,https://farmapalacio.com/wp-content/uploads/2024/08/PILA-VARTA-SUPER-AZUL-GRANDE-X-2-UDS.jpg
Baterías Panasonic General C,3,Panasonic,C,Baterias,20000,https://confiatechnology.com/wp-content/uploads/2023/04/pila-panasonic-c-2.jpeg
Azúcar Mayagüez 1kg,2,Mayagüez,1 kg,Alimentos,6500,https://megatiendas.vtexassets.com/arquivos/ids/162576/7707007200459.jpg
Arroz Diana Normal,12,Diana,Normal,Alimentos,5500,https://jumbocolombiaio.vtexassets.com/arquivos/ids/186299/7702511000021.jpg
Arroz Diana Premium,3,Diana,Premium,Alimentos,6800,"https://sp-ao.shortpixel.ai/client/to_webp,q_glossy,ret_img,w_480,h_540/https://grupodiana.co/wp-content/uploads/2021/05/arroz_premium.png"
Baterías Eveready 9V,2,Eveready,9V,Baterias,25000,https://carulla.vtexassets.com/arquivos/ids/12993463/pila-bateria-eveready-carbon-9v1-extra-duracion.jpg
Arroz Roa 1kg,29,Roa,1 kg,Alimentos,5800,https://exitocol.vteximg.com.br/arquivos/ids/27183294/Arroz-Fortificado-Roa-Bolsa-X-5000g-722262_a.jpg
Baterías Energizer AA Max,12,Energizer,AA Max,Baterias,19000,https://olimpica.vtexassets.com/arquivos/ids/1389406/39800015464.jpg
Baterías Eveready AAA,14,Eveready,AAA,Baterias,14000,https://copservir.vtexassets.com/arquivos/ids/1556885/PILA-ENERGIZER-ALKALINA-AAA_F.jpg
Arroz Flor Huila 1kg,10,Flor Huila,1 kg,Alimentos,5800,https://olimpica.vtexassets.com/arquivos/ids/614907/7702231000028.jpg
Baterías Energizer 9V Max,4,Energizer,9V Max,Baterias,28000,https://panamericana.vtexassets.com/arquivos/ids/351179/pila-alcalina-energizer-max-de-9-voltios-39800013613.jpg
Arroz Diana 5kg,25,Diana,5 kg,Alimentos,25000,https://mercadoslpineda.co/1870-large_default/arroz-diana-x-2500-g.jpg
Baterías Energizer Max AAA,2,Energizer,Max AAA,Baterias,19000,https://olimpica.vtexassets.com/arquivos/ids/1389488/7702087359776.jpg
Baterías Energizer D2,2,Energizer,D2,Baterias,22000,https://copservir.vtexassets.com/arquivos/ids/1565541/PILA-ALCALINA-ENERGIZER-MAX-D2_P.png
Batería Eveready C,1,Eveready,C,Baterias,20000,https://ferretronica.com/cdn/shop/products/Par_de_Pilas_Tipo_C_Eveready_2_Baterias_tipo_C_ferretronica_2ba277d7-bb93-4acb-bbfb-412d30b93161.jpg
Gaseosa Seven-Up 2L,2,Seven-Up,2 L,Bebida,5500,https://jumbocolombiaio.vtexassets.com/arquivos/ids/208449/7702090036534.jpg
"Gaseosa Manzana Postobón 2,5 L",3,Postobón,2.5 L,Bebida,6500,https://olimpica.vtexassets.com/arquivos/ids/1441110/7702090016406.jpg
Gaseosa Pony Malta 330 ml,1,Postobón,330 ml,Bebida,2500,https://carulla.vtexassets.com/arquivos/ids/19577171/Pony-Malta-Pet-330-ml-617569_a.jpg
Gaseosa Colombiana 2L,1,Postobón,2 L,Bebida,5500,https://eurosuper.vtexassets.com/arquivos/ids/159859/7702090016413.jpg
"Gaseosa Pepsi 2,5 L",2,Pepsi,2.5 L,Bebida,6000,https://prodcdnmobisoft.oxxodomicilios.com/01J5Z8YBRG5QD77Q8XERYVBEXZ.jpeg
H2O 600 ml,4,Postobón,600 ml,Bebida,3000,https://licoresmedellin.com/cdn/shop/files/AGUA_SABORIZADA_H20H__LIMONATA_600ML.jpg
"Gaseosa Bretaña 1,5L",1,Bretaña,1.5 L,Bebida,4500,https://jumbocolombiaio.vtexassets.com/arquivos/ids/626602/7702090029543-1.jpg
Coca-Cola retornable 1L,1,Coca-Cola,1 L,Bebida,3800,https://www.entuhogar.coca-cola.com.co/media/catalog/product/c/o/coccol-orig-ret-vid-1l-int-1pz_1_2.jpg
Baterías Eveready D2,9,Eveready,D2,Baterias,22000,https://212global.com/wp-content/uploads/2024/06/61f9b01324324f634d8a2d69_thumbnail-300x300.jpg
Bombillos Magnífico,3,Magnífico,Unidad,Iluminacion,5000,https://www.corbeta.com.co/media/catalog/product/7/7/7705946850247-001-removebg-preview.png
Salsas Bary de carne 250 ml,3,Bary,250 ml,Alimentos,7500,https://mercadoslpineda.co/1198-thickbox_default/salsa-para-carnes-x-175-cc-bary.jpg
Salsas Bary negra 250 ml,4,Bary,250 ml,Alimentos,7500,https://ecommerce.surtifamiliar.com/backend/admin/backend/web/archivosDelCliente/items/images/20240917151204-Salsas-Salsas-Sazonadoras-Salsa-Negra-x155g-Bary-3536720240917151204475.jpg
Salsa Bary vainilla 250 ml,1,Bary,250 ml,Alimentos,7500,https://mundohuevo.com/cdn/shop/files/00594.jpg
Don Próspero adobo 250g,3,Don Próspero,250 g,Alimentos,6000,https://i.imgur.com/vnZEXhA.jpg
Paquetes Orégano Rey 50g,8,Rey,50 g,Alimentos,2500,https://supermercadolaestacion.com/33960-large_default/condimento-rey-oregano-sobre-x-10-gramos.jpg
Botellas Blancox 750 ml,6,Genérica,750 ml,Hogar,6500,https://www.refisalblancox.com.co/Image/0/500_500-729736_a.jpg
Cabezas de traperos,44,Genérica,Unidad,Aseo e Higiene,7000,https://m.media-amazon.com/images/I/61jIqLCKoPL.jpg
Bombillos Minilux,3,Minilux,Unidad,Iluminacion,5500,https://ilumax.com.co/wp-content/uploads/2022/03/Bulbo_LED_7W_Antimosquito_E27_1112_1.jpg-1024x1024.jpg
Bombillos Philips,10,Philips,Unidad,Iluminacion,9000,https://easycolombia.vtexassets.com/arquivos/ids/235435/8718699702830-1.jpg
Bombillos Nalpilux,3,Nalpilux,Unidad,Iluminacion,5500,https://copservir.vtexassets.com/arquivos/ids/1551873/OF-BOMBILLO-NALPILUX-LED-9W_F.jpg
Bombillos Sylvania,8,Sylvania,Unidad,Iluminacion,8500,https://olimpica.vtexassets.com/arquivos/ids/245826/Bombillo-SYLVANIA-LED-12W---Pack-X3.jpg
Bombillos San Jorge,3,San Jorge,Unidad,Iluminacion,6000,https://unionglobal.com.co/wp-content/uploads/2022/12/bombillo-12w.png
Bombillos Probelco,3,Probelco,Unidad,Iluminacion,6500,https://i0.wp.com/almayorve.com/wp-content/uploads/2023/05/Bombillo-9w-Probelco-1-rotated.jpg
Bombillo Santa Blanca,1,Santa Blanca,Unidad,Iluminacion,6000,https://tronex-consumer.com/wp-content/uploads/2021/01/Santa-Blanca.jpg
Bombillo Majuluz,1,Majuluz,Unidad,Iluminacion,5500,https://ingecomsas.com/wp-content/uploads/2023/06/BOMBILLO-15W-1-scaled.jpg
Bombillo Rayovac,1,Rayovac,Unidad,Iluminacion,7500,https://la.rayovac.com/wp-content/uploads/2021/06/bombillo1.png
Bombillo Nrline,1,Nrline,Unidad,Iluminacion,5000,https://starled.com.co/wp-content/uploads/2022/03/bombillo-nr-line-1000lm.jpg
Bombillo Eveready,1,Eveready,Unidad,Iluminacion,7000,https://en1ya.com/wp-content/uploads/2023/12/BOMBILLO-LED-EVEREADY-8W-LUZ-BLANCA-X1-UNIDAD.pptx.jpg
Cabezas de escobas,105,Genérica,Unidad,Aseo e Higiene,6500,https://m.media-amazon.com/images/I/718ohD9AmQL.jpg
Six pack Millones Andina,3,Andina,330 cm(cubicos),Bebida,16000,https://pbs.twimg.com/media/F6kV2yuW8AA0t9Y.jpg
Mini recogedores,5,Genérica,Unidad,Aseo e Higiene,5000,https://m.media-amazon.com/images/I/51C4qde+8hL._AC_.jpg
Escoba chiquita,1,Genérica,Unidad,Aseo e Higiene,8000,https://m.media-amazon.com/images/I/518oerfp0XL.jpg
Mini traperos,4,Genérica,Unidad,Aseo e Higiene,7500,"https://images-na.ssl-images-amazon.com/images/I/41e-oQ-amdL._AC_UL600_SR600,600_.jpg"
Escobillas para el baño,22,Genérica,Unidad,Aseo e Higiene,6000,https://kostamar.com.co/cdn/shop/products/Escobillon-Para-Bano_1024x1024.jpg
Soportes para colocar trapero,4,Genérica,Unidad,Aseo e Higiene,12000,https://tripleclean.com.co/wp-content/uploads/2024/12/LRES60_5.jpg
Club Colombia Negra 330 ml,16,Club Colombia,330 ml,Bebidas alcoholicas,3800,https://www.clubcolombia.com.co/sites/g/files/seuoyk481/files/2023-05/lata_negra.png
Club Colombia Roja 330 ml,3,Club Colombia,330 ml,Bebidas alcoholicas,3800,https://www.clubcolombia.com.co/sites/g/files/seuoyk481/files/2023-05/lata_roja.png
Six pack Club Colombia Roja ,1,Club Colombia,330 cm(cubicos),Bebidas alcoholicas,21000,https://colanta.vtexassets.com/arquivos/ids/156784/9572-1.png
Club Colombia Dorada 330 ml,4,Club Colombia,330 ml,Bebidas alcoholicas,3800,https://www.clubcolombia.com.co/sites/g/files/seuoyk481/files/2023-05/lata_dorada.png
Pastillas de Panela Hernández 500 g,48,Hernández,500 g,Alimentos,3000,https://cdn.croper.com/images/1-euenyon-yqz9s4j4lgb/original.jpeg
Águila Original 330 ml,2,Águila,330 ml,Bebidas alcoholicas,3200,https://mercaldas.vtexassets.com/arquivos/ids/223898/Cerveza-AGUILA-original-6-unds-x330-ml-c-u_12565.jpg
Six pack Club Colombia Dorada 330 cm,2,Club Colombia,330 cm(cubicos),Bebidas alcoholicas,21000,https://exitocol.vteximg.com.br/arquivos/ids/26664739/Cerveza-x-6-lata-dorada-Club-colombia-102016_a.jpg
Six pack Costeña Bacana 330 cm,1,Costeña Bacana,330 cm(cubicos),Bebidas alcoholicas,17000,https://carulla.vteximg.com.br/arquivos/ids/14579125/CERVEZA-SIXPACK-CERVEZA-COSTENA-BACANA-1920-Mililitro-1777452_a.jpg
Six pack Águila Original 330 cm,4,Águila,330 cm(cubicos),Bebidas alcoholicas,18000,"https://res.cloudinary.com/komercia-store/image/upload/dpr_auto,f_auto,fl_lossy,q_auto/c_crop,g_custom/h_550,w_550,b_auto,c_pad/v1644716013/12380/products/kokatbr95mcvwfinlve4.png"
Tutti Frutti Naranja 500 ml,5,Tutti Frutti,500 ml,Bebida,3500,https://mercadoslpineda.co/6169-thickbox_default/jugo-tutti-frutti-surtido-x-500.jpg
Cucharas plásticas transparentes Super Boom,420,Super Boom,Paquete,Desechables,3000,"https://m.media-amazon.com/images/I/61EJu+ovwDL._AC_UF1000,1000_QL80_.jpg"
Paquete de vasos de cartón Chévere,1,Chévere,Paquete,Desechables,4500,https://www.bolsasyempaquescolombia.com/cdn/shop/files/4onz.png
Contenedores térmicos con tapa plástica Wau,1,Wau,Unidad,Desechables,800,https://colombia.carvajalempaques.com/cms/wp-content/uploads/contenedor-termico-1.jpg
Paquetes de cucharas plásticas blancas desechables Domingo,7,Domingo,Paquete,Desechables,3000,https://exitocol.vteximg.com.br/arquivos/ids/24071052/Cuchara-Blanca-Grande-Paquete-X-25-Unids-32364_a.jpg
Mini recipientes con tapa,5,Genérica,Unidad,Desechables,600,https://anforama.com/cdn/shop/products/Recipiente-cierre-seguro-M00570114.jpg
Paquetes de cubiertos desechables Domingo,9,Domingo,Paquete,Desechables,3500,https://olimpica.vtexassets.com/arquivos/ids/615635/7702251016979.jpg
Kumbia Mango 500 ml,6,Kumbia,500 ml,Bebida,2500,https://images.rappi.com/products/105221774371_tyidbjzuaqvq_334343217414_ognabafilgomsc_7709997783912_1.jpg
Soka Mango 500 ml,8,Soka,500 ml,Bebida,2800,https://alpina.com/media/catalog/product/cache/b6f2be0b6c86c25988d2ad5d737f6527/s/o/soka-mango-botella-410-ml-7702001159321_img1_5.png
Hit Mango 500 ml,10,Hit,500 ml,Bebida,2600,https://copservir.vtexassets.com/arquivos/ids/1548518/REFRESCO-HIT-MANGO_F.png
Hit Lulo 500 ml,7,Hit,500 ml,Bebida,2600,https://licoresmedellin.com/cdn/shop/files/JUGOS_HIT_PET_LULO_500ML.jpg
Hit Tropical 500 ml,7,Hit,500 ml,Bebida,2600,https://megatiendas.vtexassets.com/arquivos/ids/159470/7702090029888.jpg
Hit Mora 500 ml,7,Hit,500 ml,Bebida,2600,https://vaquitaexpress.com.co/media/catalog/product/cache/e89ece728e3939ca368b457071d3c0be/7/7/7707133083216.jpg
Soka Maracuyá 500 ml,9,Soka,500 ml,Bebida,2800,https://pacardylwpmedia.s3.us-east-2.amazonaws.com/wp-content/uploads/2022/03/02170820/7702001159345.jpg
Soka Lulo 500 ml,1,Soka,500 ml,Bebida,2500,https://pacardylwpmedia.s3.us-east-2.amazonaws.com/wp-content/uploads/2024/06/18203049/7702001168934.jpg
Soka Mandarina 500 ml,1,Soka,500 ml,Bebida,2500,https://carulla.vteximg.com.br/arquivos/ids/20363751/Bebida-Jugo-Mandarina-SOKA-410-ml-3110652_a.jpg
Hit naranja piña 500 ml,4,Hit,500 ml,Bebida,2600,https://distrimarketsas.com/rails/active_storage/representations/proxy/eyJfcmFpbHMiOnsiZGF0YSI6MTczNzk0NiwicHVyIjoiYmxvYl9pZCJ9fQ==--9f81ebbae98aa83b33893dd9eb69f5785ee65c4a/eyJfcmFpbHMiOnsiZGF0YSI6eyJmb3JtYXQiOiJwbmciLCJyZXNpemVfdG9fZml0IjpbNjAwLDYwMF19LCJwdXIiOiJ2YXJpYXRpb24ifX0=--db42ba722be1e76788976c3dae164d352f833ae3/nueva-imagen%20-%202024-06-13T154809.845.png
Agua glacial 620ml,8,Glacial,620 ml,Bebida,2200,https://glacial.com.co/wp-content/uploads/2024/06/agua_singas_620.png
Agua glacial 1L,4,Glacial,1 L,Bebida,2800,https://almin.com.co/37569-home_default/agua-glacial-620-paca18unides-.jpg
Full aqua natural 500 ml,1,Full Aqua,500 ml,Bebida,2000,https://media.surtiplaza.co/dimen/7707335286316.png
Agua Cielo 500 ml,1,Cielo,500 ml,Bebida,1800,https://kyotorolls.com/cdn/shop/products/AguaCielo.png
Agua Cristal limón agua 500 ml,4,Cristal,500 ml,Bebida,2000,https://d31f1ehqijlcua.cloudfront.net/n/1/0/8/d/108d7e05fab9f44424c11b6f9a785d10f0006059_Water_489588_01.jpg
Platos desechables pequeños ,13,Genérica,Paquete (20 unid.),Desechables,1000,https://www.papyser.com/catalogo/1034258.jpg
Platos desechables grandes,14,Genérica,Paquete (20 unid.),Desechables,1200,https://proquimindustrial.com/cdn/shop/products/Plato-grande-de-icopor_630b93a0-7221-40f3-87bd-40e55870f342.jpg
Platos medianos,22,Genérica,Paquete (20 unid.),Desechables,1400,"https://static.wixstatic.com/media/225c66_849ed9cea425478a9d3af1542b7bf409~mv2.jpg/v1/fit/w_500,h_500,q_90/file.jpg"
Vasos plástico transparentes,7,Genérica,Paquete,Desechables,1000,https://unomasuno.pe/wp-content/uploads/2021/06/vaso-descartable-transparente.jpg
Agua con gas cristal 500 ml,7,Cristal,500 ml,Bebida,2200,https://tomatelavida.com.co/wp-content/uploads/2023/03/Agua-con-gas-Cristal-2023-G.png
H2oh limonata 500 ml,8,H2Oh,500 ml,Bebida,2800,https://megatiendas.vtexassets.com/arquivos/ids/159496/7702090044577.jpg
H2oh maracuyá 500 ml,7,H2Oh,500 ml,Bebida,2800,https://megatiendas.vtexassets.com/arquivos/ids/168092/7702090029154.jpg
Agua cristal 1L,13,Cristal,1 L,Bebida,2500,https://olimpica.vtexassets.com/arquivos/ids/1431987/7702090022711.jpg
Agua cristal 300ml,4,Cristal,300 ml,Bebida,1500,https://mercaldas.vtexassets.com/arquivos/ids/1329380/Agua-CRISTAL-x300-ml_39859.jpg
Agua cristal 600ml,3,Cristal,600 ml,Bebida,1800,https://exitocol.vteximg.com.br/arquivos/ids/26658915/Agua-Normal-600-ml-973621_a.jpg
Sabifrut 500 ml,5,Sabifrut,500 ml,Bebida,2000,https://prodcdnmobisoft.oxxodomicilios.com/01HNDXGRZM4MPYN06MD67DCK0Y.png
Agua cristal con gas 500 ml,23,Cristal,500 ml,Bebida,2700,https://www.monchef.com.co/products/agua-cristal-gas.jpeg
Postobón naranja vidrio 300 ml,15,Postobón,300 ml,Bebida,1900,https://infonutricional.tomatelavida.com.co/wp-content/uploads/2023/06/01-naranaja-350-RET-1.png
Colombiana vidrio 300 ml,12,Postobón,300 ml,Bebida,1900,https://carulla.vtexassets.com/arquivos/ids/18674643/GASEOSA-FRIOPACK-COLOMBIANA-176758_a.jpg
Postobón uva vidrio 300 ml,14,Postobón,300 ml,Bebida,1900,https://infonutricional.tomatelavida.com.co/wp-content/uploads/2023/06/postobon_01-uva-350-RET.png
7up vidrio 300 ml,12,7Up,300 ml,Bebida,1900,https://i5.walmartimages.com/seo/7up-Lima-Lemon-Soda-Glass-Bottle-12-Units-TOTAL-of-350-mL-12-Fl-Oz-each_ed0cda22-84ec-4f61-a000-57624c224323.2f1bb485bb8ac6e1de6986348abdd19c.jpeg
Paquete de tenedores plásticos kuantto (100 unidades),1,Kuantto,100 unidades,Desechables,5000,https://www.todoaseo.com/wp-content/uploads/2017/01/TENEDOR-DOM.-GRANDE-X-100-REF-05223.jpg
Paquetes de cuchillos de plástico desechables domingo,2,Domingo,Paquete,Desechables,3000,https://encrypted-tbn0.gstatic.com/images?q=tbn:ANd9GcQtQf2_yEEwaIlB6C3N02V3qlABvhT9zgUrbw&s
Paquetes de mini tenedores plásticos (25 unidades),9,Genérica,25 unidades,Desechables,2500,https://m.media-amazon.com/images/I/81NLcQK68hL.jpg
Paquete de pitillos (30 unidades),1,Genérica,30 unidades,Desechables,1500,https://housedistribuciones.com/imgupload/MKeuo4_Pitillogaseosa.png
Hit mango vidrio 300 ml,1,Hit,300 ml,Bebida,2400,https://tomatelavida.com.co/wp-content/uploads/2022/12/Hit-Mango-2022-G.png
Chirros BBQ 200g,4,Chirros,200 g,Alimentos,2000,https://www.chirros.com/img/productos/g_pro_2.jpg
Chirros natural 200g,5,Chirros,200 g,Alimentos,2000,https://www.chirros.com/img/productos/h_pro_1.jpg
Chirros ahumado 200 g,5,Chirros,200 g,Alimentos,2000,https://www.chirros.com/img/productos/g_pro_3.jpg
Chirros picantes 200g,5,Chirros,200 g,Alimentos,2000,https://www.bazzarbog.com/24797-home_default/chirros-americano-limon-x30grs.jpg
Mantecada del cerro 250g,3,Del Cerro,250 g,Alimentos,2500,https://images.rappi.com/products/a7c08a3e-ae2d-4383-ab23-de210047ef59.jpg
Brownie del cerro arequipe 200g,2,Del Cerro,200 g,Alimentos,2800,https://images.rappi.com/products/6689c631-ec7d-4918-afaa-43951fdf579f.jpg
Brownie del cerro clásico 200g ,4,Del Cerro,200 g,Alimentos,2800,https://images.rappi.com/products/cfcab78a-8a35-4b30-b118-c9fb846f794f.jpg
Alfajor del cerro 150g,2,Del Cerro,150 g,Alimentos,2500,https://mundodulces17.com/wp-content/uploads/2023/09/image0-e1694552281420.jpeg
Paquetes tenedores de plástico (16 unidades),2,Genérica,16 unidades,Desechables,2000,"https://static.wixstatic.com/media/f6ca48_1db3013903a34e2fb623290ea18d9769~mv2.jpg/v1/fill/w_560,h_420,al_c,q_80,usm_0.66_1.00_0.01,enc_avif,quality_auto/f6ca48_1db3013903a34e2fb623290ea18d9769~mv2.jpg"
Copas de plástico,26,Genérica,Unidad,Desechables,800,https://estra.vtexassets.com/arquivos/ids/179510/4-1048515_Copa-Plastica-Para-Vino-160Ml-Natural.jpg
Bases de copas de plástico,25,Genérica,Unidad,Desechables,800,https://cdn.shopify.com/s/files/1/0434/0596/7524/products/8404-29327_4d1a23d1-e889-4098-aeff-3173f3de9d14_340x.jpg
Tenedores plásticos,50,Genérica,Paquete,Desechables,4500,https://assets.tuzonamarket.com/images/producto/NtVk1giMPS.jpg
Paquete de platos desechables pequeños (20 unidades),1,Kangupor,20 unidades,Desechables,1000,https://lagarza.com.co/rails/active_storage/representations/proxy/eyJfcmFpbHMiOnsiZGF0YSI6NDczODcsInB1ciI6ImJsb2JfaWQifX0=--0a48df93bb1230812b2ef8f894459d7bccedfb5c/eyJfcmFpbHMiOnsiZGF0YSI6eyJmb3JtYXQiOiJqcGciLCJyZXNpemVfdG9fZml0IjpbODAwLDgwMF19LCJwdXIiOiJ2YXJpYXRpb24ifX0=--1420d7fd3d20057726f0ef3c0043db24ca0403be/plato%20ico%2020x20.jpg
Gilette presto barba,20,Gillette,Unidad,Cuidado Personal,3500,https://megaseo170.com/cdn/shop/files/gillete_ultragripo_2.jpg
Schick presto barba Xtreme,1,Schick,Unidad,Cuidado Personal,6000,https://colsubsidio.vteximg.com.br/arquivos/ids/165639/7591066701015.jpg
Paquete de platos desechables grandes (20 unidades),1,Genérica,20 unidades,Desechables,1200,https://www.todoaseo.com/wp-content/uploads/2017/01/PLATO-ICOPOR-PANDO-26-DARNEL-X-20-REF-01933.jpg
"Paquete de platos desechables (Kangupor, 20 unidades)",2,Kangupor,20 unidades,Desechables,3500,https://todoendesechables.com.co/wp-content/uploads/sites/5/2021/03/Plato-pando-kangupor-de-20.png
"Paquetes de vasos desechables 8 oz (Darnel, 20 unidades)",2,Darnel,20 unidades,Desechables,3200,https://berpaadmin.com.co/backend/admin/backend/web/archivosDelCliente/items/images/20240802163157-EMPAQUES-Y-DESECHABLES-PORTACOMIDAS-CONTENDOR-DELI-DARNEL-16-OZ-X-25-UNIDADES-CAJAX-9-PAQUETES----1024202408021631577361.jpg
Vive 100 500 ml,6,Vive 100,500 ml,Bebida,2500,https://colsubsidio.vteximg.com.br/arquivos/ids/202571-1200-1200/7702354934361.jpg.jpg
Sonetto dulces 200g,34,Sonetto,200 g,Alimentos,2000,https://distribuidoranikoll.com/wp-content/uploads/2024/08/SONETO.jpg
Golpe con todo ranchero 250g,4,Golpe con Todo,250 g,Alimentos,3200,https://exitocol.vtexassets.com/arquivos/ids/25923810/Con-Todo-Rancher-GOLPE-250-Gramo-919310_a.jpg
Cuchuco de maíz del cultivo 500g,3,Del Cultivo,500 g,Alimentos,3000,https://villavoexpress.com/rails/active_storage/representations/proxy/eyJfcmFpbHMiOnsiZGF0YSI6Mzg5OCwicHVyIjoiYmxvYl9pZCJ9fQ==--eabd213e8fc3e01dda5144a94c401369b41ab717/eyJfcmFpbHMiOnsiZGF0YSI6eyJmb3JtYXQiOiJ3ZWJwIiwicmVzaXplX2FuZF9wYWQiOlszMjAsMzIwLHsiZXh0ZW5kIjoid2hpdGUifV19LCJwdXIiOiJ2YXJpYXRpb24ifX0=--a7d4729092d7300df826ec1077a67fefc8243382/cuchuco-de-cebada-del-cultivo-500gr%20(1).jpg
Cuchuco de cebada del cultivo 500g,3,Del Cultivo,500 g,Alimentos,3000,https://exitocol.vteximg.com.br/arquivos/ids/26659306/Cuchuco-De-Cebada-500-gr-218715_a.jpg
"Paquetes de vasos plástico 9 oz (Tuc, 50 unidades)",2,Tuc,50 unidades,Desechables,4000,https://www.papyser.com/catalogo/1046322.jpg
"Paquetes de vasos plástico 9 oz (Vacan, 50 unidades)",2,Vacan,50 unidades,Desechables,4000,https://housedistribuciones.com/imgupload/BgNWPD_9oz%20Vacan%20Translucido.png
Café aguila roja 250g,9,Águila Roja,250 g,Alimentos,4500,https://olimpica.vtexassets.com/arquivos/ids/717455/7702040027001.jpg
"Paquetes de vasos plástico 7 oz (Tuc, 50 unidades)",3,Tuc,50 unidades,Desechables,3500,https://detalshop.com/cdn/shop/products/031296.jpg
"Paquetes de vasos plástico 7 oz (Vacan, 50 unidades)",4,Vacan,50 unidades,Desechables,3500,https://housedistribuciones.com/imgupload/CYf8RP_VASO-7M4-VACAN-X50UND-480x480.png
Botella cola y Pola 330 ml,21,Postobón,330 ml,Bebida,2500,https://distribuidoranikoll.com/wp-content/uploads/2024/01/COLA-Y-POLA.jpg
Botella pony malta 330 ml,31,Postobón,330 ml,Bebida,2700,https://olimpica.vtexassets.com/arquivos/ids/1479299/7702004013484.jpg
Bolsas de basura negras,16,Genérica,Unidad,Aseo e Higiene,1000,https://gmgsuplidores.com/cdn/shop/products/Bolsa-basura-negra-2_1400x.jpg
Bolsas de basura blancas grandes,9,Genérica,Unidad,Aseo e Higiene,1500,"https://m.media-amazon.com/images/I/51C8c+trbSL._AC_UF894,1000_QL80_.jpg"
Bolsas de basura verdes pequeñas,2,Genérica,Unidad,Aseo e Higiene,1800,https://www.multiexpress.com.co/wp-content/uploads/2023/02/1704.jpg
Bolsas de basura blanca pequeña,4,Genérica,Unidad,Aseo e Higiene,800,https://www.multiexpress.com.co/wp-content/uploads/2023/02/1703.jpg
Bolsas negras 70x95cm,28,Genérica,Unidad,Aseo e Higiene,2500,https://f.fcdn.app/imgs/d7d8a8/cleanway.com.uy/clewuy/1aa9/original/catalogo/40002_40002_1/1920-1200/bolsas-de-basura-negras-50cm-x-55cm-30-unidades-bolsas-de-basura-negras-50cm-x-55cm-30-unidades.jpg
Bolsas jumbo negras 80x115cm,32,Genérica,Unidad,Aseo e Higiene,2800,https://www.multiexpress.com.co/wp-content/uploads/2023/02/1709.jpg
Cera D Medellín (blanca),10,D Medellín,Unidad,Aseo e Higiene,2300,https://exitocol.vteximg.com.br/arquivos/ids/23415912/cera-para-cabello-reuzel-blanca-340-g.jpg
Cera Pel Flex (naranja),28,Pel Flex,Unidad,Aseo e Higiene,2300,https://mercaldas.vtexassets.com/arquivos/ids/1331089/Cera-pelflex-SELECTA-amarilla-x400-ml_131003.jpg
Cera Brillo Líder (Escarlata),12,Brillo Líder,Unidad,Aseo e Higiene,2300,https://www.suministrosdhd.com/wp-content/uploads/2020/08/CERA-ESCARLATA-ROJA-scaled.jpg
Bolsas negras 98x125cm,39,Genérica,Unidad,Aseo e Higiene,3500,https://www.kipclin.com/images/virtuemart/product/KIP-ILK-1102903.jpg
Bolsas negras 55x70cm,22,Genérica,Unidad,Aseo e Higiene,3000,https://olimpica.vtexassets.com/arquivos/ids/630288/7806810800457.jpg
Bolsas navideñas,50,Genérica,Unidad,Aseo e Higiene,5000,https://admin.burica.com.co/backend/admin/backend/web/archivosDelCliente/items/images/Navidad-Bolsas-de-Navidad-y-Papel-Regalo-BOLSA-DE-REGALO-39X30X12CM-NAVIDAD-SURT-1187820240823165103.jpg
Bolsas 3kg,10,Genérica,Unidad,Aseo e Higiene,2000,"https://static.wixstatic.com/media/516e39_5284445adef049519a2925ed091df83b~mv2.png/v1/fill/w_480,h_480,al_c,q_85,usm_0.66_1.00_0.01,enc_avif,quality_auto/516e39_5284445adef049519a2925ed091df83b~mv2.png"
Bolsas 5kg,1,Genérica,Unidad,Aseo e Higiene,2500,https://www.tierragro.com/cdn/shop/products/bolsa-semillero-capacidad-5-kl-50-und_45cf194a-0948-4af0-9a8a-f35bbf333ee6.jpg?v=1596330529
Head & Shoulders sobre 375ml,6,Head & Shoulders,375 ml,Cuidado Personal,8000,https://olimpica.vtexassets.com/arquivos/ids/1391253/7500435020008.jpg
Head & Shoulders crema para peinar coco sobre 300 ml,27,Head & Shoulders,300 ml,Cuidado Personal,8000,https://www.farmalisto.com.co/153923-large_default/comprar-crema-para-peinar-control-caspa-hidratacion-hs-coconut-frasco-con-300-ml-precio.jpg
Head & Shoulders shampoo control 2 en 1 sobre 375 ml,6,Head & Shoulders,375 ml,Cuidado Personal,7000,https://olimpica.vtexassets.com/arquivos/ids/1391254/7500435020046.jpg
Sedal células madre sobre 350 ml,5,Sedal,350 ml,Cuidado Personal,2500,https://cdn1.totalcommerce.cloud/mercacentro/product-thumb/es/shampo-sedal-celulas-madres-x-650-ml-1.jpg
Gamaderm sobre 100 ml,21,Gamaderm,100 ml,Cuidado Personal,2500,https://res.fkhealthplus.com/incom/images/product/Gamaderm-1698732124-10077060-1.jpg
Dove anticaspa shampoo sobre 400 ml,5,Dove,400 ml,Cuidado Personal,6000,https://olimpica.vtexassets.com/arquivos/ids/742562/7702006206617.jpg
Limpiadores multiusos Sanpic canela manzana 1L,3,Sanpic,1 L,Aseo e Higiene,5800,https://easycolombia.vtexassets.com/arquivos/ids/181266/sanpic-limpia-pisos-canela-manzana-1000ml-1.jpg
Sanpic canela manzana 500 ml,4,Sanpic,500 ml,Aseo e Higiene,6000,https://s3.pagegear.co/409/productos/13934_800x800.jpg
Sanpic vainilla 500 ml,5,Sanpic,500 ml,Aseo e Higiene,5000,https://supermercadocomunal.com/66921-large_default/limpiapisos-sanpic-vainilla-doy-pac-x450.jpg
Sanpic lavanda 500 ml,4,Sanpic,500 ml,Aseo e Higiene,5000,https://mercasur.com.co/rails/active_storage/representations/proxy/eyJfcmFpbHMiOnsiZGF0YSI6NDUxODAxLCJwdXIiOiJibG9iX2lkIn19--335dc78a45da404bf6c19ffac96a4b36abe001ef/eyJfcmFpbHMiOnsiZGF0YSI6eyJmb3JtYXQiOiJqcGciLCJyZXNpemVfdG9fZml0IjpbODAwLDgwMF19LCJwdXIiOiJ2YXJpYXRpb24ifX0=--1420d7fd3d20057726f0ef3c0043db24ca0403be/7702626216782.jpg
Fabuloso fresca primavera azul claro 1L ,2,Fabuloso,1 L,Aseo e Higiene,4700,https://m.media-amazon.com/images/I/714c2qUfXTL.jpg
Fabuloso fresco amanecer verde 1L,2,Fabuloso,1 L,Aseo e Higiene,2500,https://exitocol.vtexassets.com/arquivos/ids/27638022/LIMPIAPISOS-AROMAT-DESINFEC-FABULOSO-61010111-3001295_h.jpg
Fabuloso fresca lavanda morado 1L,2,Fabuloso,1 L,Aseo e Higiene,2500,https://exitocol.vtexassets.com/arquivos/ids/27624514/Limpiapisos-Lavanda-X-1000-ml-135915_a.jpg
Aromax manzana verde y citronela 500 ml,2,Aromax,500 ml,Aseo e Higiene,2000,https://exitocol.vtexassets.com/arquivos/ids/26779373/Limpiapisos-Manzana-AROMAX-DUO-500-ml-3326742_b.jpg
Aromax frutos rojos 500 ml,2,Aromax,500 ml,Aseo e Higiene,2000,https://images.rappi.com/products/602706245236_pccsxavchqii_516058201411_bbggfmzsphhc_2967918_1.png
Aromax lavanda 500 ml,1,Aromax,500 ml,Aseo e Higiene,2000,https://eurosuper.vtexassets.com/arquivos/ids/157626/7702354950385.jpg
Sobres lavanda,16,Genérica,Paquete,Aseo e Higiene,3000,https://olimpica.vtexassets.com/arquivos/ids/646600/7702354946456.jpg
La Joya lavanda 500 ml,2,La Joya,500 ml,Aseo e Higiene,8500,https://www.casaluker.com/wp-content/uploads/2024/03/LA-JOYA-LIMPIAPISOS-LAVANDA.png
Ajax naranja-limón 1L,1,Ajax,1 L,Aseo e Higiene,12000,https://olimpica.vtexassets.com/arquivos/ids/1548634/7702010223600_1.jpg
Dove super acondicionador sobre 400 ml,7,Dove,400 ml,Cuidado Personal,18500,https://lavaquita.co/cdn/shop/products/supermercados_la_vaquita_supervaquita_dove_acondicionador_oleo_nutricion_400ml.jpg
Konzil ultra reparación sobre 350 ml,18,Konzil,350 ml,Cuidado Personal,15000,https://www.droguerialaeconomia.com/economia/site/img/1x/146427.jpg
Pantene acondicionador 400 ml,35,Pantene,400 ml,Cuidado Personal,16500,https://olimpica.vtexassets.com/arquivos/ids/1483426/7501006721317_1.jpg
Limpiador desinfectante Furor cítrico 1L,2,Furor,1 L,Aseo e Higiene,9500,"https://static.wixstatic.com/media/739126_4c7e77b7a2f3419590c093ef24478c52~mv2.png/v1/fit/w_500,h_500,q_90/file.png"
Furor ternura 1L,2,Furor,1 L,Aseo e Higiene,9500,https://mercadoslpineda.co/5679-large_default/limpiador-furor-x-1000-g.jpg
La Joya canela 500 ml,2,La Joya,500 ml,Aseo e Higiene,8500,https://www.casaluker.com/wp-content/uploads/2024/02/LA-JOYA-LIMPIAPISOS-CANELA.png
La Joya floral 500 ml,1,La Joya,500 ml,Aseo e Higiene,8500,https://s3.pagegear.co/409/productos/17030_800x800.jpg
Limpia piso Goliat lavanda 1L,3,Goliat,1 L,Aseo e Higiene,10000,https://fantiplasonline.com/wp-content/uploads/2024/04/LAVANDA-1L.jpg
Pantene colágeno 400 ml,11,Pantene,400 ml,Cuidado Personal,16500,https://locatelcolombia.vtexassets.com/arquivos/ids/319133/7500435191425_2_SHAMPOO-PANTENE-COLAGENO-NUTRE-Y-REVITALIZA-X-300ML.jpg
Desinfectante para pisos Lysol 1L,1,Lysol,1 L,Aseo e Higiene,14000,https://www.lysol.com.co/static/16215cbfed5f44c3bc299869e753eb6b/b3eed/Lizol_-_CO_-_es-CO-lysol_mpc_brisa_lim_n_3785ml.png
Pantene sin sal 400 ml,10,Pantene,400 ml,Cuidado Personal,16500,https://olimpica.vtexassets.com/arquivos/ids/1518509/7506309840024_1.jpg
Pantene rizos definidos 400 ml,2,Pantene,400 ml,Cuidado Personal,16500,https://exitocol.vteximg.com.br/arquivos/ids/26756901/Shampoo-Pantene-PrO-V-Rizos-Definidos-400-Ml-826287_a.jpg
Pantene crema para peinar rizos 300 ml,6,Pantene,300 ml,Cuidado Personal,14000,https://olimpica.vtexassets.com/arquivos/ids/1787503/7501001170080_1.jpg.jpg
Savital aceite de argán y sábila 350 ml,10,Savital,350 ml,Cuidado Personal,13500,https://copservir.vtexassets.com/arquivos/ids/1565594/CHAMPU-SAVITAL-ACEITE-ARGAN-SA_F.png
Savital anticaspa 350 ml,20,Savital,350 ml,Cuidado Personal,13500,https://distrimarketsas.com/rails/active_storage/blobs/proxy/eyJfcmFpbHMiOnsiZGF0YSI6MTc0NTQwNywicHVyIjoiYmxvYl9pZCJ9fQ==--d1ce5d517b2c7cae54e30b31bad6e5540d6c4be6/chasavital-anticaspa-350-ml.png
Dove hair therapy 400 ml,10,Dove,400 ml,Cuidado Personal,18500,https://m.media-amazon.com/images/I/61fp89xSpSL._SL1500_.jpg
Cera limpiadora La Joya lavanda 500 ml,2,La Joya,500 ml,Aseo e Higiene,8500,https://www.casaluker.com/wp-content/uploads/2024/03/LA-JOYA-CERA-406X511-OK.png
Mansión brillo instantáneo floral 500 ml,3,Mansión,500 ml,Aseo e Higiene,7500,https://eurosuper.vtexassets.com/arquivos/ids/176006/7702626203836.jpg
Mansión brillo instantáneo piso rojo floral 500 ml,2,Mansión,500 ml,Aseo e Higiene,7500,https://eurosuper.vtexassets.com/arquivos/ids/176006/7702626203836.jpg
Savital multivitaminas y sábila 350 ml,5,Savital,350 ml,Cuidado Personal,13500,https://drogueriaalamedasur.co/wp-content/uploads/Diseno-sin-titulo-2023-08-14T213931.360-430x430.png
Esponjas,24,Genérica,Paquete,Aseo e Higiene,2000,https://blog.synthesia.com/hs-fs/hubfs/esponjas%20poliuretano.png?width=1000&height=699&name=esponjas%20poliuretano.png
Savital acondicionador fusión proteínas y sábila 350 ml,22,Savital,350 ml,Cuidado Personal,13500,https://www.droguerialaeconomia.com/economia/site/img/1x/131695.jpg
Johnson's baby shampoo 400 ml,32,Johnson's,400 ml,Cuidado Personal,17000,https://exitocol.vtexassets.com/arquivos/ids/26866712/Johnsons-Baby-Shampoo-Original-X-400-ml-1472447_b.jpg
Nutribela15 400 ml,12,Nutribela,400 ml,Cuidado Personal,22000,https://drogueriascomfenalco.com/image/cache/catalog/FOTOS/LINEA%20CUIDADO%20PERSONAL(CAPILARES)/QUALA/shampoo_prohialuronico_7202_6240-600x600.JPG
Jabón el Puma 125g,1,El Puma,125 g,Aseo e Higiene,2500,https://images.rappi.com/products/6ab5c830-5e2d-4de1-b288-c55363c8e5ae.png
Jabón el Puma 250g,27,El Puma,250 g,Aseo e Higiene,4000,https://dalisa.co/rails/active_storage/blobs/proxy/eyJfcmFpbHMiOnsiZGF0YSI6MTc2OTM1MywicHVyIjoiYmxvYl9pZCJ9fQ==--cc6b8f595487fc30b39d5ebf623b6464712c0fb1/jabon%20lav%20(6).jpg
Pantene equilibrio 400 ml,12,Pantene,400 ml,Cuidado Personal,16500,https://megatiendas.vtexassets.com/arquivos/ids/167879/7500435209656.jpg
Nutribela15 repolarización 400ml,8,Nutribela,400 ml,Cuidado Personal,22000,https://pasteurio.vtexassets.com/arquivos/ids/186523/660028_01.jpg
Estropajo,24,Genérica,Unidad,Aseo e Higiene,1500,https://limpialotodo.com/570-medium_default/productos-de-limpieza-generico-estropajo-tipo-nanas-40-gr-estropajos.jpg
Nutribela15 reparación intensiva 400 ml,11,Nutribela,400 ml,Cuidado Personal,22000,https://olimpica.vtexassets.com/arquivos/ids/1601138/7702354956219.jpg
Scotch-Brite esponja,6,Scotch-Brite,Unidad,Aseo e Higiene,3500,https://olimpica.vtexassets.com/arquivos/ids/1086240/7501023107798.jpg
Esponja oro-plata Limpia Ya,5,Limpia Ya,Unidad,Aseo e Higiene,2500,https://fonina.co/738-large_default/esponja-oro-plata-x-1-limpiaya.jpg
Esponja estropajo Matrix,21,Matrix,Unidad,Aseo e Higiene,2000,https://supermercadolaestacion.com/35802-thickbox_default/esponja-inoxidable-plateada-matrix-x-unidad.jpg
Esponja Furor,6,Furor,Unidad,Aseo e Higiene,2200,https://www.ecoplastcentro.com/fotos/10745.jpg
Nutribela15 Enzimoterapia 15ml,12,Nutribela,15 ml,Cuidado Personal,8500,https://drogueriaalamedasur.co/wp-content/uploads/Champu-Nutribela-15-Enzimoterapia-18-Ml.jpg
Nutribela15 Reparación Intensiva 18ml,8,Nutribela,18 ml,Cuidado Personal,9500,https://carulla.vteximg.com.br/arquivos/ids/19665746/Shampoo-NUTRIBELA-REPARACION-INTENSIVA-18-ml-3555433_a.jpg
Nutribela15 Células Madre 15ml,12,Nutribela,15 ml,Cuidado Personal,9000,https://drogueriaalamedasur.co/wp-content/uploads/Acondicionador-Nutribela-15-Celulas-Madres-15-Ml.jpg
Limpia Ya Limón 500ml,3,Limpia Ya,500 ml,Aseo e Higiene,6500,https://static.merqueo.com/images/products/large/e8b9e3d3-c109-486f-a3e0-3234497d3181.jpg
La Joya Limón 500ml,3,La Joya,500 ml,Aseo e Higiene,8500,https://media.surtiplaza.co/dimen/7702088207557.png
123 Limón 500ml,7,123,500 ml,Aseo e Higiene,6000,https://www.kipclin.com/images/virtuemart/product/KIP-PQP-LAVAL00049.jpg
Furor Limón 400ml,3,Furor,400 ml,Aseo e Higiene,7500,https://olimpica.vtexassets.com/arquivos/ids/719908/7707335286750.jpg
Nutribela15 Células Madre 18ml,11,Nutribela,18 ml,Cuidado Personal,10000,https://megaseo170.com/cdn/shop/files/Shampoo_Nutribela_18_ml_Celulas_Madre_72ab460d-3d36-4588-a279-e7cccc87a922.jpg
Speedstick Xtreme Night 8g,18,Speedstick,8 g,Cuidado Personal,8500,https://www.droguerialaeconomia.com/economia/site/img/1x/115344.jpg
Nutribela15 Termo Protección 24ml,11,Nutribela,24 ml,Cuidado Personal,11000,https://images.rappi.com/products/1687283630085_1687283628973_1687283628703.png
Nutribela15 Células Madre 27ml,11,Nutribela,27 ml,Cuidado Personal,12000,https://megaseo170.com/cdn/shop/files/7702354951733.jpg
Nutribela15 Pro Hialurónico 15ml,7,Nutribela,15 ml,Cuidado Personal,10500,https://copservir.vtexassets.com/arquivos/ids/1573912/TRATAMIENTO-NUTRIBELA-15-PRO-H_F.png
Nutribela15 Pro Hialurónico 18ml,2,Nutribela,18 ml,Cuidado Personal,11500,https://copservir.vtexassets.com/arquivos/ids/1573912/TRATAMIENTO-NUTRIBELA-15-PRO-H_F.png
Marca Axion Lavaplatos en Crema Limón 235gr,5,Axion,235 g,Aseo e Higiene,5500,https://exitocol.vtexassets.com/arquivos/ids/27624410/Lavaplatos-Limon-X-235-gr-878126_b.jpg
Lavaplatos Salva de 235gr,1,Salva,235 g,Aseo e Higiene,4500,https://exitocol.vtexassets.com/arquivos/ids/27624410/Lavaplatos-Limon-X-235-gr-878126_b.jpg
Lavaplatos Lava de Uva 235gr,2,Lava,235 g,Aseo e Higiene,4500,https://cdn-ieffn.nitrocdn.com/NikSAEkKkRJFldGrHYUQJeeNRyGvdqhk/assets/images/optimized/rev-89e5f92/i0.wp.com/yuliethmarketing.com/wp-content/uploads/2021/06/fe95417d45ec60c3e3d1ad9f4ebc2f91.LAVALAVAVAJILLACREMAUVAARRANCAGRASA235GLL.png
Nutribela15 Pro Hialurónico 24ml,5,Nutribela,24 ml,Cuidado Personal,12500,https://copservir.vtexassets.com/arquivos/ids/1573912/TRATAMIENTO-NUTRIBELA-15-PRO-H_F.png
Yodora Crema Clásica 12g,3,Yodora,12 g,Cuidado Personal,6500,https://paraisodistribuciones.com/wp-content/uploads/2023/06/crema-yodora-tubo-12g.png
Crema para Peinar EGO 18ml,1,EGO,18 ml,Cuidado Personal,4500,https://pasteurio.vtexassets.com/arquivos/ids/202457/Cuidado-Personal-Cremas-de-peinar_Ego_Pasteur_1238224_sachet_01.jpg
Acción Disco Multi Superficie Limón 130gr,7,Acción,130 g,Aseo e Higiene,4000,https://olimpica.vtexassets.com/arquivos/ids/1469168/7509546652559_1.jpg
Speed Max Pulpa de Chontaduro 250ml,4,Speed Max,250 ml,Bebida,3500,https://vaquitaexpress.com.co/media/catalog/product/cache/e89ece728e3939ca368b457071d3c0be/7/7/7702090097245.jpg
Acción Disco Lavaplatos Furor 130gr,4,Acción,130 g,Aseo e Higiene,4000,https://mercadoslpineda.co/4299-thickbox_default/lavaplatos-axion-x-130-g-disco-limon.jpg
Speed Max Normal 310ml,7,Speed Max,310 ml,Bebida,4000,https://megatiendas.vtexassets.com/arquivos/ids/175078/7702090071849.jpg
Lavaloza en Crema Limón La Joya 500gr,4,La Joya,500 g,Aseo e Higiene,8000,https://media.surtiplaza.co/dimen/7702088207557.png
Acción de Limón 500gr,1,Acción,500 g,Aseo e Higiene,7500,https://i5.walmartimages.com.mx/samsmx/images/product-images/img_large/000143764l.jpg
Speedmax Normal Botella 400ml,2,Speedmax,400 ml,Bebida,4500,https://olimpica.vtexassets.com/arquivos/ids/1441168/7702090044195.jpg
Bretaña Botella Vidrio 300ml,2,Bretaña,300 ml,Bebida,6000,https://carulla.vteximg.com.br/arquivos/ids/19577239/Gaseosa-Friopack-Bretana-300-ml-178613_a.jpg
Heineken Botella 330cm3,8,Heineken,330 ml,Bebida,5500,https://labarraccu.com.ar/cdn/shop/files/Cerveza_Heineken_Sin_Alcohol_0.0_Porron_330ml_Pack_x12_1_4e062719-a6a3-4afe-afc1-42566dca17fc_800x.png
Tropi Kola Manzana 400ml,7,Tropi Kola,400 ml,Bebida,3500,https://vecishops-images-production.s3.amazonaws.com/uploads/photoproducts/15398676-480b-4a69-b1eb-e4e502186005.jpg
Pony Malta Go Botella 200cm3,2,Pony Malta,200 ml,Bebida,3000,https://olimpica.vtexassets.com/arquivos/ids/1787038/7702004025784.jpg.jpg
Tra Lavaplatos Limón 400gr,7,Tra,400 g,Aseo e Higiene,6500,https://exitocol.vtexassets.com/arquivos/ids/26769515/Lavaplatos-Taco-Limon-29362_a.jpg
Tropi Kola Tropical Botella 400ml,3,Tropi Kola,400 ml,Bebida,3500,https://en1ya.com/wp-content/uploads/2022/08/GASEOSA-TROPICOLA-TROPICAL.png
Cristal Aloe Botella 330ml,4,Cristal,330 ml,Bebida,3200,https://exitocol.vteximg.com.br/arquivos/ids/25503916/Agua-con-Aloe-CRISTAL-330-ml-3214239_a.jpg
Axion Limón 150gr,3,Axion,150 g,Aseo e Higiene,4000,https://exitocol.vtexassets.com/arquivos/ids/26770855/Lavaloza-Limon-AXION-CO01748A-1050255_a.jpg
7up Botella 400ml,1,7up,400 ml,Bebida,3500,https://carulla.vtexassets.com/arquivos/ids/18664743/Gaseosa-Pet-1058167_a.jpg
Gatorade Mandarina Botella 500ml,5,Gatorade,500 ml,Bebida,4500,https://olimpica.vtexassets.com/arquivos/ids/1432351/7702192218050.jpg
Gatorade Blue Ice Botella 500ml,1,Gatorade,500 ml,Bebida,4500,https://olimpica.vtexassets.com/arquivos/ids/1834185/7702192736455.jpg
Colombiana Botella 400ml,1,Colombiana,400 ml,Bebida,3500,https://exitocol.vteximg.com.br/arquivos/ids/27657091/Gaseosa-Colombiana-x-400-ml-1058142_a.jpg
Gatorade Sin Azúcar Botella 500ml,2,Gatorade,500 ml,Bebida,4500,https://exitocol.vtexassets.com/arquivos/ids/26836366/Bebida-Hidra-Sin-Azu-Fresa-Kiwi-GATORADE-500-ml-3401803_a.jpg
Pony Malta Botella 330cm3,6,Pony Malta,330 ml,Bebida,3200,https://exitocol.vtexassets.com/arquivos/ids/26658723/Pony-Malta-Pet-330-ml-617569_a.jpg
Desengrasante Dersa Limón 200ml,1,Dersa,200 ml,Aseo e Higiene,4500,https://exitocol.vtexassets.com/arquivos/ids/26774702/Lavaloza-Liquido-Limon-Desinf-DERSA-LAVALOZA-LIQUIDO-DERSA-400-ML-3470759_a.jpg
Malta Leona Sabor Original Botella 400cm3,2,Malta Leona,400 ml,Bebida,3500,https://exitocol.vtexassets.com/arquivos/ids/25452188/Malta-Pet-LEONA-400-Mililitro-1397799_a.jpg
Desengrasante Blanco 500ml,1,Genérico,500 ml,Aseo e Higiene,5000,https://exitocol.vteximg.com.br/arquivos/ids/26778258/Desengrasante-Cocina-BLANCOX-10034210-153770_a.jpg
Cola y Pola Refajo Botella 1500cm3,7,Cola y Pola,1500 ml,Bebida,8000,https://carulla.vtexassets.com/arquivos/ids/20185949/Refajo-Cola-Y-Pola-Pet-X-1500ml-120074_a.jpg
Quita Grasa Easyoff Bang 500ml,3,Easyoff Bang,500 ml,Aseo e Higiene,8500,https://easycolombia.vtexassets.com/arquivos/ids/171029/easy-off-bang-quitagrasa-limon-pistola-500ml-1.jpg
Pony Malta Go Botella 1L,13,Pony Malta,1 L,Bebida,5500,https://prodcdnmobisoft.oxxodomicilios.com/01J5Z8KDZFY5ASVZ6YCWEH1TRE.png
Quitagrasa Frotex 500ml,1,Frotex,500 ml,Aseo e Higiene,7500,https://frotex.com/wp-content/uploads/2022/12/SUPERFICIES-ACT2.png
Pony Malta Botella 1.5L,1,Pony Malta,1.5 L,Bebida,7500,https://exitocol.vtexassets.com/arquivos/ids/25709101/Pony-Malta-Pet-15-Litros-618578_a.jpg
Pony Malta Botella 2L,5,Pony Malta,2 L,Bebida,9000,https://lacaretalicores.com/cdn/shop/files/D_NQ_NP_747784-MCO48003291406_102021-O.webp?v=1737561541
Desengrasante GCS 500ml,2,GCS,500 ml,Aseo e Higiene,6500,https://prodcdnmobisoft.oxxodomicilios.com/01JBYR0R3BZK7AC0N2JYR5W8ZP.png
Desengrasante Furor 500ml,2,Furor,500 ml,Aseo e Higiene,7000,https://www.ecoplastcentro.com/fotos/8823.jpg
Coronita Extra 210ml,46,Coronita,210 ml,Bebida,4500,https://colanta.vtexassets.com/arquivos/ids/156779/436W-1.png
Limpia Hornos Easyoff 250ml,2,Easyoff,250 ml,Aseo e Higiene,9500,https://www.mercaboy.com/5058-large_default/limpia-hornos-easy-off-250ml.jpg
Pares de Guantes Amarillos,15,Genérico,Pares,Proteccion,3500,https://thumbs.dreamstime.com/b/pares-de-guantes-amarillos-del-caucho-o-l%C3%A1tex-para-las-tareas-hogar-protecci%C3%B3n-la-mano-al-trabajar-con-sustancias-qu%C3%ADmicas-144873965.jpg
Alcohol Industrial 375cc GM,3,GM,375 cc,Quimicos,8000,https://productosscopa.com/wp-content/uploads/2022/08/Alcohol-Industrial.png
Pares de Avientes Talla 9 Calibre 25,15,Genérico,Pares,Proteccion,4500,https://mundodotaciones.com/wp-content/uploads/2021/09/producto2.jpg
Alcohol Industrial 750 GM,3,GM,750 ml,Quimicos,14000,https://easycolombia.vtexassets.com/arquivos/ids/178871/alcohol-etilico-industrial-x750-cm3-1.jpg
Varsol 375 GM,2,GM,375 ml,Quimicos,6500,https://depositolaramada.com/wp-content/uploads/2021/02/VARSOL-BOTELLA-800x800_c.jpg
Varsol 750 GM,3,GM,750 ml,Quimicos,11000,https://depositolaramada.com/wp-content/uploads/2021/02/VARSOL-BOTELLA-800x800_c.jpg
Guantes 8 y Medio (pares),90,Genérico,Pares,Proteccion,3000,https://www.papyser.com/catalogo/0514912.jpg
Thinner 375 GM,1,GM,375 ml,Quimicos,7500,https://images.rappi.com/products/1635611155203_1635611152795.jpg
Thinner 375 Vidrio GM,1,GM,375 ml,Quimicos,8000,https://easycolombia.vtexassets.com/arquivos/ids/178916/thinner-fino-x375-cm3-1.jpg
Thinner 750 GM,3,GM,750 ml,Quimicos,20000,https://images.rappi.com/products/1655420594688_1655420563092.jpg
Magistral Potasa Cáustica 300g,2,Magistral,300g,Limpieza,10000,https://dcdn-us.mitiendanube.com/stores/005/006/151/products/oriental-6-soda-caustica-300g-oriental-min-19cf67f9907022305317229905591158-480-0.jpeg
Destape Cañerías Tiussox 500g,1,Tiussox,500g,Limpieza,13500,https://ferreteriaabg.com/wp-content/uploads/2024/04/super-topo-1.png
Dersa Polvo Limpiador Citrus 500g,2,Dersa,500g,Limpieza,7000,https://vaquitaexpress.com.co/media/catalog/product/cache/e89ece728e3939ca368b457071d3c0be/7/7/7702166005013_33.jpg
Botellas de Andina 330ml,30,Andina,330ml,Bebidas,2800,https://dislicoresqa.vtexassets.com/arquivos/ids/256992/364008-Cerveza-Andina.png
Clorox 460ml,16,Clorox,460ml,Limpieza,5200,https://olimpica.vtexassets.com/arquivos/ids/1188791/7702213862705_1.jpg
Vanish Quita Manchas 130ml,2,Vanish,130ml,Cuidado de ropa,16500,https://eu-images.contentstack.com/v3/assets/blt6618a6af19da7ce1/bltc9bfe4fc3e572709/671b928a85012a35d66a498f/7702626216935_-_VANISH_ROSA_DOYPACK_130ML.png
Vanish Blanco Total 130ml,11,Vanish,130ml,Cuidado de ropa,16500,https://eu-images.contentstack.com/v3/assets/blt6618a6af19da7ce1/blt268b613fbd75dca1/671b9662dd4fd4a8681593db/7702626216942_-_VANISH_BLANCO_DOYPACK_130ML.png
Pequeñín Original Toalla,8,Pequeñín,N/A,Aseo e Higiene,40000,https://drogueriasantamaria.com/rails/active_storage/representations/proxy/eyJfcmFpbHMiOnsiZGF0YSI6OTEzNDMsInB1ciI6ImJsb2JfaWQifX0=--0bf343d6330479fd64b4210103d93f633bca4509/eyJfcmFpbHMiOnsiZGF0YSI6eyJmb3JtYXQiOiJwbmciLCJyZXNpemVfdG9fZml0IjpbODAwLDgwMF19LCJwdXIiOiJ2YXJpYXRpb24ifX0=--cef66509c9cdc75663c0eefd9421db1d2ea4fead/Toallas%20Humedas%20Peque%C3%B1in%20Original%2024%20unidades.png
Vanish Oxi Action 30g,18,Vanish,30g,Cuidado de ropa,4000,https://i5.walmartimages.com.mx/gr/images/product-images/img_large/00770262620420L.jpg
Woolite 300ml,2,Woolite,300ml,Cuidado de ropa,13500,https://olimpica.vtexassets.com/arquivos/ids/875006/7702626214702-1.jpg
Woolite Ropa Oscura 500ml,3,Woolite,500ml,Cuidado de ropa,20000,https://olimpica.vtexassets.com/arquivos/ids/1423259/7702626217178_1.jpg
Varsol Magistral Eco 400ml,1,Magistral,400ml,Limpieza,9000,https://static.merqueo.com/images/products/large/71aea903-1b7a-40be-bb75-f49174a09d13.jpg
Pañales Pequeñín Etapa 1,21,Pequeñín,N/A,Aseo e Higiene,20000,https://exitocol.vteximg.com.br/arquivos/ids/26755938/Panales-Pequenin-Extraproteccion-Etapa-1-X-100-Und-Jumbopack-1012725_a.jpg
Pañales Pequeñín Etapa 3,15,Pequeñín,N/A,Aseo e Higiene,20000,https://exitocol.vteximg.com.br/arquivos/ids/26755931/Panales-Pequenin-Extraproteccion-Etapa-3-X-60-Und-Megapack-12873_b.jpg
Pañales Pequeñín Etapa 4,8,Pequeñín,N/A,Aseo e Higiene,20000,https://carulla.vteximg.com.br/arquivos/ids/19669489/Panales-Pequenin-Extraproteccion-Etapa-4-X-40-Und-970919_a.jpg
Pañales Pequeñín Etapa 5,4,Pequeñín,N/A,Aseo e Higiene,20000,https://static.merqueo.com/images/products/large/d89d2338-9e49-49fe-a8d2-bf2b9d45a040.jpg
Biovsrsol y Desinfectante,2,Biovarsol,N/A,Limpieza,10000,https://www.multinsa.com/wp-content/uploads/2022/02/Recurso-31_bul.png
Pañales Adulto Mayor Tena,2,Tena,N/A,Aseo e Higiene,40000,https://images.ctfassets.net/cnyu7awagftg/P5C7P5Wf38XB3dOl0Zcu4/b68406545804dad763eb23603a42be2f/linea-tena-slip-interior-2.png
Blancox Ropa Color 500ml,2,Blancox,500ml,Cuidado de ropa,10000,https://mercasur.com.co/rails/active_storage/representations/proxy/eyJfcmFpbHMiOnsiZGF0YSI6ODY4MDYyLCJwdXIiOiJibG9iX2lkIn19--606c43f1015f58acfcd5be7594dbc80881f6b31a/eyJfcmFpbHMiOnsiZGF0YSI6eyJmb3JtYXQiOiJ3ZWJwIiwicmVzaXplX2FuZF9wYWQiOlszMjAsMzIwLHsiZXh0ZW5kIjoid2hpdGUifV19LCJwdXIiOiJ2YXJpYXRpb24ifX0=--a7d4729092d7300df826ec1077a67fefc8243382/226351-800-800%20(1).jpg
Nosotras Megapack,150,Nosotras,N/A,Aseo e Higiene,30000,https://unidrogas.vtexassets.com/arquivos/ids/437123/7702027044199.jpg
Clorox Ropa Vivos 450ml,2,Clorox,450ml,Cuidado de ropa,10000,https://olimpica.vtexassets.com/arquivos/ids/1851381/7702137628654_2.jpg.jpg
Limpieza Real Ropa Color 1L,2,Limpieza Real,1L,Cuidado de ropa,13500,https://olimpica.vtexassets.com/arquivos/ids/1248730/7702137629545_2.jpg
La Calleya Ropa Color 1L,2,La Calleya,1L,Cuidado de ropa,13500,https://static.merqueo.com/images/products/large/d47175fb-ddfe-4b23-9876-99ca6e39da88.jpg
MiDia Ropa Color 1L,2,MiDia,1L,Cuidado de ropa,13500,https://www.midia.com.co/sites/default/files/styles/product_detail/public/2024-02/000_Ropa_Color_MiDia_1000_Ml_1.png
MinoraDos Cuchillas,9,MinoraDos,N/A,Aseo e Higiene,3500,https://lacasadelcientifico.com.co/wp-content/uploads/2024/06/minoraa.png
Fluo Cardent Cepillo,8,Fluo Cardent,N/A,Aseo e Higiene,2500,https://www.ventaprofesionalkbpo.com/171-large_default/cepillo-fluocardent-prevencion-caries.jpg
Gilette Venus,4,Gilette,N/A,Aseo e Higiene,12000,https://exitocol.vtexassets.com/arquivos/ids/27498195/Afeitadora-Breeze-1-Cartucho-1-Soporte-573259_a.jpg
Carefree Toallas Higiénicas (paquetes),4,Carefree,N/A,Aseo e Higiene,8000,https://d31f1ehqijlcua.cloudfront.net/n/3/0/8/3/3083e593f05207571af71b597dde201a4447e2b2_FeminineHygiene_304473_01.jpg
Nosotras Toallas Higiénicas (paquetes),7,Nosotras,N/A,Aseo e Higiene,8000,https://locatelcolombia.vtexassets.com/arquivos/ids/345036/7702027041662_1_Toallas-Higienicas-Nosotras-Natural-Invisible-Con-Alas-X-10Und.png
Oferta Nosotras 2 Paquetes (Total: 4 paquetes),4,Nosotras,N/A,Aseo e Higiene,15000,https://colsubsidio.vteximg.com.br/arquivos/ids/204009-1200-1200/7702027416927_1.jpg.jpg
Lavaloza Líquido Limpia Ya Limón 500ml,3,Limpia Ya,500ml,Limpieza,4500,https://static.merqueo.com/images/products/large/e8b9e3d3-c109-486f-a3e0-3234497d3181.jpg
Marca Axion 235gr Lavaplatos en Crema Limón,5,Axion,235gr,Limpieza,4000,https://exitocol.vtexassets.com/arquivos/ids/27624410/Lavaplatos-Limon-X-235-gr-878126_b.jpg
Acción Disco Multi Superficie 130gr Limón,7,Acción,130gr,Limpieza,3500,https://olimpica.vtexassets.com/arquivos/ids/1469168/7509546652559_1.jpg
Acción de 500gr de Limón,1,Acción,500gr,Limpieza,5000,https://www.abastobasico.com.mx/10423-large_default/axion-lavatrastes-en-polvo-limon-500-g.jpg
150gr Limón Axion,3,Axion,150gr,Limpieza,3000,https://exitocol.vtexassets.com/arquivos/ids/26770856/Lavaloza-Limon-AXION-CO01748A-1050255_b.jpg
Botella Pony Malta 330cm3,6,Pony Malta,330cm3,Bebidas,2800,https://exitocol.vtexassets.com/arquivos/ids/26658723/Pony-Malta-Pet-330-ml-617569_a.jpg
Desengrasante Blanco de 500ml,1,Blanco,500ml,Limpieza,8000,https://www.papyser.com/catalogo/-2883.jpg
Pony Malta 1.5L Botella,1,Pony Malta,1.5L,Bebidas,6500,https://exitocol.vtexassets.com/arquivos/ids/25709101/Pony-Malta-Pet-15-Litros-618578_a.jpg
Pony Malta 2L Botella,5,Pony Malta,2L,Bebidas,8000,https://copservir.vtexassets.com/arquivos/ids/1175234/PONY-MALTA-BOTELLA-X-2-LITROS_F.png
Desengrasante Furos 500ml,2,Furos,500ml,Limpieza,8500,https://fuller.com.co/cdn/shop/files/desengrasante-multiusos-500-fuller.png
Pares de Guantes 8 y Medio,90,Sin Marca,Unidad,Seguridad e higiene,2500,https://locatelcolombia.vtexassets.com/arquivos/ids/196675/7707228360024-guantes-alfasafe-latex-6-y-medio-par-x-12.png
Destape Cañerías Tiussox 500gr,1,Tiussox,500g,Limpieza,13500,https://exitocol.vtexassets.com/arquivos/ids/16533522/destaqueador-destapa-canerias-500cc-soda-caustica-limpieza-sifon-cocinas-banos.jpg
Biovarsol y desinfectante,2,Biovarsol,Unidad,Limpieza,12000,https://www.multinsa.com/wp-content/uploads/2022/02/Recurso-2-1_bul.png
Toallas Higiénicas Carefree (paquetes),4,Carefree,Unidad,Cuidado Personal,8500,https://d31f1ehqijlcua.cloudfront.net/n/3/0/8/3/3083e593f05207571af71b597dde201a4447e2b2_FeminineHygiene_304473_01.jpg
Toallas Higiénicas Nosotras (paquetes),7,Nosotras,Unidad,Cuidado Personal,9500,https://locatelcolombia.vtexassets.com/arquivos/ids/345036/7702027041662_1_Toallas-Higienicas-Nosotras-Natural-Invisible-Con-Alas-X-10Und.png
Oferta Nosotras (paquetes),4,Nosotras,Unidad,Cuidado Personal,7500,https://copservir.vtexassets.com/arquivos/ids/1561694/OF-TOALLAS-NOSOTRAS-AJ-SE-X-8_F.png
Tanga clásica Nosotras (paquete),1,Nosotras,Unidad,Cuidado Personal,12000,https://mispastillas.com/wp-content/uploads/2021/04/1084-Nosotras-Tanga-Classica-tela-x-10-und-FAMILIA-SANCELA-mispastillas-tienda-pastillas-medellin-colombia.jpg
Ladysoft tela suave 10u (paquetes),3,Ladysoft,10u,Cuidado Personal,6500,https://clubsoftys.vtexassets.com/arquivos/ids/171793/7759185010542_2.png
Ladysoft tela suave nocturna 10u (paquetes),3,Ladysoft,10u,Cuidado Personal,7500,https://amarket.com.bo/cdn/shop/files/7759185007917.jpg
Stayfree (paquete),1,Stayfree,Unidad,Cuidado Personal,8000,https://copservir.vtexassets.com/arquivos/ids/1560434/TOALLA-STAYFREE-ESPECIAL-ALAS_F.png
UltraBarba Schick,20,Schick,Unidad,Afeitado,6500,https://supermercadoslacanasta.caxtor.co/rails/active_storage/representations/proxy/eyJfcmFpbHMiOnsiZGF0YSI6OTQ4NzIxLCJwdXIiOiJibG9iX2lkIn19--847aee8dedbf8c0facf9801b802a996e9fd191c6/eyJfcmFpbHMiOnsiZGF0YSI6eyJmb3JtYXQiOiJwbmciLCJyZXNpemVfdG9fZml0IjpbODAwLDgwMF19LCJwdXIiOiJ2YXJpYXRpb24ifX0=--cef66509c9cdc75663c0eefd9421db1d2ea4fead/75919146.png
Lubriderm 25ml,4,Lubriderm,25ml,Cuidado de la piel,12000,https://drogueriaalamedasur.co/wp-content/uploads/lubriderm-piel-normal-extra-humectante-25-ml.jpg
Paquete de toallas invisible,13,Sin Marca,Unidad,Cuidado Personal,5500,https://olimpica.vtexassets.com/arquivos/ids/1349757/7702027415517.jpg
Kotex promo 16 unidades,16,Kotex,16u,Cuidado Personal,14000,https://olimpica.vtexassets.com/arquivos/ids/822374/7702425805316.jpg
Ladysoft normal (paquetes),42,Ladysoft,Unidad,Cuidado Personal,6000,https://softysco.vteximg.com.br/arquivos/ids/156213-1000-1000/1TTCO711004_2.jpg
Siempre Libre Superpack 24 toallas,24,Siempre Libre,24u,Cuidado Personal,18000,https://images.ctfassets.net/ft324xor1pp0/7vk7nUSUFd0X2xRCrE5DF4/004953ac7b602416e20f1c20cd7ddf42/_AF-IMG-MKP-SIEMPRE-LIBRE-MOONLIGHT-BRASIL-8UNID-SUAVE-FRONT.png
Nosotras maternidad 10 toallas,1,Nosotras,10u,Cuidado Personal,15000,https://eurosuper.vtexassets.com/arquivos/ids/179950/7702027440106.jpg
Nosotras tampones,1,Nosotras,Unidad,Cuidado Personal,12000,https://images.ctfassets.net/o65uf8qogksw/1LprzGN0ujeuFVobUI4mWZ/f43c62860b72d76a2b61a914b0f7e889/tampones-nosotras-con-aplicador-super-flujo-abundantex8.png?w=500&h=500&q=100&fm=png
Blancox desinfectante baño 500ml,2,Blancox,500ml,Limpieza,9500,https://www.kipclin.com/images/virtuemart/product/KIP-BRS-100340921.jpg
Cepillo Colgate,1,Colgate,Unidad,Cuidado Personal,4500,https://olimpica.vtexassets.com/arquivos/ids/1484222/7891024316207_1.jpg
Colgate kids,11,Colgate,Unidad,Cuidado Personal,5500,https://copservir.vtexassets.com/arquivos/ids/1581668/CREMA-DENTAL-COLGATE-KIDS-GEL_F.png
Siempre libre tampoco 8u,8,Siempre Libre,8u,Cuidado Personal,9500,https://www.drogueriaspatria.com/wp-content/uploads/2024/04/7891010254780-1.jpg
Schick Quattro titanium,1,Schick,Unidad,Afeitado,18000,https://copservir.vtexassets.com/arquivos/ids/1560738/MAQUINA-AFEIT-SCHICK-QUAT-NORM_F.png
Oral B cepillo,4,Oral B,Unidad,Cuidado Personal,8500,https://olimpica.vtexassets.com/arquivos/ids/1483456/7501001100285_1.jpg
Cure Band esparadrapo,8,Cure Band,Unidad,Salud,3500,https://locatelcolombia.vtexassets.com/arquivos/ids/336006/7702136642712_2_Esparadrapo-Tela-Cureband-1X5-X-1Und.jpg
Jabón corporal extracto de frutos rojos y flor de cerezo Nosotras 24ml,3,Nosotras,24ml,Aseo e Higiene,4500,https://images.rappi.com/products/129375310746_shjhavlsxjyt_576447349236_itrujvqtpnlz_2222032_1.jpeg
Oral B crema complete 50ml,1,Oral B,50ml,Cuidado Personal,8500,https://www.droguerialaeconomia.com/economia/site/img/1x/105235.jpg
Fluo Cardent crema triple acción,4,Fluo Cardent,Unidad,Cuidado Personal,6500,https://copservir.vtexassets.com/arquivos/ids/1379973/CREMA-DENTAL-FLUOCARDENT-TRIPL_F.png
Suavitel Cuidado Superior Fresca Primavera 110ml,11,Suavitel,110ml,Cuidado Personal,4500,https://www.tuhogar.com/content/dam/cp-sites/home-care/tu-hogar/latam/productos/suavitel/2022-cuidado-supereior-fresca-primavera/suavitel-fresca-primavera-2022-110ml.jpg
Colgate crema 22ml,8,Colgate,22ml,Higiene Bucal,3500,https://www.droguerialaeconomia.com/economia/site/img/galeria/112725-1.jpg
Colgate triple acción blancura 60ml,5,Colgate,60ml,Higiene Bucal,6500,https://www.droguerialaeconomia.com/economia/site/img/1x/115089.jpg
Colgate triple acción 60ml,2,Colgate,60ml,Higiene Bucal,6500,https://locatelcolombia.vtexassets.com/arquivos/ids/226683/7702010111495_1_CREMA-DENTAL-COLGATE-TRIPLE-ACCION-X-60ML.jpg
Mexsana pack,2,Mexsana,Pack,Cuidado Personal,8500,https://copservir.vtexassets.com/arquivos/ids/1598152/TALCO-MEXSANA-150-G---85-G-PR_F.png
Listerine Cool Mint Zero Alcohol 180ml,3,Listerine,180ml,Higiene Bucal,15000,https://www.mercaboy.com/855-large_default/enjuague-bucal-listerine-cool-mint-zero-alcohol-180ml.jpg
Paquetes de velas Lloreda,10,Lloreda,Pack,Iluminacion,3500,https://panchiscakes.com/wp-content/uploads/2023/11/vela.jpg
Paquetes de velas La Inmaculada,9,La Inmaculada,Pack,Iluminacion,3500,https://carulla.vtexassets.com/arquivos/ids/17389904/Velas-Farol-Paq-X-20-Unds-Cu-35153_a.jpg
Paquetes de velas de colores Sol y Luna de Colombia,3,Sol y Luna de Colombia,Pack,Iluminacion,4000,https://paraisodistribuciones.com/wp-content/uploads/2023/10/velas-caja-x30.png
Velas grandes blancas,2,Genérica,Grandes,Iluminacion,2500,https://velasmisionera.com/wp-content/uploads/2021/06/Vela-Cirio-Grande-17cm-BLANCO.png
Cure Band venditas,14,Cure Band,Pack,Cuidado Personal,4500,https://locatelcolombia.vtexassets.com/arquivos/ids/393575/7702136645003_2_Curas-Cureband-Venditas-Standard-X-100Und.jpg
Noraver gripa y tos 6 cápsulas,6,Noraver,6 cápsulas,Medicamentos,12000,https://locatelcolombia.vtexassets.com/arquivos/ids/335447/7702057160487_1_Noraver-Gripa-Y-Tos-Fast-Total-Caja-X-6-Capsulas-Liquidas.jpg
Sinutab Plus Congestión 12 tabletas,12,Sinutab,12 tabletas,Medicamentos,18000,https://www.mercaboy.com/1678-medium_default/sinutab-plus-ns-12-tabletas.jpg
Noraver gripa día 6 sobres de 15g,6,Noraver,6 sobres de 15g,Medicamentos,15000,https://locatelcolombia.vtexassets.com/arquivos/ids/335280/7702057160821_1_Noraver-Gripa-Dia-Caja-X-6-Sobres-De-15G.jpg
Velas de colores,63,Genérica,Variado,Iluminacion,2000,https://bucket.somosohlala.com.ar/s3fs-public/styles/internal_990/public/2023-05/rulos-tendencia-cortes-2023_23.jpg
Noraver noche gripa 6 sobres de 15g,6,Noraver,6 sobres de 15g,Medicamentos,15000,https://locatelcolombia.vtexassets.com/arquivos/ids/335443/7702057160975_1_Noraver-Gripa-Noche-Caja-X-6-Sobres-De-15G.jpg
Bonfiest Plus Alivio Rápido 20 sobres,20,Bonfiest,20 sobres,Medicamentos,22000,https://pasteurio.vtexassets.com/arquivos/ids/199204/Salud-y-Medicamentos-Dolor-de-cabeza_Bonfiest_Pasteur_404372_caja_01.jpg
Sal de frutas Lua,14,Lua,Unidad,Medicamentos,8500,https://licoresmedellin.com/cdn/shop/files/SOBRE_SAL_DE_FRUTAS_LUA_5G.jpg
Cera La Joya Lavanda 500ml,3,La Joya,500ml,Limpieza,8500,https://www.casaluker.com/wp-content/uploads/2024/03/LA-JOYA-CERA-406X511-OK.png
Genoprazol Plus 10ml,1,Genoprazol,10ml,Medicamentos,25000,https://comfandivirtual.com.co/299275-large_default/genoprazol-plus-suspension-oral-10ml-caja-10-sachets-genomma-lab-colombia-ltda.jpg
Acetaminofén Forte MK 8 tabletas,8,MK,8 tabletas,Medicamentos,4500,https://beta1.cruzverde.com.co/on/demandware.static/-/Sites-masterCatalog_Colombia/default/dw51d5ca57/images/large/128969_1ACETAMINOFEN_FORTE_MK.jpg
Paño absorbente 12u,12,Genérica,12 unidades,Limpieza,5500,https://aseo1acorp.com/cdn/shop/products/60601008.jpg
Alka-Seltzer Extreme 8 sobres,8,Alka-Seltzer,8 sobres,Medicamentos,18000,https://copservir.vtexassets.com/arquivos/ids/1586961/OFERTA-ALKA-EXTREME-PAG-6-LL-8_F.png
"Gel limpiador disco activo, Mr. Músculo paquete",1,Mr. Músculo,Paquete,Limpieza,12000,https://villavoexpress.com/rails/active_storage/representations/proxy/eyJfcmFpbHMiOnsiZGF0YSI6NjU2MTIsInB1ciI6ImJsb2JfaWQifX0=--35eb563609d0e605eaf958ba749baddd6335ea8f/eyJfcmFpbHMiOnsiZGF0YSI6eyJmb3JtYXQiOiJwbmciLCJyZXNpemVfdG9fZml0IjpbNjAwLDYwMF19LCJwdXIiOiJ2YXJpYXRpb24ifX0=--db42ba722be1e76788976c3dae164d352f833ae3/discos-activos-mr-musculos-gel-limpiador-15-gr.png
Aspirina Efervescente Bayer 500mg,31,Bayer,500mg,Medicamentos,2500,https://copservir.vtexassets.com/arquivos/ids/1556321/ASPIRINA-EFERVESCENTE-500-MG_F.png
Alka-Seltzer Original 28 tabletas,28,Alka-Seltzer,28 tabletas,Medicamentos,35000,https://www.alkaseltzer.com.co/sites/g/files/vrxlpx50896/files/2025-02/Group%2015218%20%281%29.png
AlivRub MK 12g,9,MK,12g,Medicamentos,8500,https://pasteurio.vtexassets.com/arquivos/ids/182677/Salud-y-Medicamentos-Unguentos-y-descongestionantes_Alivrub_Pasteur_258013_lata_01.jpg
Gatsy Sabores Caseros 250g,1,Gatsy,250g,Alimento para Mascotas,4500,https://en1ya.com/wp-content/uploads/2022/08/ALIMENTO-PARA-GATOS-GATSY-SABORES-CASEROS-X-250g..png
Buscapina Compositum NF 325mg,10,Buscapina,325mg,Medicamentos,3500,https://colsubsidio.vteximg.com.br/arquivos/ids/197918-1200-1200/7703202221336_Hero.jpg
Gatsy Adultos 500g,2,Gatsy,500g,Alimento para Mascotas,7500,https://vaquitaexpress.com.co/media/catalog/product/cache/e89ece728e3939ca368b457071d3c0be/7/7/7702521086961.jpg
Calmidol Max 26 pastas,26,Calmidol,26 pastas,Medicamentos,12000,https://bellefarma.com/cdn/shop/products/16980.png
Suavizante de Tela Suavitel Vainilla 180ml,2,Suavitel,180ml,Limpieza,5500,https://distribucioneselconfite.com/6815-large_default/suavizante-suavitel-vainilla-x-180ml.jpg
Suavizante de Tela Suavitel Lavanda 180ml,2,Suavitel,180ml,Limpieza,5500,https://www.tuhogar.com/content/dam/cp-sites/home-care/tu-hogar/latam/productos/suavitel/thumbnails/pack-shot-suavitel-orquidea-new-res.png
Suavizante de Tela Suavitel Fresca Primavera 180ml,1,Suavitel,180ml,Limpieza,5500,https://exitocol.vtexassets.com/arquivos/ids/27624979/Fresca-Primavera-180ml-SUAVITEL-SIN-REF-3208516_a.jpg
Mareol 12 tabletas,12,Mareol,12 tabletas,Medicamentos,15000,https://locatelcolombia.vtexassets.com/arquivos/ids/332338/7702132004460_1_Mareol-Caja-X-12-Tabletas.jpg
Gatsy Cachorros 500g,2,Gatsy,500g,Alimento para Mascotas,8500,https://www.supermaxi.com/wp-content/uploads/2025/05/items2Figm2F1500x15002F7702521880057-1.jpg
Advil Ultra 20 cápsulas,20,Advil,20 cápsulas,Medicamentos,28000,https://locatelcolombia.vtexassets.com/arquivos/ids/393392/7702132008482_0_Advil-Ultra-Caja-X-20-Capsulas-Liquidas.jpg
Don Kat 500g,2,Don Kat,500g,Alimento para Mascotas,6500,https://vaquitaexpress.com.co/media/catalog/product/cache/e89ece728e3939ca368b457071d3c0be/7/7/7702084057156_33.jpg
Mieltertos Noche 90g 6 sobres,6,Mieltertos,90g (6 sobres),Medicamentos,18000,https://olimpica.vtexassets.com/arquivos/ids/630626/7707232098043.jpg
Mirringon 500g,1,Mirringon,500g,Alimento para Mascotas,7000,https://jumbocolombiaio.vtexassets.com/arquivos/ids/493786/7703090433927.jpg
Acetaminofén Memphis 500mg 100 tabletas,100,Memphis,500mg (100 tabletas),Medicamentos,12000,https://copservir.vtexassets.com/arquivos/ids/1575548/ACETAMINOFEN-500-MG_F.png
Alimento para Aves Maritza 460g,2,Maritza,460g,Alimento para Mascotas,5500,"https://static.wixstatic.com/media/b4b93f_2b3a35bd78954a2bb687671fd512f7e4~mv2.png/v1/fill/w_520,h_346,al_c,q_85,usm_0.66_1.00_0.01,enc_avif,quality_auto/b4b93f_2b3a35bd78954a2bb687671fd512f7e4~mv2.png"
Q Duraflex Muscular Advance 6 cápsulas,6,Duraflex,6 cápsulas,Medicamentos,22000,https://locatelcolombia.vtexassets.com/arquivos/ids/335206/7702057091163_1_Duraflex-Muscular-Advance-Caja-X-6-Capsulas-Liquidas.jpg
Menticol Loción 60ml,2,Menticol,60ml,Cuidado Personal,9500,https://drogaspaguemenos.co/storage/products/1644238406-DI-menticol-original-locion-x-60-ml-sv-large.jpg
Sevedol Abbott 120 tabletas,120,Abbott,120 tabletas,Medicamentos,45000,https://colsubsidio.vteximg.com.br/arquivos/ids/182679-1200-1200/7702870004401.jpg
Mixtura 460g,3,Mixtura,460g,Alimento para Mascotas,5000,https://sudespensa.com.co/wp-content/uploads/2018/08/productos-sudespensa-_0007_mixtura.png
Magnesia MK 120ml,2,MK,120ml,Medicamentos,8500,https://copservir.vtexassets.com/arquivos/ids/1574035/MAGNESIA-MK-SUSPENSION_F.png
Vinagre de Limpieza MiDía 1L,1,MiDía,1L,Limpieza,4500,https://www.midia.com.co/sites/default/files/styles/product_detail/public/2024-07/097_Vinagre_Limpieza_Atomizador_MiDia_1000.png
Limpiador de Juntas Limpia Ya 500ml,2,Limpia Ya,500ml,Limpieza,7500,https://mistiendas.com.co/17759-large_default/limpiador-de-juntas-limpia-ya-x500ml.jpg
Limpiavidrios Pack Máximo 800ml + paquete 200ml,1,Máximo,800ml + 200ml,Limpieza,8500,https://carulla.vtexassets.com/arquivos/ids/20127026/LIMPIAVIDRIOS-3EN-1-BINNER-201003-7308_a.jpg
Medicare Copitos,100,Medicare,100 unidades,Cuidado Personal,3500,https://medicarecolombia.com.co/wp-content/uploads/2021/06/copitos-de-algodon-50-unidades-medicare.jpg
Ecopitos Copitos,50,Ecopitos,50 unidades,Cuidado Personal,2500,https://copservir.vtexassets.com/arquivos/ids/1379974/ECOPITOS-JGB_F.png
Agua Oxigenada OSA 120ml,3,OSA,120ml,Cuidado Personal,4500,https://laboratoriososa.com.co/wp-content/uploads/2024/04/Agua-Oxigenada-OSA-120ml-01-1.jpg
Jugo Cifrut 6 unidades de 400ml,6,Cifrut,6x400ml,Bebidas,20000,https://prodcdnmobisoft.oxxodomicilios.com/01HNDYBMYJHW37M3WMFBY1TD50.png
Gel Antibacterial Pequeño,10,Genérica,Pequeño,Cuidado Personal,4200,https://tauro.com.co/wp-content/uploads/2022/03/112817.jpg
Jugo Cifrut Naranja Mandarina Limón 6 unidades de 400ml,6,Cifrut,6x400ml,Bebidas,20000,https://almin.com.co/53768-large_default/cifrut-naranja-mandarina-y-limon-pet-no-retornable-400-ml-paca-12-und.jpg
Johnson's Baby Aceite 50ml,2,Johnson's Baby,50ml,Cuidado Personal,10000,https://colsubsidio.vteximg.com.br/arquivos/ids/191080-1200-1200/7702031132844_0.jpg
Color Vaselina 100g,2,Color,100g,Cuidado Personal,5500,https://flipcat-prod.s3.amazonaws.com/flipcat-store/20230429123623/Vaselina60.jpg
Granadilla Maracuyá Piña 400ml,8,Cifrut,400ml,Bebidas,4200,https://almin.com.co/53770-large_default/cifrut-pina-granadilla-y-maracuya-pet-no-retornable-400-ml-paca-12-und.jpg
Alka-Seltzer Extreme Pequeño 4 sobres,4,Alka-Seltzer,4 sobres,Medicamentos,10000,https://locatelcolombia.vtexassets.com/arquivos/ids/331457/7702123007418_1_Alka-Seltzer-Extreme-Caja-x-8-sobres.jpg
Big Cola de Uva 400ml,8,Big Cola,400ml,Bebidas,3000,https://sumerlabs.com/prod/catalogue/7a6fc53a68fc735ce5aca7a500a915caee969d1e/image1j987rrodkelwqmtdle.png
Suave Gold Pañitos,10,Suave Gold,Paquete,Cuidado Personal,3800,https://mundosuavegold.com/wp-content/uploads/2021/07/Suave-Gold_Dispenser2.png
Familia Pañitos,10,Familia,Paquete,Cuidado Personal,3800,https://images.ctfassets.net/tcoigcjw85h2/3IZVqTMK5OFPB7cQMgvYpG/87147d51eee768129550b7194e15984e/toallitas-humedas-mil-usos-x10.png
Big Cola Mandarina 400ml,4,Big Cola,400ml,Bebidas,3000,https://distribuidoranikoll.com/wp-content/uploads/2023/05/IMG_20230505_133406_535.jpg
Creolina Paquetes Girasol 250ml + 125ml,2,Girasol,250ml + 125ml,Limpieza,5000,https://elestablocolombia.com/wp-content/uploads/5110271400005.jpg
Creolina Wash Power 120ml,2,Wash Power,120ml,Limpieza,4200,https://mispastillas.com/wp-content/uploads/2021/03/0858-Creolina-x-120-ml-QUIMICOS-OWA-mispastillas-tienda-pastillas-medellin-colombia.jpg
Creolina Girasol 500ml,1,Girasol,500ml,Limpieza,7200,https://elestablocolombia.com/wp-content/uploads/5110271400006.jpg
Creolina La Catleya 500ml,2,La Catleya,500ml,Limpieza,7200,https://elestablocolombia.com/wp-content/uploads/5110271400006.jpg
Creolina Wash Power 250ml,1,Wash Power,250ml,Limpieza,6000,https://olimpica.vtexassets.com/arquivos/ids/737233/7702377834143.jpg
Algodón JGB 25g,3,JGB,25g,Cuidado Personal,2500,https://olimpica.vtexassets.com/arquivos/ids/1420177/7702560000362_a.jpg
Cifrut Citrus Punch 400ml,3,Cifrut,400ml,Bebidas,4200,https://eurosuper.vtexassets.com/arquivos/ids/185686/7707244560330.png
Algodón MK 50g,2,MK,50g,Cuidado Personal,3800,https://olimpica.vtexassets.com/arquivos/ids/1843456/7702057077051.jpg.jpg
Alcohol JGB 120ml,8,JGB,120ml,Cuidado Personal,3800,https://copservir.vtexassets.com/arquivos/ids/1561988/ALCOHOL-J-G-B_F.png
Alcohol JGB 350ml,3,JGB,350ml,Cuidado Personal,7200,https://locatelcolombia.vtexassets.com/arquivos/ids/375227/7702560009532_1_Alcohol-Antiseptico-Jgb-x-350ml.jpg
MK Alcohol 120ml,2,MK,120ml,Cuidado Personal,3800,https://locatelcolombia.vtexassets.com/arquivos/ids/335126/7702057075057_1_Alcohol-Mk-Botella-X-120Ml.jpg
Cubre Rasguño Lustra Muebles Vainilla 300ml,1,Genérica,300ml,Limpieza,10000,https://megatiendas.vtexassets.com/arquivos/ids/159972/7702155015801.jpg
Renueva y Brilla Lustra Muebles Vainilla 300ml,1,Genérica,300ml,Limpieza,10000,https://plazavea.vteximg.com.br/arquivos/ids/30247047-418-418/1951055002.jpg
Alcohol JGB 700ml,2,JGB,700ml,Cuidado Personal,14000,https://exitocol.vtexassets.com/arquivos/ids/26958290/ALCOHOL-551702_a.jpg
Alcohol Antiséptico MK 350ml,2,MK,350ml,Cuidado Personal,7200,https://olimpica.vtexassets.com/arquivos/ids/1049134/7702057075088.jpg
Alcohol Antiséptico MK 700ml,1,MK,700ml,Cuidado Personal,14000,https://olimpica.vtexassets.com/arquivos/ids/1049136/7702057075101.jpg
Sprite Ride 244g,2,Ride,244g,Medicamentos,2500,https://superxtrapanama.vtexassets.com/arquivos/ids/156117/7501032925550.png
Pasta Ambiental Girasol,11,Girasol,Unidad,Limpieza,4200,https://productosscopa.com/wp-content/uploads/2022/08/Pasta-ambiental.png
Pastilla 4 Ride 7 paquetes,7,Ride,7 paquetes,Medicamentos,10000,https://kywiec.vtexassets.com/arquivos/ids/172042/400769.jpg
Lady Speed Stick Clinical Complete 30g,4,Lady Speed Stick,30g,Cuidado Personal,17500,https://locatelcolombia.vtexassets.com/arquivos/ids/358479/7702010470479_1_Desodorante-Speed-Stick-Clinical-X-30G.jpg
Medicare Curas,200,Medicare,Paquete,Cuidado Personal,3200,https://coopidrogas.vtexassets.com/arquivos/ids/36784751/curas-medicare-redondas-cpiel-100-und.jpg
Repelente Repelente 148ml,1,Genérica,148ml,Cuidado Personal,10000,https://i5.walmartimages.com.mx/gr/images/product-images/img_large/00007112187155L.jpg
Raid Pastillas Mosquitos,1,Raid,Paquete,Insecticida,7500,https://olimpica.vtexassets.com/arquivos/ids/1318642/7591005677791_2.jpg
Lady Speed Stick Floral Fresh Gel 10g,18,Lady Speed Stick,10g,Cuidado Personal,10000,https://pasteurio.vtexassets.com/arquivos/ids/193818/Cuidado-Personal-Desodorante_Lady-speed-stick_Pasteur_063569_caja_01.jpg
Speed Stick Crema Extreme Night 9g,20,Speed Stick,9g,Cuidado Personal,10000,https://www.speedstick.com/content/dam/cp-sites/personal-care/mens-speed-stick-2023-redesign/global/products/mss-xtreme-night-cream-tubo-co.png
Extermin 250ml,1,Extermin,250ml,Insecticida,12500,https://olimpica.vtexassets.com/arquivos/ids/1083503/7702158850003.jpg
Speed Stick Crema Antibacterial 9g Dry,1,Speed Stick,9g,Cuidado Personal,10000,https://distrimarketsas.com/rails/active_storage/representations/proxy/eyJfcmFpbHMiOnsiZGF0YSI6MTEyNjA0NSwicHVyIjoiYmxvYl9pZCJ9fQ==--f7a70847e628fe63f3fb3da080567ea5c444df9d/eyJfcmFpbHMiOnsiZGF0YSI6eyJmb3JtYXQiOiJqcGciLCJyZXNpemVfdG9fZml0IjpbODAwLDgwMF19LCJwdXIiOiJ2YXJpYXRpb24ifX0=--1420d7fd3d20057726f0ef3c0043db24ca0403be/comprar-desodorante-spedd-clinical-dry-tapa-caja-18-sobres-9-gr-cu-precio.jpg
Balance for Men Gel Energy 10g,18,Balance for Men,10g,Cuidado Personal,10000,https://static.merqueo.com/images/products/large/727660f9-db1e-4e8b-9a24-1b90f2cfaf7e.jpg
Brisa Marina,3,Genérica,Unidad,Ambientador,4000,https://www.bazzarbog.com/14844-large_default/ambientador-brisa-marina-500-ml.jpg
Balance Women Crema Clinical 11.5g,8,Balance Women,11.5g,Cuidado Personal,15000,https://supermercadolaestacion.com/33639-thickbox_default/desodorante-balance-women-clinical-crema-x-32-gramos.jpg
Limpiador Desinfectante 123 500ml,3,123,500ml,Limpieza,5500,https://123cuidatuhogar.com/wp-content/uploads/2022/02/Desinfectante-de-frutas-y-verduras-500-ml.png
Ambientador Brizze 260ml Coco,1,Brizze,260ml,Ambientador,5500,https://images.rappi.com/products/865654280814_frtbmrlktvfu_596543134094_gqzuukjcakvc_2753054_1.jpeg
Ambientador Brizze 360ml Lavanda Primavera,1,Brizze,360ml,Ambientador,6800,https://exitocol.vtexassets.com/arquivos/ids/24446181/Amb-Lavanda-Primaveral-BRIZZE-SIN-REF-486824_a.jpg
Rolda Styling Gel 120g,5,Rolda,120g,Cuidado Personal,10000,https://exitocol.vteximg.com.br/arquivos/ids/23416018/rolda-styling-gel-fijador-120g.jpg
Limpiavidrios 500ml,2,Genérica,500ml,Limpieza,5000,https://www.kipclin.com/images/virtuemart/product/KIP-PQP-LIMPV00004.jpg
Balance Women Clinical Protection 32g,7,Balance Women,32g,Cuidado Personal,18500,https://www.droguerialaeconomia.com/economia/site/img/1x/146420.jpg
Limpiador Desinfectante 123 Vinagre 500ml,3,123,500ml,Limpieza,5500,https://www.kipclin.com/images/virtuemart/product/KIP-PQP-LIMPA00063(E).jpg
Takontank Aroma Verbal 48g,2,Takontank,48g,Ambientador,7500,https://clichecolombia.com/cdn/shop/files/4_a0da4df8-0650-4afa-b341-9f302d42cb81.jpg
Gel Glade Lavanda,1,Glade,Unidad,Ambientador,6200,https://megatiendas.vtexassets.com/arquivos/ids/166046/7591005998292.jpg
Aceite de Citronela Beisbol 240ml,1,Beisbol,240ml,Cuidado Personal,10000,https://exitocol.vtexassets.com/arquivos/ids/26779804/Desinfectante-BEISBOL-Citronela-240-ml-3643931_a.jpg
Dove Dermo Aclarant 8.5g,10,Dove,8.5g,Cuidado Personal,15000,https://coopidrogas.vtexassets.com/arquivos/ids/36915207/dtedove-tono-uniforme-85-gr-x-10-sbs.jpg
Desodorante Savital Extracto de Sábila 20g,18,Savital,20g,Cuidado Personal,8500,https://mistiendas.com.co/17008-large_default/desodorante-savital-sabila-aerosol-150ml-pr-mt.jpg
Gel Glade Alergia Floral,2,Glade,Unidad,Ambientador,6200,https://miguagua.ec/cdn/shop/files/140694004_1.png_1701805663561_1024x_a9d1d1c3-2095-48af-bf32-5b74f1fc25ca_600x.jpg
SunDays 10ml,24,SunDays,10ml,Cuidado Personal,12000,https://cdn1.totalcommerce.cloud/mercadozapatoca/product-thumb/es/sundays-fps-50-x1-sobre-1.jpg
Pack Yodora Crema 100g,1,Yodora,100g,Cuidado Personal,18000,https://olimpica.vtexassets.com/arquivos/ids/1855130/7702057086923.jpg.jpg
Noxpirin Acetaminofén Mandarina 15g,24,Noxpirin,15g,Medicamentos,8000,https://www.farmadon.com.ve/wp-content/uploads/2022/04/Noxpirin-Dia-Sabor-Mandarina-X-15Gr.-Siegfried.jpg
Ego Crema para Peinar,11,Ego,Unidad,Cuidado Personal,6500,https://megatiendas.vtexassets.com/arquivos/ids/172947/7702006653527.jpg
Bachue Gel Extra Fuerte 20g,12,Bachue,20g,Cuidado Personal,5500,https://images.rappi.com/products/1718413113045_1718413111846_1718413110223.png
Gillette Presto Barba 3,1,Gillette,Unidad,Afeitado,12000,https://copservir.vtexassets.com/arquivos/ids/1560320/MAQUINA-DE-AFEITAR-DESECHABLE_F.png
Lubriderm Piel Normal,2,Lubriderm,Unidad,Cuidado Personal,15000,https://copservir.vtexassets.com/arquivos/ids/1559578/CREMA-CORPORAL-LUBRIDERM-HUMEC_L.png
Johnson Barra Jabón 26 unidades,26,Johnson's,Unidad,Aseo e Higiene,45000,https://vaquitaexpress.com.co/media/catalog/product/cache/20550c7acf32f3e8f4083358cffff538/7/7/7702031407218_30.jpg
Ponds Age Miracle 7g,5,Ponds,7g,Cuidado Personal,8500,https://assets.unileversolutions.com/v1/42411014.png
Barras de Jabón Cristalina,8,Cristalina,Unidad,Aseo e Higiene,2800,https://www.casaluker.com/wp-content/uploads/2024/03/CRISTALINO-FRUTOS-ROJOS-406X511-copia.png
Schick Presto Barba Quattro Piel Normal,1,Schick,Unidad,Afeitado,15000,https://copservir.vtexassets.com/arquivos/ids/1560738/MAQUINA-AFEIT-SCHICK-QUAT-NORM_F.png
Jabón Barra Rexona,3,Rexona,Unidad,Aseo e Higiene,3200,https://pasteurio.vtexassets.com/arquivos/ids/171298/Cuidado-Personal-Jabones_Rexona_Pasteur_092453_barra_01.jpg
Sundark Protector Solar 10g,12,Sundark,10g,Proteccion Solar,12000,https://ortopedicosfuturoco.vtexassets.com/arquivos/ids/171706/SUNDARK-GEL-SOB-F60-X-10-G-81000719.jpg
Protex Barra,5,Protex,Unidad,Aseo e Higiene,3500,https://www.protex-soap.com/content/dam/cp-sites/personal-care/protex-relaunch/latam/products/protex-limpieza-profunda-2022.jpg
Mio Barra Jabón,6,Mio,Unidad,Aseo e Higiene,2800,https://mercaldas.vtexassets.com/arquivos/ids/220678/Jabon-MIO-sensacion-delicada-x125-g_117035.jpg
Gel Ego Extreme Max 25ml,2,Ego,25ml,Cuidado Personal,4500,https://pasteurio.vtexassets.com/arquivos/ids/179308/Cuidado-Personal-Lacas-y-Geles_Ego_Pasteur_660076_caja_01.jpg
Gel Ego Extreme Max 110ml,3,Ego,110ml,Cuidado Personal,12000,https://megatiendas.vtexassets.com/arquivos/ids/171856/7702006299923.jpg
Jabón de Barra Deseo,11,Deseo,Unidad,Aseo e Higiene,3200,https://vaquitaexpress.com.co/media/catalog/product/cache/e89ece728e3939ca368b457071d3c0be/7/7/7702538251239_30.jpg
Ponds Crema Contra Arrugas 8.5g,10,Ponds,8.5g,Cuidado Personal,18000,https://distribuidorarymar.com/wp-content/uploads/2022/04/photoroom_20220425_120021.png
Palmolive Jabón Barra,2,Palmolive,Unidad,Aseo e Higiene,3200,https://www.palmolive.co/content/dam/cp-sites/personal-care/palmolive-latam/redesign-2020/andina/pdp/granada/jabon-en-barra-granada-110g.jpg
Ponds Crema C 10g,10,Ponds,10g,Cuidado Personal,15000,https://i0.wp.com/mercaenlinea.nyc3.digitaloceanspaces.com/2020/01/crema_ponds_sachet_crema_cx10gr.jpg
Jabón Líquido Girasol,3,Girasol,Unidad,Aseo e Higiene,8500,https://walmarthn.vtexassets.com/arquivos/ids/512194/21167_01.jpg
Ponds Limpiador Facial Diario 6g,6,Ponds,6g,Cuidado Facial,12000,https://copservir.vtexassets.com/arquivos/ids/1572725/LIMPIADOR-FACIAL-DIARIO-PONDS_F.png
Ponds Clarant B3 Crema Anti Manchas 8.5g,10,Ponds,8.5g,Cuidado Personal,20000,https://copservir.vtexassets.com/arquivos/ids/1558464/CREMA-PONDS-CLARANT-B3-NOR-GRA_F.png
Ponds Crema S Humectante 10g,10,Ponds,10g,Cuidado Personal,15000,https://drogasexito.com.co/wp-content/uploads/2022/09/200025303PONDSS_1200x1200.png
Rexona Men y Bamboo 18 sobres,18,Rexona,18 sobres,Cuidado Personal,25000,https://mercaldas.vtexassets.com/arquivos/ids/1342625/Desodorante-REXONA-bamboo-aerosol-x150-ml_81565.jpg.jpg
Suavitel Crema para Cabello 95ml,7,Suavitel,95ml,Cuidado Personal,8500,https://www.farmalisto.com.co/125409-large_default/comprar-crema-para-peinar-savital-con-multivitaminas-doypack-con-95-ml-precio.jpg
Costeña Vidrio 330cm,23,Costeña,330cm,Bebidas,4500,https://www.cervezacostenabacana.co/sites/g/files/seuoyk476/files/2023-05/Frame%2048096244_1.png
Budweiser Vidrio 250cm,25,Budweiser,250cm,Bebidas,5500,https://prodcdnmobisoft.oxxodomicilios.com/01J4WN4TYVA2C94JWDNTBSVM4M.jpg
Saviloe 1250ml,5,Saviloe,1250ml,Cuidado Personal,18000,https://eurosuper.vtexassets.com/arquivos/ids/178100/7702354953829.png
Café Bary 50 gr,4,Bary,50 gr,Cafe,8500,https://bary.s3.amazonaws.com/media/20240610184511/CB300-1.png
Aroma café instantáneo 1.5g,1,Aroma,25 unidades x 1.5 g,Cafe,6800,https://olimpica.vtexassets.com/arquivos/ids/628011/7707199660741.jpg
Aroma vaso multiusos café 45g,8,Aroma,45 g,Cafe,7200,https://exitocol.vtexassets.com/arquivos/ids/26672266/Cafe-AROMA-Soluble-85-gr-733824_a.jpg
Café sello rojo 50g,7,Sello Rojo,50 g,Cafe,8000,https://www.confitiendas.com/wp-content/uploads/2022/03/f2b7d42e-66ca-4510-b4b7-7ba7cf5ca580.jpeg
Café aroma 125g,6,Aroma,125 g,Cafe,15500,https://megatiendas.vtexassets.com/arquivos/ids/159432/7702088343903.jpg
Café tostado 40g,6,Aroma,40 gr,Cafe,6500,https://vaquitaexpress.com.co/media/catalog/product/cache/e89ece728e3939ca368b457071d3c0be/7/7/7702088207182.jpg
Café tostado selecto 110g,7,Tostado,110 gr,Cafe,14000,https://jumbocolombiaio.vtexassets.com/arquivos/ids/494001/7702439996888.jpg
Colcafe vidrio suave clásico 50g,8,Colcafe,50 g,Cafe,9500,https://exitocol.vtexassets.com/arquivos/ids/26658298/Cafe-Instantaneo-X-50-gr-5980_b.jpg
Café Juan Valdez soluble 50g,1,Juan Valdez,50 g,Cafe,12000,https://exitocol.vteximg.com.br/arquivos/ids/25467450/Cafe-Soluble-Liofilizado-Clasi-JUAN-VALDEZ-50-gr-3232467_a.jpg
Juan Valdez clásico 10g,8,Juan Valdez,10 g,Cafe,3500,https://lacteoslosdiamantes.com/wp-content/uploads/2022/11/JUAN-VALDEZ-CLASICO-10g.jpg
Café Juan Valdez selección premium montaña 30 g,10,Juan Valdez,30 g,Cafe,8500,https://olimpica.vtexassets.com/arquivos/ids/1583772/7701362001683-Monta%C3%B1a-200--1000x1000.jpg
Colcafe ligero descafeinado 90 g,8,Colcafe,90 g,Cafe,18000,https://exitocol.vtexassets.com/arquivos/ids/26678580/Cafe-Descafeinado-Ligero-COLCAFE-90-gr-3350786_b.jpg
Nescafé tradición 40 gr,3,Nescafé,40 gr,Cafe,7500,https://discouy.vtexassets.com/arquivos/ids/1769993/Cafe-NESCAFE-Tradicion-Rojo-40-g-0.jpg
Chocolisto 18 g,15,Chocolisto,18 g,Bebida en polvo,3200,https://cigarrerialarosa.com/wp-content/uploads/2022/09/20282.png
Milo 100 gr,2,Nestlé,100 gr,Bebida en polvo,8000,https://eurosuper.vtexassets.com/arquivos/ids/177415/7702024069676.jpg
"Casa luker sol tradicional 31,25 g",6,Casa Luker,"31,25 g",Chocolate,4500,https://www.casaluker.com/wp-content/uploads/2023/08/SOL-TRADICIONAL.png
Casa luker sol cocoa 400 g,2,Casa Luker,400 g,Cocoa,25000,https://carulla.vtexassets.com/arquivos/ids/19600049/Chocolate-SOL-Pastillas-De-Cocoa-400-gr-3631704_a.jpg
Casa luker quesada vainilla 250 g,6,Casa Luker,250 g,Chocolate,15000,https://www.casaluker.com/wp-content/uploads/2024/02/QUESADA-VAINILLA.png
Casa luker quesada clavos y canela 250 g,7,Casa Luker,250 g,Chocolate,15000,https://www.casaluker.com/wp-content/uploads/2024/02/QUESADA-CYC.png
Casa luker quesada tradicional 400 g,7,Casa Luker,400 g,Chocolate,22000,https://www.casaluker.com/wp-content/uploads/2024/02/QUESADA-TRADICIONAL-1.png
Superlider clavos y canela 500 g,8,Superlider,500 g,Chocolate,28000,https://olimpica.vtexassets.com/arquivos/ids/1785423/7702007043426_2.png
Chocolate corona tradicional 28 g,7,Chocolate Corona,28 g,Chocolate,3800,https://villavoexpress.com/rails/active_storage/representations/proxy/eyJfcmFpbHMiOnsiZGF0YSI6MjI3NDksInB1ciI6ImJsb2JfaWQifX0=--3863e30da9fb1f4ebe4e5d365224a811b75caae5/eyJfcmFpbHMiOnsiZGF0YSI6eyJmb3JtYXQiOiJqcGciLCJyZXNpemVfdG9fZml0IjpbODAwLDgwMF19LCJwdXIiOiJ2YXJpYXRpb24ifX0=--1420d7fd3d20057726f0ef3c0043db24ca0403be/chocolate-corona-tradicional-pastillas-individuales-500gr.jpg
Luker cocoa premium 100 g,9,Luker,100 g,Cocoa,8500,https://vaquitaexpress.com.co/media/catalog/product/cache/20550c7acf32f3e8f4083358cffff538/7/7/7702088191986_30.jpg
Luker tradicional 224 g,2,Luker,224 g,Chocolate,18000,https://exitocol.vtexassets.com/arquivos/ids/26681918/Chocolate-LUKER-Amargo-224-gr-3624959_a.jpg
Superlider tradicional 31 g,9,Superlider,31 g,Chocolate,4200,https://ibassets.com.br/ib.item.image.large/l-20b9862e71b84567bbe9642702184138.png
Chocolate la especial tradicional 25 g,3,La Especial,25 g,Chocolate,3500,https://cnutresa.vtexassets.com/arquivos/ids/164406/1075742-7702007082654_Chocolate-Tradicional-La-Especial.png
Mentas xtime 310 g (100 unidades),1,Xtime,310 g (100 unidades),Golosinas,22000,https://carulla.vteximg.com.br/arquivos/ids/19566678/Dulces-Mentas-XTIME-310-gr-3322686_a.jpg
Colombina caramelos dulce duro 350 g (100 unidades),9,Colombina,350 g (100 unidades),Golosinas,18000,https://exitocol.vtexassets.com/arquivos/ids/26646011/Banana-Ext-X-100-Und-Envoltura-COLOMBINA-350-gr-759009_a.jpg
Bombazo chicle bomba 250 g (50 unidades),4,Bombazo,250 g (50 unidades),Golosinas,12000,https://www.confitiendas.com/wp-content/uploads/2022/03/10923_202101200013089041955.jpeg
Caramelo de café 420 g (100 unidades),10,Colombina,420 g (100 unidades),Golosinas,20000,https://colombinacontentmanager-prd.s3.us-east-1.amazonaws.com/Dulces/7702011001764_A1N1_es.jpg
Max flutacidas caramelo blanco 430 g (100 unidades),4,Max flutacidas,430 g (100 unidades),Golosinas,200,https://colombinacontentmanager-prd.s3.us-east-1.amazonaws.com/Dulces/7702011028761_A1N1_es.jpg
Mordisquetas chupeta masticable 336 g (24 unidades),10,Mordisquetas,336 g (24 unidades),Golosinas,16000,https://colombinacontentmanager-prd.s3.us-east-1.amazonaws.com/Dulces/7702011086792_A1N1_es.jpg
Aldor mangoos 288 g (48 unidades),5,Aldor,288 g (48 unidades),Golosinas,15000,https://fudigo.com.co/cdn/shop/files/Chupetoon-Bolsa-48-unidades-Mango-Aldor_1024x1024.jpg
Mentolados menthol mist 350 g (100 unidades),6,Mentolados,350 g (100 unidades),Golosinas,18500,https://urielcavzla.com/wp-content/uploads/2023/05/mentolados-mist_Mesa-de-trabajo-1.jpg
Supercoco 360 g (24 unidades),5,Supercoco,360 g (24 unidades),Golosinas,18000,https://exitocol.vteximg.com.br/arquivos/ids/26634614/Bombom-Supercoco-478462_a.jpg
Mordisquetas chupeta masticable ron con pasas 336 g (24 unidades),7,Mordisquetas,336 g (24 unidades),Golosinas,16000,https://www.eqco.com.co/wp-content/uploads/2024/09/colombina-91-600x600.jpg
Mordisquetas chupeta masticable cookies y cream 336 g (24 unidades),10,Mordisquetas,336 g (24 unidades),Golosinas,16000,https://colombinacontentmanager-prd.s3.us-east-1.amazonaws.com/Dulces/7702011137272_A1N1_es.jpg
Barrilete 440 g (40 unidades),7,Colombina,440 g (40 unidades),Golosinas,22000,https://dulceria.co/wp-content/uploads/2020/10/barrilete.jpg
Bon bon bum 456 g (24 unidades),6,Colombina,456 g (24 unidades),Golosinas,20000,"https://static.wixstatic.com/media/aca4ac_9fe35c10c5e94d9a80180777eccac176~mv2.png/v1/fill/w_520,h_520,al_c,q_85,usm_0.66_1.00_0.01,enc_avif,quality_auto/aca4ac_9fe35c10c5e94d9a80180777eccac176~mv2.png"
Supercoco turrón 500 g (100 unidades),9,Supercoco,500 g (100 unidades),Golosinas,35000,https://carulla.vteximg.com.br/arquivos/ids/19548939/Turron-Supercoco-Paquete-X-50-Und-Cu-98557_a.jpg
Labios rojos 480 g (40 paletas),8,DOT,480 g (40 paletas),Golosinas,24000,https://dulceriascandy.com/candyimg/7503018214023.jpg
Tipitin 360 g (40 paletas),7,Colombina,360 g (40 paletas),Golosinas,170,https://colombinacontentmanager-prd.s3.us-east-1.amazonaws.com/Dulces/7702011020956_A1N1_es.jpg
Choco stop 180 g (30 unidades),9,Triunfo,180 g (30 unidades),Golosinas,417,https://www.casaluker.com/wp-content/uploads/2024/04/Banner-Descripcion_Choco-Stop.png
Jumbo flow mini 18 g (10 unidades),8,Jumbo,18 g (10 unidades),Golosinas,3500,https://www.confitiendas.com/wp-content/uploads/2022/03/14988_202102242248456100306.jpeg
Melositas gomitas sabor a mora 40 g,9,Melositas,40 g,Golosinas,2800,https://www.casaluker.com/wp-content/uploads/2024/04/GOMA-MORA-125G.png
Sopa durema lenteja 120 gr,3,Durema,120 gr,Sopas,3500,https://images.rappi.com/products/5a42127d-2d82-4663-86b9-ff76589304a8.png
Sopa durema alverja 120 gr,10,Durema,120 gr,Sopas,3500,https://supertiendascomunal.com/7811-large_default/sopa-arveja-durena-120-g.jpg
Sopa durema arroz 120 gr,10,Durema,120 gr,Sopas,3500,https://i.imgur.com/JiAm6ir.png
Crema de tomate Maggi 76 gr,8,Maggi,76 gr,Sopas,4200,https://megatiendas.vtexassets.com/arquivos/ids/171718/7702024275695.jpg
Crema de pollo champiñones Maggi 76 gr,1,Maggi,76 gr,Sopas,4200,https://exitocol.vteximg.com.br/arquivos/ids/26997709/Crema-De-Pollo-Con-Champinones-Sobre-X-75-gr-13382_a.jpg
Crema marinera Maggi 76 gr,3,Maggi,76 gr,Sopas,4200,https://www.nestle-contigo.co/sites/default/files/2024-01/22084%20-%20SOPA%20MARINERA%2056g%2044280539%20Front.jpg
Crema de champiñones 76 gr,9,De la abuela,76 gr,Sopas,3800,https://i.ytimg.com/vi/TmNUJ9WMECg/maxresdefault.jpg
Crema de pollo 76 gr,5,De la abuela,76 gr,Sopas,3800,https://assets.unileversolutions.com/v1/1707859.png
Base salsa bechamel Maggi 50 gr,10,Maggi,50 gr,Base para salsas,3500,https://www.nestle-contigo.co/sites/default/files/2024-01/21842%20-%20DELICIAS%20PASTA%20BECHAMEL%20SACHET%2024x50g%20CO_44280575%20Front.jpg
Base salsa Maggi chop suey 50 gr,3,Maggi,50 gr,Base para salsas,3500,https://exitocol.vtexassets.com/arquivos/ids/26980654/Base-Chop-Suey-Para-Cocinar-Sobre-X-41-gr-129874_b.jpg
Base salsa gulach Maggi 50 gr,5,Maggi,50 gr,Base para salsas,3500,https://misaboracolombia.com/cdn/shop/products/MaggiBaseGulash1.jpg
Base salsa pollo con champiñones 50 gr,6,Maggi,50 gr,Base para salsas,3500,https://exitocol.vtexassets.com/arquivos/ids/26980618/Base-P-Pollo-Con-Champinones-714654_a.jpg
Bolognesa Base salsa 50 gr,5,Maggi,50 gr,Base para salsas,3500,https://mercaldas.vtexassets.com/arquivos/ids/1329322/Base-MAGGI-salsa-bolonesa-x50-g_21526.jpg
Desmechada Base salsa 51 gr,4,Maggi,51 gr,Base para salsas,3500,https://www.nestle-contigo.co/sites/default/files/2024-04/21842%20-%20MAGGI%20BASE%20CARNE%20DESMECHADA%2024x50g_44280591%20Front.jpg
Napolitana Base salsa 52 gr,6,Maggi,52 gr,Base para salsas,3500,https://exitocol.vtexassets.com/arquivos/ids/27275337/Base-Salsa-MAGGI-Napolitana-48-gr-3586731_b.jpg
Atún en aceite 160 gr,9,Zenú,160 gr,Conservas,6500,https://olimpica.vtexassets.com/arquivos/ids/1785371/7701101359587_1.png.png
Atún en agua 160 gr,6,Zenú,160 gr,Conservas,6200,https://exitocol.vtexassets.com/arquivos/ids/27107512/Lomo-Atun-en-Agua-ZENU-160-gr-3075034_b.jpg
Bary salchichas viena 150 gr,10,Bary,150 gr,Conservas,4800,https://carulla.vtexassets.com/arquivos/ids/19599323/Salchicha-BARY-Viena-Lata-150-gr-3577959_a.jpg
Comercializadora Cerezas en almíbar 125 g,6,Comercializadora,125 g,Conservas,5500,https://supermercadolaestacion.com/46360-thickbox_default/cerezas-almin-en-almibar-frasco-x-75-gramos.jpg
Midia duraznos en mitades 425 g,7,Midia,425 g,Conservas,8500,https://www.midia.com.co/sites/default/files/styles/product_detail/public/2017-06/Duraznos%20425%20g.jpg
Comercio fideos 250 gr,3,Comercio,250 gr,Pastas,2800,https://i.imgur.com/B7ViAvz.png
Comerico spaghetti 250 gr,10,Comercio,250 gr,Pastas,2800,https://exitocol.vtexassets.com/arquivos/ids/26661386/Pasta-Spaguetti-708122_b.jpg
Conchas Doria 250 gr,1,Doria,250 gr,Pastas,3200,https://jumbocolombiaio.vtexassets.com/arquivos/ids/186166/7702085012123-1.jpg
Fideos Doria 250 gr,9,Doria,250 gr,Pastas,3200,https://olimpica.vtexassets.com/arquivos/ids/1784841/7702085012062_2.png.png
Doria macarrón largo 250 gr,1,Doria,250 gr,Pastas,3200,https://mercaldas.vtexassets.com/arquivos/ids/1345690/Pasta-DORIA-macarron-largo-x250-g_100262.jpg.jpg
Fideos San remo 250 gr,3,San Remo,250 gr,Pastas,3000,https://exitocol.vteximg.com.br/arquivos/ids/26667002/Pasta-Fideo-400G-SAN-REMO-400-Gramo-1509906_a.jpg
Spaghetti la muñeca 200 gr,3,La Muñeca,200 gr,Pastas,2500,https://exitocol.vteximg.com.br/arquivos/ids/26661355/Pasta-Spaguetti-1000-gr-603117_a.jpg
Conchas la muñeca 200 gr,3,La Muñeca,200 gr,Pastas,2500,https://olimpica.vtexassets.com/arquivos/ids/991195/7702020112123.jpg
Frijol Maritza 454 gr,3,Maritza,454 gr,Granos,4500,https://carulla.vteximg.com.br/arquivos/ids/19585626/Frijol-MARITZA-Radical-500-gr-1471483_a.jpg
Garbanzos diana 500 gr,4,Diana,500 gr,Granos,5200,https://exitocol.vtexassets.com/arquivos/ids/27182467/GARBANZO-X-500-GR-X-25und-DIANA-500-gr-3091912_A.jpg
Maritza garbanzos linea premium 454 gr,8,Maritza,454 gr,Granos,5500,https://images.rappi.com/products/920910637652_tnufymentveh_794794182377_caqrnhyijvqq_2038164_1.png
Maiz popcornn 200 gr,6,Sin marca,200 gr,Granos,3000,https://exitocol.vtexassets.com/arquivos/ids/25644082/Maiz-Pira-X-500-gr-1165837_a.jpg
Panelada limón sobre sobre,5,Panelada,sobre,Bebidas instantaneas,1200,https://exitocol.vteximg.com.br/arquivos/ids/25685215/Alimento-en-Polvo-Sabor-Limon-PANELADA-29-gr-3054484_a.jpg
Boka fresa 10 g,6,Boka,10 g,Bebidas instantaneas,800,https://vaquitaexpress.com.co/media/catalog/product/cache/e89ece728e3939ca368b457071d3c0be/7/7/7702354955687.jpg
Boka Corozo 10 g,8,Boka,10 g,Bebidas instantaneas,800,https://megatiendas.vtexassets.com/arquivos/ids/168790/7702354955809.png
Boka lichi 10 g,10,Boka,10 g,Bebidas instantaneas,800,https://megatiendas.vtexassets.com/arquivos/ids/168790/7702354955809.png
Boka salpicón de frutas 10 g,7,Boka,10 g,Bebidas instantaneas,800,https://vaquitaexpress.com.co/media/catalog/product/cache/e89ece728e3939ca368b457071d3c0be/7/7/7702354955663.jpg
Boka lima limón 10 g,2,Boka,10 g,Bebidas instantaneas,800,https://lavaquita.co/cdn/shop/products/supermercados_la_vaquita_supervaquita_boka_lima_limon_vitaminac.jpg
Boka mandarina 10 g,8,Boka,10 g,Bebidas instantaneas,800,https://images.rappi.com/products/577896073855_kauuztefafxr_382899491512_xmnocozbdwgl_1166326_1.jpeg
Boka sandía 10 g,3,Boka,10 g,Bebidas instantaneas,800,https://vaquitaexpress.com.co/media/catalog/product/cache/e89ece728e3939ca368b457071d3c0be/7/7/7702354955748.jpg
Boka maracuyá 10 g,4,Boka,10 g,Bebidas instantaneas,800,https://ecommerce.confimaxautoservicio.com/backend/admin/backend/web/archivosDelCliente/items/images/BEBIDAS-REFRESCOS-EN-POLVO-BOKA-MARACUYA-2L-17320210712141903.jpg
Boka naranja 10 g,6,Boka,10 g,Bebidas instantaneas,800,https://ecommerce.confimaxautoservicio.com/backend/admin/backend/web/archivosDelCliente/items/images/BEBIDAS-REFRESCOS-EN-POLVO-BOKA-NARANJA-2L-17420210712141903.jpg
SunTea mora 20 g,4,SunTea,20 g,Te,2000,https://olimpica.vtexassets.com/arquivos/ids/718393/7702354948382.jpg
SunTea flor de Jamaica 20 g,4,SunTea,20 g,Te,2000,https://carulla.vtexassets.com/arquivos/ids/18654275/Mezcla-SUNTEA-POLVO-BEBIDA-TE-FLOR-JAMAICA-F-240-gr-3577389_a.jpg
SunTea limón 20 g,7,SunTea,20 g,Te,2000,https://static.merqueo.com/images/products/large/a26f0196-82e9-49eb-84d0-9ebfc01f6c31.jpg
SunTea maracuyá 20 g,5,SunTea,20 g,Te,2000,https://static.merqueo.com/images/products/large/a474c300-cddb-47ea-99db-7cce906b726a.jpg
SunTea frutos rojos 20 g,7,SunTea,20 g,Te,2000,https://megatiendas.vtexassets.com/arquivos/ids/168822/7702354955397.jpg
Leche condensada 25 gr,9,Sin marca,25 gr,Lacteos,1800,https://colombinacontentmanager-prd.s3.us-east-1.amazonaws.com/Conservas/7702097066541_A1N1_es.jpg
Saltinas galletas mantequilla 114 gr,5,Salinas,114 gr,Galletas,3500,https://static.merqueo.com/images/products/large/b9f89653-9e4b-447d-b616-b7465309f413.jpg
Saltinas dore 105 gr,7,Salinas,105 gr,Galletas,3200,https://exitocol.vtexassets.com/arquivos/ids/26982238/Galletas-SALTINAS-1-TACO-DORE-105-gr-3556913_a.jpg
Saltinas original 90 gr,10,Salinas,90 gr,Galletas,2800,https://olimpica.vtexassets.com/arquivos/ids/1486336/7702024687993_1.jpg
Del cerro galletas navidad No especificado,9,Del Cerro,No especificado,Galletas,4500,https://megatiendas.vtexassets.com/arquivos/ids/174899/7709768809599.jpg
Natilla de la abuela maracuyá 300 g,2,De la abuela,300 g,Postre,6500,https://deschampsfoods.com/wp-content/uploads/2025/01/Natilla-Maracuya-3.jpg
Natilla de la abuela coco 300 g,8,De la abuela,300 g,Postre,6500,https://www.delaabuelaconamor.com/wp-content/uploads/2023/11/Nuevos-Empaques-Sellos-De-La-Abuela-Con-Amor-Natiilas-y-Bunuelos-V1_Mesa-de-trabajo-1-copia.png
Natilla tradicional midia 200 g,4,Midia,200 g,Postre,4200,https://www.midia.com.co/sites/default/files/styles/product_detail/public/2024-09/094_Natilla_Arequipe_MiDia_200.png
Cereal zucaritas 115 gr,10,Kelloggs,115 gr,Cereal,8500,https://olimpica.vtexassets.com/arquivos/ids/945759/7702103954862.jpg
Maizena la original 90 g,2,Maizena,90 g,Fecula,3800,https://exitocol.vtexassets.com/arquivos/ids/26678326/Fecula-de-Maiz-MAIZENA-720-gr-3341982_a.jpg
Frutos Durazno 260 g,6,Sin marca,260 g,Frutas procesadas,10000,https://exitocol.vtexassets.com/arquivos/ids/26679590/Duraznos-Con-Pepa-En-Almibar-Bombilla-ALFA-250-gr-3420440_a.jpg
Don próspero pasta de ajo 100 g,9,Don Próspero,100 g,Condimentos,4000,https://images.rappi.com/products/7a540bc4-995b-4b54-90f8-ca0f044b8579.png
Haz de oros harina de trigo 500 g,5,Haz de Oros,500 g,Harinas,3500,https://www.hv.com.co/wp-content/uploads/2018/03/1167_HARINA-HDO-CONGELADOS-x-50KG_60x96_V3-copia.png
"De la abuela gelatina sabor a cereza, frambuesa y fresa 48g",2,De la abuela,48g,Gelatinas,3000,https://olimpica.vtexassets.com/arquivos/ids/1162844/7707287464169.jpg
Gelatina frutiño sabor a limón 14g,6,Frutiño,14g,Gelatinas,1500,https://mercaldas.vtexassets.com/arquivos/ids/1326580/Gelatina-FRUTINO-limon-x14-g_121155.jpg
Gelatina frutiño sabor a frambuesa 14g,6,Frutiño,14g,Gelatinas,1500,https://vaquitaexpress.com.co/media/catalog/product/cache/e89ece728e3939ca368b457071d3c0be/7/7/7702354955298.jpg
Gelatina frutiño sabor a cereza 14g,3,Frutiño,14g,Gelatinas,1500,https://eurosuper.vtexassets.com/arquivos/ids/185426/7702354955236.jpg
Gelatina frutiño sin sabor 15g,8,Frutiño,15g,Gelatinas,1500,https://olimpica.vtexassets.com/arquivos/ids/626888/7702354009397.jpg
Haz de oros polvo para hornear con leudante 500g,5,Haz de oros,500g,Hornear,5000,https://olimpica.vtexassets.com/arquivos/ids/991236/7702020011327.jpg
Diana maiz 500 gr,6,Diana,500 gr,Maiz,5500,https://megatiendas.vtexassets.com/arquivos/ids/171974/7702206036007.jpg
Maiz midia 460 gr,2,Midia,460 gr,Maiz,5000,https://www.midia.com.co/sites/default/files/styles/product_detail/public/2024-02/031_Maiz_Tierno_Lata_MiDia_241_g.png
Maiz act 2 80 gr,3,Act 2,80 gr,Maiz,4000,https://i5.walmartimages.com.mx/gr/images/product-images/img_large/00750100655900L.jpg
Maiz act 2 mantequilla 80 gr,10,Act 2,80 gr,Maiz,4000,https://olimpica.vtexassets.com/arquivos/ids/1840848/7501006559019.jpg.jpg
Harina maíz blanco diana 500 gr,9,Diana,500 gr,Harinas,5000,https://megatiendas.vtexassets.com/arquivos/ids/175181/7702206942216.jpg.jpg
Promasa harina de maíz blanco 500 gr,8,Promasa,500 gr,Harinas,4000,https://static.merqueo.com/images/products/large/66275002-a450-4a3f-a15b-46f2edb8b658.jpg
Promasa harina de maíz amarillo 500 gr,9,Promasa,500 gr,Harinas,4000,https://megatiendas.vtexassets.com/arquivos/ids/169395/7702084137605.jpg
Arina pan arepas choclo 500 gr,3,Arina pan,500 gr,Harinas,5000,https://co.allofpan.com/wp-content/uploads/2024/09/850g_front.png
Arina pan harina amarillo 1000 gr,10,Arinapan,1000 gr,Harinas,8000,https://olimpica.vtexassets.com/arquivos/ids/685195/7702084137520.jpg
Harina pan blanco 500 gr,5,Harina pan,500 gr,Harinas,5000,https://olimpica.vtexassets.com/arquivos/ids/685195/7702084137520.jpg
Harina pan amarillo 500 gr,7,Harina pan,500 gr,Harinas,5000,https://megatiendas.vtexassets.com/arquivos/ids/173983/7702084137575.jpg
Distripanela Hernández 240g,2,Distripanela Hernández,240g,Panela,3000,https://megatiendas.vtexassets.com/arquivos/ids/162720/7707190396427.jpg
Bary azúcar 500g,9,Bary,500g,Azucar,3500,https://images.rappi.com/products/1731770071067_1731770067195_1731770067578.jpg
Azúcar incauca orgánica 800g,10,Incauca,800g,Azucar,7000,https://en1ya.com/wp-content/uploads/2022/11/AZUCAR-ORGANICA-INCAUCA-X800g.jpg
Azúcar incauca morena 500g,1,Incauca,500g,Azucar,4000,https://mercaldas.vtexassets.com/arquivos/ids/226452/Azucar-INCAUCA-morena-x500-g_96925.jpg
Mayagüez azúcar blanco especial 500g,9,Mayagüez,500g,Azucar,3500,https://olimpica.vtexassets.com/arquivos/ids/1125576/7707007214951.jpg
Azúcar incauca 1kg,5,Incauca,1kg,Azucar,5000,https://mercasur.com.co/rails/active_storage/representations/proxy/eyJfcmFpbHMiOnsiZGF0YSI6NDUyMDY2LCJwdXIiOiJibG9iX2lkIn19--b4596426053439fc40db62b92220a3d0ab8fca98/eyJfcmFpbHMiOnsiZGF0YSI6eyJmb3JtYXQiOiJqcGciLCJyZXNpemVfdG9fZml0IjpbODAwLDgwMF19LCJwdXIiOiJ2YXJpYXRpb24ifX0=--1420d7fd3d20057726f0ef3c0043db24ca0403be/8.jpg
Mayagüez azúcar natural 1000g,3,Mayagüez,1000g,Azucar,5000,https://eurosuper.vtexassets.com/arquivos/ids/185247/7707007200411.jpg
Refisal marina 800g,3,Refisal,800g,Sal,3000,https://refisal.com.co/sites/default/files/2024-02/Caja-Marina-Desktop.jpg
Refisal original 500g,3,Refisal,500g,Sal,2500,https://www.mercaboy.com/7001-large_default/sal-refisal-original-1000gr.jpg
Activade sabor a tropical fruit 36g,1,Activade,36g,Bebidas instantaneas,2500,https://vaquitaexpress.com.co/media/catalog/product/cache/e89ece728e3939ca368b457071d3c0be/7/7/7702354802233_40.jpg
Activade sabor a mandarina 36g,8,Activade,36g,Bebidas instantaneas,2500,https://carulla.vtexassets.com/arquivos/ids/19585034/BEBIDA-ISOTON-POLVO-MANDARINA-13273_a.jpg
Activade sabor a maracuyá 36g,3,Activade,36g,Bebidas instantaneas,2500,https://olimpica.vtexassets.com/arquivos/ids/617942/7702354802158.jpg
Colcafé Capuccino vainilla 18g,5,Colcafé,18g,Cafe,3000,https://exitocol.vtexassets.com/arquivos/ids/26680550/Cappuccino-Vainilla-COLCAFE-270-gr-3517538_b.jpg
Colcafé café con leche 22g,5,Colcafé,22g,Cafe,3000,https://exitocol.vtexassets.com/arquivos/ids/27717446/Cafe-Con-Leche-COLCAFE-220-gr-3384491_b.jpg
Fusión café tostado y molido 40g,6,Fusión,40g,Cafe,3500,https://almin.com.co/53789-thickbox_default/fusion-cafe-liofilizado-50-gr-und.jpg
Colcafe 72 gr,8,Colcafe,72 gr,Cafe,5000,https://vaquitaexpress.com.co/media/catalog/product/cache/20550c7acf32f3e8f4083358cffff538/7/7/7702032113088_29.jpg
Tostado selecto 40 gr,10,Tostao,40 gr,Cafe,3500,https://images.rappi.com/products/1700164321054_1700164196335_1700164197675.png
Fideos pan 200 gr,7,Pan,200 gr,Pastas,3000,https://exitocol.vtexassets.com/arquivos/ids/26947567/Pastas-PAN-Alimentacion-Fideos-200-gr-3669669_a.jpg
Spaghetti pan 250 gr,8,Pan,250 gr,Pastas,3500,https://vaquitaexpress.com.co/media/catalog/product/cache/e89ece728e3939ca368b457071d3c0be/7/7/7702084900094.jpg
Avena fusión en hojuelas 100 gr,1,Fusión,100 gr,Cereales,3000,https://mistiendas.com.co/16276-large_default/avena-quaker-hojuelas-130g-pr-mt.jpg
Avena quaker molida 115 gr,1,Quaker,115 gr,Cereales,3500,https://olimpica.vtexassets.com/arquivos/ids/1367436/7702193102822.jpg
Diana con fideos 460 gr,1,Diana,460 gr,Arroz,5000,https://eurosuper.vtexassets.com/arquivos/ids/159982/7702511009765.png
Diana arroz coco 500 gr,9,Diana,500 gr,Arroz,5500,https://familiadiana.com/wp-content/uploads/2020/09/MOCKUPS-COCO-1.png
Diana premium 500 gr,2,Diana,500 gr,Arroz,6000,https://olimpica.vtexassets.com/arquivos/ids/866356/7702511000427.jpg
Florhuila arroz 500 gr,4,Florhuila,500 gr,Arroz,4500,https://olimpica.vtexassets.com/arquivos/ids/614907/7702231000028.jpg
Arroz rico sopa 500 gr,4,Rico,500 gr,Arroz,5000,https://www.mercaboy.com/7562-large_default/arroz-rica-sopa-500gr.jpg
Trocitos sabor pollo 30g,3,Trocitos,30g,Snacks,2000,https://olimpica.vtexassets.com/arquivos/ids/904576/7702152104324.jpg
Snacky caramelo 50g,5,Snacky,50g,Golosinas,2500,https://exitocol.vtexassets.com/arquivos/ids/27520801/Snacky-Caramelo-Familiar-X-50-gr-297650_a.jpg
Gomitas trululu aros 600g (100 unidades),1,Trululu,600g (100 unidades),Golosinas,15000,https://olimpica.vtexassets.com/arquivos/ids/901445/7702993015469.jpg
Menta helada 360g (100 unidades),10,Sin marca,360g (100 unidades),Golosinas,8000,https://exitocol.vteximg.com.br/arquivos/ids/26634554/Confite-Menta-Helada-X-50u-13561_a.jpg
Menta helada colombina 400g (100 unidades),8,Colombina,400g (100 unidades),Golosinas,10000,https://mercavil.com/38893-thickbox_default/confite-menta-helada-100u-18.jpg
Choco break surtido frutal 150g (30 unidades),8,Choco break,150g (30 unidades),Golosinas,8000,https://vaquitaexpress.com.co/media/catalog/product/cache/e89ece728e3939ca368b457071d3c0be/7/7/7702011039293_40.jpg
Masmelos Italo 50 gr,1,Italo,50 gr,Golosinas,2500,https://olimpica.vtexassets.com/arquivos/ids/617428/7702117006724.jpg
Gomitas trululu gusanos 90g,6,Trululu,90g,Golosinas,4000,https://exitocol.vtexassets.com/arquivos/ids/26680773/Gomitas-Gusanos-Acidos-Frutal-TRULULU-100-gr-3530799_a.jpg
"Trident sabor menta 5,1g",4,Trident,"5,1g",Golosinas,2000,https://megatiendas.vtexassets.com/arquivos/ids/156886/7622201776664.jpg
Moritas dulce duro relleno 350g (100 unidades),9,Italo,350g (100 unidades),Golosinas,300,https://villavoexpress.com/rails/active_storage/blobs/proxy/eyJfcmFpbHMiOnsiZGF0YSI6NDM4MDg5LCJwdXIiOiJibG9iX2lkIn19--1e096ac3ecb99bdf2a7362d24e05c54e8ca2c8a8/1061179.jpg
Choco break caramelo 150g (30 unidades),3,Choco break,150g (30 unidades),Golosinas,8000,https://exitocol.vtexassets.com/arquivos/ids/26909200/Chocolate-CHOCOBREAK-Caramelo-150-gr-3616660_a.jpg
Choco break cookies 150g (30 unidades),4,Choco break,150g (30 unidades),Golosinas,8000,https://olimpica.vtexassets.com/arquivos/ids/1837674/7702011092021_A1N1_es.jpg.jpg
Bary snacks maní con sal 35g,9,Bary,35g,Snacks,2500,https://pacardylwpmedia.s3.us-east-2.amazonaws.com/wp-content/uploads/2024/02/19201645/7702439225773.jpg
Bary snacks maní limón 35g,3,Bary,35g,Snacks,2500,https://vaquitaexpress.com.co/media/catalog/product/cache/e89ece728e3939ca368b457071d3c0be/7/7/7702439144241.jpg
Aji-no-men sopa con fideos sabor a carne 80g,5,Aji-no-men,80g,Sopas,3000,https://vixark.b-cdn.net/lp-i-i-g/sopa-con-fideos-con-sabor-a-carne-aji-no-men-86g.jpg
Aji-no-men sopa con fideos sabor a gallina criolla 80g,2,Aji-no-men,80g,Sopas,3000,https://vixark.b-cdn.net/lp-i-i-g/sopa-con-fideos-con-sabor-a-gallina-aji-no-men-80g-criolla.jpg
Aji-no-men sopa con fideos sabor a oriental 80g,8,Aji-no-men,80g,Sopas,3000,https://www.ajinomoto.com.co/wp-content/uploads/2022/10/ORIENTAL-WEB.png
Aji-no-men sopa con fideos sabor a gallina 80g,2,Aji-no-men,80g,Sopas,3000,https://www.ajinomoto.com.co/wp-content/uploads/2022/10/GALLINA-WEB.png
Aji-no-men sopa con fideos sabor a pollo 80g,9,Aji-no-men,80g,Sopas,3000,https://www.ajinomoto.com.co/wp-content/uploads/2022/10/POLLO-CON-VERDURAS-WEB.png
Aji-no-men sopa con fideos sabor a pollo con verduras 80g,6,Aji-no-men,80g,Sopas,3000,https://megatiendas.vtexassets.com/arquivos/ids/168122/7754487001694.jpg
Aji-no-men sopa con fideos sabor a costilla de res 80g,4,Aji-no-men,80g,Sopas,3000,https://www.ajinomoto.com.co/wp-content/uploads/2022/10/COSTILLA-WEB.png
De la abuela crema de mariscos 70g,2,De la abuela,70g,Cremas,4000,https://elviejoparisvirtual.com/rails/active_storage/representations/proxy/eyJfcmFpbHMiOnsiZGF0YSI6MTU2NzE3NiwicHVyIjoiYmxvYl9pZCJ9fQ==--5fa4ca3f4b95d1d3f89b9488d427d7a6fc0d3bf8/eyJfcmFpbHMiOnsiZGF0YSI6eyJmb3JtYXQiOiJqcGciLCJyZXNpemVfdG9fZml0IjpbODAwLDgwMF19LCJwdXIiOiJ2YXJpYXRpb24ifX0=--1420d7fd3d20057726f0ef3c0043db24ca0403be/crema%20marinera%20maggi.jpg
De la abuela crema de champiñones 72g,3,De la abuela,72g,Cremas,4000,https://olimpica.vtexassets.com/arquivos/ids/1412741/7702024008064-1.jpg
De la abuela sopa de costilla y fideos 73g,1,De la abuela,73g,Sopas,4000,https://misaboracolombia.com/cdn/shop/files/sopa-inst-maggi-costilla-fideos-65grs7702024015307.jpg
De la abuela sopa de pollo y fideos 70g,7,De la abuela,70g,Sopas,4000,https://alberdisa.vteximg.com.br/arquivos/ids/159914-292-292/Sopa-De-La-Abuela-Fid-T.Campes-x68gr.jpg
De la abuela crema de ajiaco 70g,8,De la abuela,70g,Cremas,4000,https://carulla.vteximg.com.br/arquivos/ids/19584569/CREMA-DE-AJIACO-880146_a.jpg
MiDia conservas de pescado en salsa de tomate 144g lata,2,MiDia,144g lata,Conservas,5000,https://www.midia.com.co/sites/default/files/styles/product_detail/public/2024-02/025_Sardina_Tinapa_MiDia_144_g.png
VanCamps aceite de girasol 425g,8,VanCamps,425g,Conservas,8000,https://exitocol.vteximg.com.br/arquivos/ids/26661909/Atun-Aceite-X-160-Grs-545806_a.jpg
VanCamps salsa de tomate atún 225g,3,VanCamps,225g,Conservas,6000,https://elviejoparisvirtual.com/rails/active_storage/representations/proxy/eyJfcmFpbHMiOnsiZGF0YSI6NTQwNjQ1LCJwdXIiOiJibG9iX2lkIn19--0dc5cc88c3ef1b396868bee06e9193a0e443c1bc/eyJfcmFpbHMiOnsiZGF0YSI6eyJmb3JtYXQiOiJqcGciLCJyZXNpemVfdG9fZml0IjpbODAwLDgwMF19LCJwdXIiOiJ2YXJpYXRpb24ifX0=--1420d7fd3d20057726f0ef3c0043db24ca0403be/sardina-van-camps-tomate-660fe8b3-faf8-4fbc-870e-1e38201d1954.jpg
Fusión trozos de atún en aceite de girasol 140g,2,Fusión,140g,Conservas,5500,https://carulla.vtexassets.com/arquivos/ids/19600196/Atun-ZENU-Tripack-Trozos-Girasol-420-gr-3649838_b.jpg
VanCamps pescado en salsa de tomate 170g,10,VanCamps,170g,Conservas,5500,https://carulla.vteximg.com.br/arquivos/ids/19580364/Conserva-De-Pescado-Salsa-En-Tomate-Lata-X-425-gr-13147_a.jpg
VanCamps 3 latas aceite de girasol 80g,7,VanCamps,80g,Conservas,12000,https://olimpica.vtexassets.com/arquivos/ids/1395192/7702367001029.jpg
Isabel atún aceite de girasol 240g,10,Isabel,240g,Conservas,7000,https://exitocol.vteximg.com.br/arquivos/ids/26661927/Atun-Lomitos-En-Aceite-Girasol-1243749_a.jpg
Isabel pescado en salsa de tomate 425g,2,Isabel,425g,Conservas,9000,https://isabelcolombia.com.co/isabel2018/wp-content/uploads/2018/03/sardinas-oval-425-1.png
VanCamps pescado en aceite de girasol 160g,6,VanCamps,160g,Conservas,5500,https://exitocol.vteximg.com.br/arquivos/ids/26661850/Conserva-De-Pescado-En-Aceite-Natural-Lata-X-425-gr-22327_a.jpg
VanCamps agua 160g lata,2,VanCamps,160g lata,Conservas,4500,https://vaquitaexpress.com.co/media/catalog/product/cache/e89ece728e3939ca368b457071d3c0be/7/7/7702367000558_42.jpg
La soberana pescado en salsa de tomate 155g,9,La soberana,155g,Conservas,5000,https://www.soberana.com.co/wp-content/uploads/2021/02/CONSERVA-LA-SOBERANA-TINAPA-TOMATE.-320G-.png
MiDia trozos de atún en aceite 140g,2,MiDia,140g,Conservas,5500,https://www.midia.com.co/sites/default/files/styles/product_detail/public/2023-10/DUMMIE%20TROZO%20EN%20ACEITE%20140%20G.png
Pan trozos de atún en aceite 150g,6,Pan,150g,Conservas,5500,https://co.allofpan.com/wp-content/uploads/2024/09/atun_aceite.png
Pan trozos de atún en agua 150g,4,Pan,150g,Conservas,5000,https://exitocol.vtexassets.com/arquivos/ids/26680396/Trozos-Atun-En-Agua-PAN-150-gr-3510244_a.jpg
Isabel atún en aceite de girasol 142g 2x1,4,Isabel,142g 2x1,Conservas,10000,https://isabelcolombia.com.co/isabel2018/wp-content/uploads/2018/03/Lata-160-Dark.png
Isabel atún en agua 160g,9,Isabel,160g,Conservas,5000,https://mercasur.com.co/rails/active_storage/representations/proxy/eyJfcmFpbHMiOnsiZGF0YSI6MjI5MTc5MywicHVyIjoiYmxvYl9pZCJ9fQ==--5a1cf62802a66f153aa682c66f81f38469c3744c/eyJfcmFpbHMiOnsiZGF0YSI6eyJmb3JtYXQiOiJqcGciLCJyZXNpemVfdG9fZml0IjpbODAwLDgwMF19LCJwdXIiOiJ2YXJpYXRpb24ifX0=--1420d7fd3d20057726f0ef3c0043db24ca0403be/atun%20isabel%20lomitos%20en%20agua.jpg
Aceite diana premium 900 ml,7,Diana,900 ml,Aceites,15000,https://exitocol.vteximg.com.br/arquivos/ids/26677710/Aceite-Premium-DIANA-900-ml-3297591_a.jpg
Aceite diana normal 900 ml,6,Diana,900 ml,Aceites,13000,"https://sp-ao.shortpixel.ai/client/to_webp,q_glossy,ret_img,w_348,h_537/https://grupodiana.co/wp-content/uploads/2023/09/Aceite-Diana-Vitaminas-01Sep23.png"
Aceite gustosito 900 ml,8,Gusiosito,900 ml,Aceites,13000,https://i0.wp.com/mercaenlinea.nyc3.digitaloceanspaces.com/2020/04/prin.jpg
Aceite viví 150 CM cubicos,5,Viví,150 CM cubicos,Aceites,4000,https://mistiendas.com.co/1339-large_default/aceite-vivi-x250-cc.jpg
Aceite diana 250 ml,9,Diana,250 ml,Aceites,5000,https://olimpica.vtexassets.com/arquivos/ids/866320/7702028000330.jpg
Aceite riquísimo 250 ml,1,Riquísimo,250 ml,Aceites,5000,https://static.merqueo.com/images/products/large/66ddf4a4-864f-4fbe-a8fd-2c3e83206931.png
Aceite de oliva 225 ml,10,Sin marca,225 ml,Aceites,12000,https://badia.vtexassets.com/arquivos/ids/156326/Copia-de-Copia-de-ACEITE-DE-OLIVA-110ml-ZOOM.png
Aceite de soya 250 ml,10,Sin marca,250 ml,Aceites,5000,https://olimpica.vtexassets.com/arquivos/ids/1081668/7701008626058.jpg
Aceite soy soya 150 ml,8,Soy,150 ml,Aceites,4000,https://olimpica.vtexassets.com/arquivos/ids/1081668/7701008626058.jpg
Aceite bon life 230 ml,4,Non life,230 ml,Aceites,5000,https://supertiendascomunal.com/1404-thickbox_default/aceite-bon-life-500-ml.jpg
Mantequilla la fina 125 gr,2,La fina,125 gr,Grasas,6000,https://vaquitaexpress.com.co/media/catalog/product/cache/e89ece728e3939ca368b457071d3c0be/7/7/7702161001003_32.jpg
Mantequilla Frida 125 gr,2,Frida,125 gr,Grasas,5500,https://www.hv.com.co/wp-content/uploads/2018/03/frida_125.png
Mantequilla natura 60 gr,2,Natura,60 gr,Grasas,3500,https://www.hv.com.co/wp-content/uploads/2018/05/Natura_Margarina2.png
Mantequilla rama 125 gr,3,Rama,125 gr,Grasas,6000,https://www.rama.com.co/-/media/Project/Upfield/Brands/Rama/Rama-CO/Assets/Products/new-packshots-2023/Rama-con-Sal/CON-SAL-500G-OFERTA.png
Pepsi 250 ml retornable,4,Pepsi,250 ml retornable,Bebidas,2500,https://mercadoslpineda.co/6078-thickbox_default/gaseosa-postobon-x-250-ml-pepsi.jpg
Manzana Postobón 250 retornable,7,Postobón,250 retornable,Bebidas,2500,https://carulla.vteximg.com.br/arquivos/ids/18524944/GASEOSA-MANZANA-POSTOBON-250-ml-531742_a.jpg
Jugo hit frutos tropicales 250 ml,6,Hit,250 ml,Bebidas,3000,https://tomatelavida.com.co/wp-content/uploads/2022/12/Hit-Frutas-tropicales-2022-G.png
Jugo hit Lulo 250 ml,2,Hit,250 ml,Bebidas,3000,https://exitocol.vteximg.com.br/arquivos/ids/27520241/Hit-Lulo-Pet-500-ml-646606_a.jpg
Jugo hit mora 250 ml,9,Hit,250 ml,Bebidas,3000,https://infonutricional.tomatelavida.com.co/wp-content/uploads/2023/06/Pet-500-Mora.png
Gaseosa Quatro 237 ml,8,Quatro,237 ml,Bebidas,2500,https://colsubsidio.vteximg.com.br/arquivos/ids/166508-800-800/7702535012079.jpg
Gaseosa coca cola 237 ml,8,Coca cola,237 ml,Bebidas,2500,https://distribuidoranikoll.com/wp-content/uploads/2023/04/IMG_20230426_183331_031.jpg
Gaseosa brisa manzana con gas 237 ml,6,Brisa,237 ml,Bebidas,2500,https://vaquitaexpress.com.co/media/catalog/product/cache/e89ece728e3939ca368b457071d3c0be/7/7/7702535027868_29.jpg
Tapabocas 20 unidades pcs,8,Mayfield,20 unidades pcs,Otros,3000,https://mrsindustrial.com.co/wp-content/uploads/2024/09/images-3.jpg
Don Magolo laurel deshidratado 37g,10,Don Magolo,37g,Condimentos,2500,https://www.donmagolo.com/wp-content/uploads/2025/02/24-800x800.png
Don Magolo comino pepa 60g,1,Don Magolo,60g,Condimentos,3000,https://www.donmagolo.com/wp-content/uploads/2025/02/18-800x800.png
Don Magolo tomillo puro 20g,10,Don Magolo,20g,Condimentos,2000,https://www.donmagolo.com/wp-content/uploads/2025/02/8-800x800.png
Condimento de pimienta el rey 8g,3,El rey,8g,Condimentos,1500,https://villavoexpress.com/rails/active_storage/representations/proxy/eyJfcmFpbHMiOnsiZGF0YSI6MjcxMzcsInB1ciI6ImJsb2JfaWQifX0=--ee3418799785bd85e766a576931b9ed35ec0ec1c/eyJfcmFpbHMiOnsiZGF0YSI6eyJmb3JtYXQiOiJqcGciLCJyZXNpemVfdG9fZml0IjpbODAwLDgwMF19LCJwdXIiOiJ2YXJpYXRpb24ifX0=--1420d7fd3d20057726f0ef3c0043db24ca0403be/pimienta-en-polvo-el-rey-condimento-60-gr.jpg
Salsina comino el rey 13g,7,El rey,13g,Condimentos,1500,https://static.compreloadomicilio.com/dulceriavainilla/products/01656/1543.jpg
Finas hierbas el rey 4g,5,El rey,4g,Condimentos,1200,https://exitocol.vteximg.com.br/arquivos/ids/26661996/Finas-Hierbas-X15-Gramos-673387_a.jpg
Goma roller Fizz 20 gr,4,Fizz,20 gr,Snacks,2000,https://distribucioneselconfite.com/5390-large_default/gomas-fini-roller-fizz-fantasia-x-20gr.jpg
Papas super ricas naturales 105 gr,10,Super Ricas,105 gr,Snacks,4000,https://olimpica.vtexassets.com/arquivos/ids/904585/7702152109824.jpg
Papas super ricas de tomate 105 gr,7,Super Ricas,105 gr,Snacks,4000,https://carulla.vtexassets.com/arquivos/ids/20465367/Papas-SUPER-RICAS-Fritas-Onditas-Tomate-105-gr-3676455_a.jpg
Papas fosforito supericas 160 gr,3,Super Ricas,160 gr,Snacks,5000,https://carulla.vtexassets.com/arquivos/ids/18562315/Papas-Fritas-Fosforitos-SUPER-RICAS-160-gr-3483131_a.jpg
Papas todo rico BBQ 150 gr,9,Todo Rico,150 gr,Snacks,4500,https://olimpica.vtexassets.com/arquivos/ids/904583/7702152109701.jpg
Papas todo rico natural 150 gr,7,Todo Rico,150 gr,Snacks,4500,https://exitocol.vtexassets.com/arquivos/ids/25550945/PASABOCAS-MEZCLA-ORIGINAL-TODO-RICO-150-Gramo-1774228_a.jpg
Yupi clásicas sabor a pollo 25g,9,Yupi,25g,Snacks,2000,https://d2j6dbq0eux0bg.cloudfront.net/images/79456011/3278698807.jpg
Maní Bary pollo 35 gr,2,Bary,35 gr,Snacks,2500,https://prodcdnmobisoft.oxxodomicilios.com/01JJA0V63M0B9W4VGZSMR6ZJVZ.png
Maní Bary con pasas 35 gr,7,Bary,35 gr,Snacks,2500,https://bary.s3.amazonaws.com/media/20240522123630/Mockup-Mani-Pasas-Octagonal-1.png
Maní limón 35 gr,1,Bary,35 gr,Snacks,2500,https://bary.s3.amazonaws.com/media/20240522123631/Mockup-Mani-Limon-Octagonal-1.png
Maní Bary natural 35 gr,4,Bary,35 gr,Snacks,2500,https://distrimarketsas.com/rails/active_storage/blobs/proxy/eyJfcmFpbHMiOnsiZGF0YSI6MTc0MDE3NywicHVyIjoiYmxvYl9pZCJ9fQ==--46caa41848cb2c72bd6a7274fb18c2192709b0f0/7702439275754.jpg
Maní moto 44 gr,8,Frito Lay,44 gr,Snacks,3000,https://locatelcolombia.vtexassets.com/arquivos/ids/338236/7702189057730_1_Mani-Moto-Fritolay-X-44g.png
Trolli vacanas gomitas 70g,5,Trolli,70g,Gomitas,4000,https://images.rappi.com/products/1713295922526_1713295916307_1713295914775.jpg
Trolli crocydilio gomitas 70g,1,Trolli,70g,Gomitas,4000,https://eurosuper.vtexassets.com/arquivos/ids/173389/GOMAS-TROLLI-CROCYDRILO-BOLSA-X-55GR.jpg
Trolli mango buche 65g,1,Trolli,65g,Gomitas,3500,https://prodcdnmobisoft.oxxodomicilios.com/01HW84WXSTJPVB6XSSAF2K7C2S.jpg
Trolli pipatamo 70g,5,Trolli,70g,Gomitas,4000,https://megatiendas.vtexassets.com/arquivos/ids/169505/7702174083591.jpg
Trolli rin rin 65g,1,Trolli,65g,Gomitas,3500,https://megatiendas.vtexassets.com/arquivos/ids/175498/7702174085663.jpg
Trolli enamorados 60g,9,Trolli,60g,Gomitas,3500,https://olimpica.vtexassets.com/arquivos/ids/1536211/7702174085564_Trolli_Enamoras-x60-2.jpg
Colombina gummies gomitas bom BOM bum 45g,10,Colombina,45g,Gomitas,3000,https://carulla.vtexassets.com/arquivos/ids/20547452/GOMITAS-BBB-24BS145g-BON-BON-BUM-45-gr-3506931_a.jpg
Gomitas grissly gamer 40g,7,Grissly,40g,Gomitas,2500,https://mercaldas.vtexassets.com/arquivos/ids/1342059/Gomas-GRISSLY-gamers-x40-g_133629.jpg.jpg
Gomitas trululu neon 85g,6,Trululu,85g,Gomitas,4000,https://prodcdnmobisoft.oxxodomicilios.com/01HSE0SZZVP9N1M1YB6032BCQ0.jpg
Gomitas trululu gusanos ácidos 70g,5,Trululu,70g,Gomitas,3500,https://vaquitaexpress.com.co/media/catalog/product/cache/e89ece728e3939ca368b457071d3c0be/7/7/7702993051733.jpg
Gomitas trululu oro 90g,10,Trululu,90g,Gomitas,4000,https://copservir.vtexassets.com/arquivos/ids/1564673/GOMA-TRULULU-ORO_F.png
Gomitas trululu fresitas 70g,7,Trululu,70g,Gomitas,3500,https://pasteurio.vtexassets.com/arquivos/ids/187829/470018_01.jpg
Italo gomas 40 gr,6,Italo,40 gr,Gomitas,2500,https://mercosto.com/53211-large_default/gomas-italo-media-luna-40g.jpg
Gomitas sabor mora 40 gr,9,Colombina,40 gr,Gomitas,2500,https://prodcdnmobisoft.oxxodomicilios.com/01J1Y9VSE5W4W7F5JN7Q2WPYYF.png
Súper pupy 312g (24 unid),9,Triunfo,312g (24 unid),Dulces,400,https://exitocol.vteximg.com.br/arquivos/ids/26649615/Chupeta-Super-Pupy-TRIUNFO-312-gr-3429964_a.jpg
Bombón barrilete 456g (24 unid),1,Colombina,456g (24 unid),Dulces,500,https://exitocol.vteximg.com.br/arquivos/ids/26634564/Bombo-De-Barrilete-Original-Pqt-24-Unids-228891_a.jpg
"Pin pop gigante paleta azul,rojo No especificado",8,Pin Pop,No especificado,Dulces,800,https://www.confitiendas.com/wp-content/uploads/2022/03/14019_202102231650102775446.jpeg
Pin pop gigante fresa 480g (24 unid),10,Pin Pop,480g (24 unid),Dulces,800,https://carulla.vteximg.com.br/arquivos/ids/19567623/Caramelo-Duro-Chupeta-Fresa-Mora-PIN-POP-480-gr-3507105_b.jpg
Pupy leche 312g (24 unid),3,Triunfo,312g (24 unid),Dulces,600,https://i0.wp.com/www.grupodelsur.co/wp-content/uploads/2023/06/CHUPETA-PUPY-LECHE.png
Colombina max coco 14g,9,Colombina,14g,Dulces,1500,https://colombinacontentmanager-prd.s3.us-east-1.amazonaws.com/Dulces/7702011082244_A1N1_es.jpg
Kick lolipop 24g,5,No especificada,24g,Dulces,2000,https://i.ytimg.com/vi/aIA3ronHrdE/hq720.jpg
BOM BOM bum sabor a fresa 456g (24 unid),1,Colombina,456g (24 unid),Dulces,500,https://images.openfoodfacts.org/images/products/770/201/128/1180/front_es.20.full.jpg
BOM BOM bum 228g (12 unid),3,Colombina,228g (12 unid),Dulces,500,https://vaquitaexpress.com.co/media/catalog/product/cache/e89ece728e3939ca368b457071d3c0be/7/7/7702011281166_40.jpg
BOM BOM bum surtido tropical 456g (24 unid),3,Colombina,456g (24 unid),Dulces,500,https://olimpica.vtexassets.com/arquivos/ids/1395088/7702011076557.jpg
BOM BOM bum cereza intensa 456g (24 unid),4,Colombina,456g (24 unid),Dulces,500,https://olimpica.vtexassets.com/arquivos/ids/1395114/7702011089090.jpg
ChocoDisk Sandy 16g,6,Sandy,16g,Dulces,1500,https://prodcdnmobisoft.oxxodomicilios.com/01HSE2JM56HFV9QV51YBCEJNN8.png
Bubaloo fresa 5.1g,5,Bubaloo,5.1g,Chicles,1000,https://olimpica.vtexassets.com/arquivos/ids/895538/7622210589194.jpg
Chokis chocolate 19 gr,6,Chokis,19 gr,Dulces,2000,https://vaquitaexpress.com.co/media/catalog/product/cache/e89ece728e3939ca368b457071d3c0be/7/7/7702189011251_34.jpg
Halls 3 gr negro 3 gr,4,Halls,3 gr,Mentas,1200,https://m.media-amazon.com/images/I/51aCNQ0Sd5L.jpg
Barra halls 25 gr naranja 25 gr,5,Halls,25 gr,Mentas,2000,https://vaquitaexpress.com.co/media/catalog/product/cache/e89ece728e3939ca368b457071d3c0be/7/6/7622201776459_39.jpg
Halls sandía patilla 25 gr,7,Halls,25 gr,Mentas,2000,https://mercadoslpineda.co/6952-large_default/halls-tubo-x-9und-sandia.jpg
Halls mentol cereza 25 gr,10,Halls,25 gr,Mentas,2000,"https://m.media-amazon.com/images/I/81YBA3jyVKL._AC_UF350,350_QL80_.jpg"
Halls barra bluebarry 25 gr,6,Halls,25 gr,Mentas,2000,https://licoresmedellin.com/cdn/shop/files/CARAMELO_HALLS_BARRA_AZUL_MENTA_9UNDS.jpg
Barra halls negros 25 gr,7,Halls,25 gr,Mentas,2000,https://licoresmedellin.com/cdn/shop/files/CARAMELO_HALLS_BARRA_NEGRO_9UNDS_0e27ebb3-c9d5-446e-87cf-822f30182be8.jpg
Barra halls yerbabuena 25 gr,8,Halls,25 gr,Mentas,2000,https://vaquitaexpress.com.co/media/catalog/product/cache/e89ece728e3939ca368b457071d3c0be/7/7/7702133815782_40.jpg
Trident yerbabuena 5.1 gr,2,Trident,5.1 gr,Chicles,2000,https://locatelcolombia.vtexassets.com/arquivos/ids/237252/7622201776572_1_CHICLE-TRIDENT-YERBABUENA-X-8.5G.jpg
Trident Sandia 5.1 gr,10,Trident,5.1 gr,Chicles,2000,https://www.drogueriaspatria.com/wp-content/uploads/2024/04/7622201776626-1.jpg
Trident mora azul 5 gr,2,Trident,5 gr,Chicles,2000,https://locatelcolombia.vtexassets.com/arquivos/ids/237246/7622201776695_1_CHICLE-TRIDENT-MORA-AZUL-X-8.5G.jpg
Trident menta 5 gr,9,Trident,5 gr,Chicles,2000,https://vaquitaexpress.com.co/media/catalog/product/cache/e89ece728e3939ca368b457071d3c0be/7/6/7622201776664_40.jpg
Trident fresh herbal 5.1 gr,1,Trident,5.1 gr,Chicles,2000,https://locatelcolombia.vtexassets.com/arquivos/ids/237250/7622201776510_1_CHICLE-TRIDENT-FRESH-HERBAL-X-8.5G.jpg
"Trident menta, fresh herbal 1.5 gr",4,Trident,1.5 gr,Chicles,1000,https://www.farmadon.com.ve/wp-content/uploads/2024/12/Trident-Fresh-Herbal-Sin-Azucar-8.5Gr.png
Cúrcuma pura el rey 25g,2,El Rey,25g,Condimentos,2500,https://olimpica.vtexassets.com/arquivos/ids/1015383/7702175137422-.jpg
Pimienta de olor pura el rey 15g,3,El Rey,15g,Condimentos,2000,https://megatiendas.vtexassets.com/arquivos/ids/173359/7702175108705.jpg
Jengibre puro el rey 15g,1,El Rey,15g,Condimentos,2000,https://megatiendas.vtexassets.com/arquivos/ids/167789/7702175157789.jpg
Ajo el rey 13g,7,El Rey,13g,Condimentos,1500,https://olimpica.vtexassets.com/arquivos/ids/956689/7702175111231.jpg
Condimentos el rey comino 13g,7,El Rey,13g,Condimentos,1500,https://carulla.vteximg.com.br/arquivos/ids/19580522/Comino-En-Bolsa-225309_a.jpg
Colorey el rey 55g,5,El Rey,55g,Condimentos,3000,https://olimpica.vtexassets.com/arquivos/ids/957215/7702175111248.jpg
Pimienta 25g,6,El Rey,25g,Condimentos,2500,https://olimpica.vtexassets.com/arquivos/ids/615463/7702175108118.jpg
El rey salsa de aji picante 95ml,6,El Rey,95ml,Salsas,3500,https://megatiendas.vtexassets.com/arquivos/ids/160098/7702175159509.png
Salsa negra Bary 155ml,8,Bary,155ml,Salsas,4000,https://exitocol.vtexassets.com/arquivos/ids/26871159/SALSA-NEGRA-FRASCO-131412_a.jpg
Salsa china Bary 155ml,1,Bary,155ml,Salsas,4000,https://vaquitaexpress.com.co/media/catalog/product/cache/e89ece728e3939ca368b457071d3c0be/7/7/7702439003074_35.jpg
Salsa de soya Bary 155ml,7,Bary,155ml,Salsas,4000,https://exitocol.vteximg.com.br/arquivos/ids/27197258/SALSA-DE-SOYA-FRASCO-132121_a.jpg
Salsa con sabor a humo Bary 155ml,9,Bary,155ml,Salsas,4000,https://tiendaganga.com.co/public/uploads/all/4pI1Lr21NJxow5cCRTNtauVxe4oaK9kqA6EEGLnH.png
Salsa con ají Bary 155ml,7,Bary,155ml,Salsas,4000,https://exitocol.vtexassets.com/arquivos/ids/27197236/SALSA-CON-AJI-742425_a.jpg
Salsa BBQ Bary 170g,10,Bary,170g,Salsas,4500,https://distrimarketsas.com/rails/active_storage/representations/proxy/eyJfcmFpbHMiOnsiZGF0YSI6OTA0NTQwLCJwdXIiOiJibG9iX2lkIn19--0fc92982587725abc30a7aac69105f4004b65ad5/eyJfcmFpbHMiOnsiZGF0YSI6eyJmb3JtYXQiOiJqcGciLCJyZXNpemVfdG9fZml0IjpbODAwLDgwMF19LCJwdXIiOiJ2YXJpYXRpb24ifX0=--1420d7fd3d20057726f0ef3c0043db24ca0403be/8545b82b-6b9e-47e9-8d61-4b79b22698db.jpg
Vinagreta Bary 170g,4,Bary,170g,Salsas,4500,https://vaquitaexpress.com.co/media/catalog/product/cache/e89ece728e3939ca368b457071d3c0be/7/7/7702439006891_28.jpg
Salsa de Ajo Bary 110g,9,Bary,110g,Salsas,3500,https://villavoexpress.com/rails/active_storage/representations/proxy/eyJfcmFpbHMiOnsiZGF0YSI6NDc2NTYzLCJwdXIiOiJibG9iX2lkIn19--1e94e45a641a25b527d5f3f7a8a8cf3db2eb51db/eyJfcmFpbHMiOnsiZGF0YSI6eyJmb3JtYXQiOiJqcGciLCJyZXNpemVfdG9fZml0IjpbODAwLDgwMF19LCJwdXIiOiJ2YXJpYXRpb24ifX0=--1420d7fd3d20057726f0ef3c0043db24ca0403be/SALSA-DE-AJO-BARY-FRASCO_F.png
Bary salsa de tomate 120g,3,Bary,120g,Salsas,3500,https://distrimarketsas.com/rails/active_storage/blobs/proxy/eyJfcmFpbHMiOnsiZGF0YSI6OTA1NDY4LCJwdXIiOiJibG9iX2lkIn19--7098321b161224a2d0eccca1c7323974927e4e8d/d67cb468-b932-442f-b7ee-4d239ec898d4.jpg
Bary salsa con mostaza 120g,1,Bary,120g,Salsas,3500,https://distrimarketsas.com/rails/active_storage/representations/proxy/eyJfcmFpbHMiOnsiZGF0YSI6OTA1MzY1LCJwdXIiOiJibG9iX2lkIn19--d368264d1a05d09cf16d5f30fa09785ce1f3d335/eyJfcmFpbHMiOnsiZGF0YSI6eyJmb3JtYXQiOiJ3ZWJwIiwicmVzaXplX2FuZF9wYWQiOlszMjAsMzIwLHsiZXh0ZW5kIjoid2hpdGUifV19LCJwdXIiOiJ2YXJpYXRpb24ifX0=--a7d4729092d7300df826ec1077a67fefc8243382/salsa-con-mostaza-bary-180gr.jpg
Bary salsa rosada 120g,6,Bary,120g,Salsas,3500,https://bary.s3.amazonaws.com/media/20240522131633/salsa-rosada-sachet-180-SV-G.png
Bary salsa BBQ 120g,6,Bary,120g,Salsas,3500,https://distrimarketsas.com/rails/active_storage/blobs/proxy/eyJfcmFpbHMiOnsiZGF0YSI6OTA0NTQwLCJwdXIiOiJibG9iX2lkIn19--0fc92982587725abc30a7aac69105f4004b65ad5/8545b82b-6b9e-47e9-8d61-4b79b22698db.jpg
Bary Mayonesa 120g,7,Bary,120g,Salsas,3500,https://distrimarketsas.com/rails/active_storage/representations/proxy/eyJfcmFpbHMiOnsiZGF0YSI6NjI2MjMyLCJwdXIiOiJibG9iX2lkIn19--24e58d0c0f40ea8c586485edfa9670a9eaff6296/eyJfcmFpbHMiOnsiZGF0YSI6eyJmb3JtYXQiOiJ3ZWJwIiwicmVzaXplX2FuZF9wYWQiOlszMjAsMzIwLHsiZXh0ZW5kIjoid2hpdGUifV19LCJwdXIiOiJ2YXJpYXRpb24ifX0=--a7d4729092d7300df826ec1077a67fefc8243382/286c6bfd-2cf0-49e1-bdb2-453a30a0e5bd.jpg
Frugal Salsa de tomate 80g,8,Frugal,80g,Salsas,2500,https://carulla.vteximg.com.br/arquivos/ids/19620177/Salsa-tomate-Plegadiza-12-und-x80g-FRUGAL-960-gr-3555300_a.jpg
La constancia Salsa de tomate 80g,6,La Constancia,80g,Salsas,2500,https://distrimarketsas.com/rails/active_storage/representations/proxy/eyJfcmFpbHMiOnsiZGF0YSI6MTEzMjg1MiwicHVyIjoiYmxvYl9pZCJ9fQ==--eff4d1161e6ee36182e55f0dec298ebf4a82e9b4/eyJfcmFpbHMiOnsiZGF0YSI6eyJmb3JtYXQiOiJqcGciLCJyZXNpemVfdG9fZml0IjpbODAwLDgwMF19LCJwdXIiOiJ2YXJpYXRpb24ifX0=--1420d7fd3d20057726f0ef3c0043db24ca0403be/f6db6aba-595f-4ecd-9246-fd3d868f6990.jpg
Fruco Mayonesa 80g,8,Fruco,80g,Salsas,2500,https://carulla.vteximg.com.br/arquivos/ids/15370821/Salsa-Mayonesa-FRUCO-80-gr-3211031_a.jpg
Fruco Salsa de tomate 80g,2,Fruco,80g,Salsas,2500,https://carulla.vteximg.com.br/arquivos/ids/19565956/Salsa-De-Tomate-FRUCO-80-gr-3211030_a.jpg
Fruco pasta de tomate 200g,8,Fruco,200g,Salsas,4000,https://olimpica.vtexassets.com/arquivos/ids/879636/7702047028247.jpg
Frugal Mayo 80g,1,Frugal,80g,Salsas,2500,"https://sp-ao.shortpixel.ai/client/to_webp,q_glossy,ret_img/https://grupodiana.co/wp-content/uploads/2025/05/Salsa-Mayo-x-170g.png"
Granunion frijol 190g,10,Granunion,190g,Enlatados,4500,https://i.imgur.com/hP1MMzo.png
MiDia maíz tierno 241g,9,MiDia,241g,Enlatados,4000,https://supermercadoslacanasta.com/rails/active_storage/blobs/proxy/eyJfcmFpbHMiOnsiZGF0YSI6MTc4MzMwNSwicHVyIjoiYmxvYl9pZCJ9fQ==--50b548dee045c6b72491ff4e13666ced23d334cf/7700149173698.jpg
Rica salchicha viena 150g,3,Rica,150g,Enlatados,5000,https://cnutresa.vtexassets.com/arquivos/ids/164042/7702398007212_Salchichas-Viena-Rica.jpg
Alamar ensalada natural 160g,1,Alamar,160g,Enlatados,4500,https://vaquitaexpress.com.co/media/catalog/product/cache/e89ece728e3939ca368b457071d3c0be/7/7/7700618020638_41.jpg
Don magolo vinagre manzana 250ml,4,Don Magolo,250ml,Vinagres,3000,https://www.donmagolo.com/wp-content/uploads/2025/02/14-800x800.png
San Jorge vinagre blanco 500ml,10,San Jorge,500ml,Vinagres,4500,https://sanjorge.co/wp-content/uploads/2024/04/VINAGRE-BLANCO-SJ-PET-x-500-cm3.png
Don prospero vinagre blanco 500ml,5,Don Prospero,500ml,Vinagres,4200,https://exitocol.vteximg.com.br/arquivos/ids/27602686/VINAGRE-BLANCO-1494428_a.jpg
Don magolo vinagre sabor manzana 500ml,6,Don Magolo,500ml,Vinagres,5800,https://www.donmagolo.com/wp-content/uploads/2025/02/15-800x800.png
Don magolo vinagre blanco 500ml,4,Don Magolo,500ml,Vinagres,5200,https://www.donmagolo.com/wp-content/uploads/2025/02/12-800x800.png
Colmans vinagre blanco 250ml,6,Colmans,250ml,Vinagres,3800,https://colmans.co/wp-content/uploads/2023/12/VINAGRE-250ml-1.png
Finura vinagre blanco 1000ml,5,Finura,1000ml,Vinagres,8500,https://freskofood57.com/wp-content/uploads/2024/01/vinagre.jpeg
El Carriel mogollas 400 gr,6,El Carriel,400 gr,Panaderia,2800,https://elcarriel.com.co/wp-content/uploads/mogollas-12und.jpg
Comapan pan para sándwich 105 gr,4,Comapan,105 gr,Panaderia,3200,https://colanta.vtexassets.com/arquivos/ids/156714/8783-1.png
Pan para hamburguesa comapan 105 gr,8,Comapan,105 gr,Panaderia,3500,https://comapan.com.co/wp-content/uploads/2023/11/Pan_Hamburguesax6.jpg
Santa clara 400 gr panes 400 gr,7,Santa Clara,400 gr,Panaderia,4200,https://carulla.vtexassets.com/arquivos/ids/19775714/Pan-Perro-SANTA-CLARA-400-gr-1062069_a.jpg
Coma pan mantequilla 230 gr,6,Comapan,230 gr,Panaderia,4800,https://comapan.com.co/wp-content/uploads/2023/11/Pan_Mantequilla.jpg
Caladitos comapan 140 gr,9,Comapan,140 gr,Panaderia,3600,https://comapan.com.co/wp-content/uploads/2023/11/MiniCaladitos-X-12.jpg
Tostados santa clara 115 gr,7,Santa Clara,115 gr,Panaderia,4500,https://supertiendascomunal.com/8244-large_default/tostadas-santa-clara-24-und.jpg
Tostadas el carriel mantequilla 160 gr,8,El Carriel,160 gr,Panaderia,5200,https://elcarriel.com.co/wp-content/uploads/tostadas-mantequilla-12und.jpg
Todtadas el Carriel normales 160 gr,3,El Carriel,160 gr,Panaderia,4800,https://elcarriel.com.co/wp-content/uploads/tostadas-integrales-12und.jpg
Quatro vidrio 237ml,9,Quatro,237ml,Bebidas,3200,https://storage.googleapis.com/mysinventarios-imagenes/MYS_20173610073625.jpeg
Coca-Cola 250ml,2,Coca-Cola,250ml,Bebidas,2800,https://colanta.vtexassets.com/arquivos/ids/158723/395J.png
Brisa manzana con gas 237ml,10,Brisa,237ml,Bebidas,2600,https://drinkcentral.co/wp-content/uploads/2024/04/1-10.png
Colcafe suave clásico 10g,3,Colcafé,10g,Cafe,1200,https://fundafarma.com/wp-content/uploads/2023/12/Cafe-Colcafe-10-g.png
Café Buendía 1.5g,4,Buendía,1.5g,Cafe,800,https://i.imgur.com/FZESgH1.png
Café vainilla Buendía 15 gr,2,Buendía,15 gr,Cafe,2200,https://buendia.com/wp-content/uploads/2022/08/CAFE-BUENDIA-VAINILLA-DUMMNIE-SACHET.jpg
Tarrito rojo Kola granulada tradicional 25g,4,Tarrito Rojo,25g,Bebidas,1800,https://www.droguerialaeconomia.com/economia/site/img/1x/041424.jpg
Diana bebida instantánea original 46g,9,Diana,46g,Bebidas,2400,https://jumbocolombiaio.vtexassets.com/arquivos/ids/478845/7702511781111.jpg
La constancia Dulce de guayaba 200g,2,La Constancia,200g,Conservas,4800,https://www.laconstanciacolombina.com/wp-content/uploads/2019/10/3953-DULCE-DE-GUAYABA-200g.png
San Jorge Mermelada de fresa 90g,6,San Jorge,90g,Conservas,3200,https://sanjorge.co/wp-content/uploads/2024/05/FRENTE-7702014639797.png
Durena Colada mezcla de cereales sabor a fresa 30g,5,Durena,30g,Cereales,2800,https://i.imgur.com/4usA2Zk.png
San romo sirope sabor a miel 50g,4,San Romo,50g,Siropes,3500,https://www.mercaboy.com/3497-large_default/miel-de-abeja-la-reina-150ml.jpg
Tubito leche condensada 45g,4,Tubito,45g,Conservas,2600,https://unidrogas.vtexassets.com/arquivos/ids/383855/7707226110720.jpg
Alquería arequipe 50g,5,Alquería,50g,Dulces,3800,https://en1ya.com/wp-content/uploads/2023/07/AREQUIPE-ALQUERIA-X50g.jpg
Hit natural baby compota de pera 90g,8,Hit Natural,90g,Compotas,4200,https://exitocol.vtexassets.com/arquivos/ids/27197464/Compota-Pera-100-Fruta-Pouch-x-90g-HIT-90-gr-3554088_a.jpg
Super ricas onditas salsa de tomate 30g,6,Super Ricas,30g,Snacks,1800,https://carulla.vtexassets.com/arquivos/ids/20465367/Papas-SUPER-RICAS-Fritas-Onditas-Tomate-105-gr-3676455_a.jpg
Super ricas pollo 30g,10,Super Ricas,30g,Snacks,1800,https://ivo-mucura.s3.amazonaws.com/productos/UMRVoPsmZM.jpg
Doritos mega queso 43g,5,Doritos,43g,Snacks,3500,https://en1ya.com/wp-content/uploads/2022/09/DORITOS-MEGA-QUESO-X43g.png
Doritos sabor pizza 41g,5,Doritos,41g,Snacks,3400,https://images.rappi.com/products/1733506337412_1733506334440_1733506335009.jpeg
Doritos 105 gr,2,Doritos,105 gr,Snacks,6800,https://licoresdelasabana.com/wp-content/uploads/2019/08/Doritos-Mega-Queso.jpg
Margarita natural 36g,10,Margarita,36g,Snacks,2200,https://licoresmedellin.com/cdn/shop/files/PAPAS_MARGARITA_NATURAL_PEQUENA_36GR.jpg
Margarita onduladas tomate 35g,10,Margarita,35g,Snacks,2200,https://copservir.vtexassets.com/arquivos/ids/1564489/PAPA-MARGARITA-ONDULADA-TOMATE_F.png
Papas Margarita limón 105 gr,9,Margarita,105 gr,Snacks,4800,https://megatiendas.vtexassets.com/arquivos/ids/170925/7702189053794.jpg
Papas Margarita pollo 105 gr,3,Margarita,105 gr,Snacks,4800,https://megatiendas.vtexassets.com/arquivos/ids/170941/7702189053770.jpg
Super ricas súper crocantes 35g,2,Super Ricas,35g,Snacks,1900,https://static.merqueo.com/images/products/large/befa2600-068a-446e-80d0-e57fa6d2642d.png
Super ricas tajaditas plátano verde 38g,3,Super Ricas,38g,Snacks,2000,https://en1ya.com/wp-content/uploads/2022/10/TAJADITAS-PLATANO-VERDE-SUPER-RICAS-X38g.jpg
Super ricas tajamiel plátano maduro 38g,3,Super Ricas,38g,Snacks,2000,https://static.merqueo.com/images/products/large/d1f62520-187d-4106-a5bc-efceb0a587dc.jpg
Super ricas chidos mero queso 38g,2,Super Ricas,38g,Snacks,2000,https://en1ya.com/wp-content/uploads/2023/08/CHIDOS-MERO-QUESO-SUPER-RICAS-X38g.jpg
Super ricas fosforitos 35g,4,Super Ricas,35g,Snacks,1900,https://mecato.shop/cdn/shop/products/fosforitound_9455d199-7da9-4a16-8ed3-84a16a2758f4_800x.jpg
Chefrito trocipollo 50g,8,Chefrito,50g,Snacks,2800,https://ivo-mucura.s3.amazonaws.com/productos/0pX8aPE9HE.jpg
Natnack garbanzos snacks 30g,6,Natnack,30g,Snacks,2400,https://images.openfoodfacts.org/images/products/770/930/608/8073/front_es.3.full.jpg
"Natnack mix aranadanos, lentejas y alberjas 30g",3,Natnack,30g,Snacks,2600,https://natnack.com/wp-content/uploads/2022/01/Perfil-Mix-Arandanos-300x300.png
Natnack arvejas 30g,5,Natnack,30g,Snacks,2400,https://natnack.com/wp-content/uploads/2022/01/Mesa-de-trabajo-34.png
Krumer chips BBQ papas fritas 30g,8,Krumer,30g,Snacks,2200,https://krumerchips.com/wp-content/uploads/2023/09/render-papas-bbq.png
Krumer chips hot chili lime 30g,8,Krumer,30g,Snacks,2200,https://krumerchips.com/wp-content/uploads/2024/04/hot-chili.png
Krumer chips limón 30g,7,Krumer,30g,Snacks,2200,https://krumerchips.com/wp-content/uploads/2023/09/render-papas-limon.png
Krumer chips natural 30g,9,Krumer,30g,Snacks,2200,https://krumerchips.com/wp-content/uploads/2023/09/render-papas-natural.png
Frito lay gudiz 28g,6,Frito Lay,28g,Snacks,2000,https://sumafrut.com.co/wp-content/uploads/2021/05/P1620564.jpg
CheeseTris 42g,1,No especificada,42g,Snacks,2400,https://www.confitiendas.com/wp-content/uploads/2022/03/Instagram-post-19-5.jpg
Papas Yupi 35 gr,1,Yupi,35 gr,Snacks,1800,https://yupi.com.co/wp-content/uploads/2025/01/rizadas-natural.png
Chicharones artesanales 45 gr,5,Don chicharron,45 gr,Snacks,3200,https://donchicharron.com.co/wp-content/uploads/2021/02/Tradicional-Natural-100gr.png
Maní Bary frutos secos y arándano 35 gr,4,Bary,35 gr,Snacks,3800,https://images.rappi.com/products/1718980285353_e63ed694-7f9d-42f4-9823-e76424ec0b4c_459.jpg
Popetas mix 39.6 gr,3,CremHelado,39.6 gr,Snacks,2800,https://supermercadolaestacion.com/33336-large_default/popetas-mix.jpg
Gomitas trululu feroz 18 gr,6,Trululu,18 gr,Gomitas,1500,https://mundochuquen.com/wp-content/uploads/2023/06/Screenshot_20230608_161627.jpg
Trululu chococolores 30 gr,3,Trululu,30 gr,Gomitas,2200,https://vaquitaexpress.com.co/media/catalog/product/cache/e89ece728e3939ca368b457071d3c0be/7/7/7702993054482.jpg
Gomitas gusano trululu No especificado,7,Trululu,No especificado,Gomitas,1800,https://stopersmarket.com/wp-content/uploads/2023/04/Gomitas-gusanos-Trululu-x-90g.png
Gomitas aros trululu 6 gr,8,Trululu,6 gr,Gomitas,800,https://olimpica.vtexassets.com/arquivos/ids/901445/7702993015469.jpg
Dulces de ajonjolí No especificado,5,Sin Marca,No especificado,Dulces,1200,https://www.recetas-puertorico.com/base/stock/Recipe/dulce-de-ajonjoli-con-miel/dulce-de-ajonjoli-con-miel_web.jpg
Dulce Nutella 15 gr,8,Nutella,15 gr,Dulces,2800,https://lacteoslosdiamantes.com/wp-content/uploads/2022/11/NUTELLA-15G.jpg
Pirulitos 9 gr,9,Colombina,9 gr,Dulces,800,https://colombinacontentmanager-prd.s3.us-east-1.amazonaws.com/Dulces/7702011021090_A1N1_es.jpg
Pin pop gigante lengua azul 480g (24 unidades),8,Pin Pop,480g (24 unidades),Dulces,900,https://www.confipuma.com/app_data_archivos/confipuma.soomi.co/productos/producto_7100f7f49b41a415cc5cb46c645cf69dfba378de1727185018.png
Pin pop gigante surtido 480g (24 unidades),1,Pin Pop,480g (24 unidades),Dulces,900,https://www.confipuma.com/app_data_archivos/confipuma.soomi.co/productos/producto_f04bb9cda220eb2bdda2cdcad7d9cffb420902a21727185209.png
Bom boom bum Barra masticable mora azul 10 gr,7,Colombina,10 gr,Dulces,1200,https://dulceriawindy.com/wp-content/uploads/2023/11/IMG_6503.jpeg
Bom boom bum Barra masticable sandía 10 gr,3,Colombina,10 gr,Dulces,1200,https://dicoha.com.co/wp-content/uploads/2023/08/300Wx300H_7702011150325_A1N1_es_s0.jpg
"Bianchis caramelo, chocolate 4.6 gr",9,Bianchis,4.6 gr,Dulces,600,https://www.confipuma.com/app_data_archivos/confipuma.soomi.co/productos/producto_fd92f0ad6c0acac728baf02f657847fd03ea67b91596572590.jpg
Caramelos Italo pequeños No especificado,1,Italo,No especificado,Dulces,800,https://supertiendascomunal.com/2679-thickbox_default/caramelo-surtido-frutas-italo-185-g.jpg
Colombina splot acid 13.5g,5,Colombina,13.5g,Dulces,1400,https://dulceria.co/wp-content/uploads/2019/10/8-8.jpg
Confiteca súper hiper ácido mango biche 2g,7,Confiteca,2g,Dulces,500,https://distribuidorabaviera.com/wp-content/uploads/2021/09/acido.png
Barrillette gamers 20g,5,Colombina,20g,Dulces,2200,https://mercaldas.vtexassets.com/arquivos/ids/1344050/BARRILETE-gamers-x240-g_133808.jpg
Frunas limón 11g,1,Frunas,11g,Dulces,1200,https://mecato.shop/cdn/shop/products/frunas-2_800x.jpg
Frunas manzana verde 11g,5,Frunas,11g,Dulces,1200,https://mecato.shop/cdn/shop/products/frunas-2_800x.jpg
Frunas spaciales max 5g,6,Frunas,5g,Dulces,800,https://mecato.shop/cdn/shop/products/frunas-2_800x.jpg
Frunas naranja 11g,2,Frunas,11g,Dulces,1200,https://mecato.shop/cdn/shop/products/frunas-2_800x.jpg
Frunas frutas 11g,7,Frunas,11g,Dulces,1200,https://mecato.shop/cdn/shop/products/frunas-2_800x.jpg
Frutas fresa 11g,4,Frunas,11g,Dulces,1200,https://mecato.shop/cdn/shop/products/frunas-2_800x.jpg
Quipitos pops 8g,6,Quipitos,8g,Dulces,1000,"https://m.media-amazon.com/images/I/41UQC5yCnaL._AC_UF894,1000_QL80_.jpg"
Dulce de panela No especificado,1,Sin Marca,No especificado,Dulces,1500,https://radionacional-v3.s3.amazonaws.com/s3fs-public/styles/portadas_relaciona_4_3/public/node/audio/field_image/discomerla-imag-recetario-blog-9.jpg
Dulces en barra de panela No especificado,3,Sin Marca,No especificado,Dulces,2000,https://laopinion.com/wp-content/uploads/sites/3/2020/03/piloncillo-panela-canva.jpg
TIC TAC naranja 16 gr,9,TIC TAC,16 gr,Mentas,3200,https://exitocol.vtexassets.com/arquivos/ids/27170751/Tic-Tac-Naranja-767409_a.jpg
TIC TAC frutos 16 gr,8,TIC TAC,16 gr,Mentas,3200,https://despensamarket.cl/Content/products/2277/d/3f/d3f98a63658b47b49c9a5227f66ea598_600.jpg
Chao mentas 14 gr,7,Chao,14 gr,Mentas,1800,https://www.confipuma.com/app_data_archivos/confipuma.soomi.co/productos/producto_d78118b7ed01529a33fb6282f3347e88a590c7031596809598.jpg
Chao mora azul 3.8 gr,3,Chao,3.8 gr,Mentas,800,https://assets.tuzonamarket.co/images/producto/ier70YEpLw.jpg
Chao sandía 20.4g (12 unidades),9,Chao,20.4g (12 unidades),Mentas,4800,https://multidulces.com.co/wp-content/uploads/2023/10/CHAO-SANDIA-X100-3.8G-C1.png
Chao hierbabuena 20.4g (12 unidades),3,Chao,20.4g (12 unidades),Mentas,4800,https://laprincipaldelicores.com/cdn/shop/files/dulceschaoyerbabuena.png
Chao cereza 20.4g (12 unidades),10,Chao,20.4g (12 unidades),Mentas,4800,https://images.rappi.com/products/111638644857_wiepwpjppouf_454845575377_jrqykcfkytmg_17815_1.jpeg
"El rey SazonaREY sal con perejil, Cebolla, cúrcuma y especias 13g",6,El Rey,13g,Condimentos,2200,https://exitocol.vteximg.com.br/arquivos/ids/26662041/Sazonarey-Zipper-X200-Grs-767265_a.jpg
Clavo de olor Condimentos el japonés 4g,1,El Japonés,4g,Condimentos,1800,https://www.onesupermarket.es/cdn/shop/products/clavo-olor-gusong-onesupermarket.jpg
Clavo puro EL REY 9g,8,El Rey,9g,Condimentos,2800,https://coopasan.com.co/rails/active_storage/representations/proxy/eyJfcmFpbHMiOnsiZGF0YSI6MTUyNzc4OSwicHVyIjoiYmxvYl9pZCJ9fQ==--78c1a00923b777e0c53b8b7bab70af257edb421b/eyJfcmFpbHMiOnsiZGF0YSI6eyJmb3JtYXQiOiJwbmciLCJyZXNpemVfdG9fZml0IjpbODAwLDgwMF19LCJwdXIiOiJ2YXJpYXRpb24ifX0=--cef66509c9cdc75663c0eefd9421db1d2ea4fead/ME01249.png
Don Magolo Canela C 4g,9,Don Magolo,4g,Condimentos,1600,https://i.imgur.com/lgNkzBr.png
Canela en polvo 30g,10,El Rey,30g,Condimentos,3500,https://olimpica.vtexassets.com/arquivos/ids/605722/7702175158823.jpg
Canela en astilla EL REY 11g,9,El Rey,11g,Condimentos,2400,https://jumbocolombiaio.vtexassets.com/arquivos/ids/192147/7702175111170-20-281-29.jpg
Refisal Sal alta pureza 130g,3,Refisal,130g,Condimentos,1800,https://exitocol.vtexassets.com/arquivos/ids/26662153/Salero-130-gr-948753_a.jpg
Bary café tostado y molido 50g,2,Bary,50g,Cafe,4200,https://bary.s3.amazonaws.com/media/20240610184537/CB50.png
Levapam polvo para hornear 20g,2,Levapam,20g,Reposteria,2200,https://productos.levapan.com/wp-content/uploads/2024/06/FRENTE-POLVO-PARA-HORNEAR-LEVAPAN-20g.png
Levapam escencia sabor artificial a vainilla blanca 60ml,2,Levapam,60ml,Reposteria,3800,https://productos.levapan.com/wp-content/uploads/2024/06/FRENTE-77071385.png
Bicarbonato San romo 500g,10,San Romo,500g,Reposteria,3200,https://comfandivirtual.com.co/8842-large_default/bicarbonato-de-sodio-500gr.jpg
Maggi caldo de costilla 11g,7,Maggi,11g,Caldos,1800,https://megatiendas.vtexassets.com/arquivos/ids/170092/7702024705550.jpg
"Ricostilla, Caldo con costilla 9g",4,Ricostilla,9g,Caldos,1600,https://mercayahorra.com/wp-content/uploads/2020/07/Ricostilla-Desmenuzado.jpg
Maggi caldo de gallina 9g,4,Maggi,9g,Caldos,1600,https://www.nestle.com.co/sites/g/files/pydnoa531/files/brands/culinarios/publishingimages/maggi_caldodegallina/maggi-caldo-gallina-square-thumbnail.jpg
Maggi salsa Queso 12g,4,Maggi,12g,Salsas,2200,https://elsupertendero.co/wp-content/uploads/2020/04/001597.jpg
Completísimo caldo de gallina 9g,9,Completísimo,9g,Caldos,1600,https://vaquitaexpress.com.co/media/catalog/product/cache/e89ece728e3939ca368b457071d3c0be/7/7/7702354953782.jpg
Doña gallina 11g,8,Doña Gallina,11g,Caldos,1800,https://jumbocolombiafood.vteximg.com.br/arquivos/ids/155848/7702354002923-1.jpg
Ricostilla 11g,9,Ricostilla,11g,Caldos,1800,https://ecommerce.surtifamiliar.com/backend/admin/backend/web/archivosDelCliente/items/images/Bases-Sopas-Cremas-y-Caldos-Caldos-CALDO-RICOSTILLA-x8und-444420201112112802.jpg
Frutiño lulo 10g,7,Frutiño,10g,Bebida en polvo,1200,https://megatiendas.vtexassets.com/arquivos/ids/168973/7702354955922.jpg
Frutiño piña 10g,8,Frutiño,10g,Bebida en polvo,1200,https://vaquitaexpress.com.co/media/catalog/product/cache/e89ece728e3939ca368b457071d3c0be/7/7/7702354955939.jpg
Frutiño maracumango 10g,10,Frutiño,10g,Bebida en polvo,1200,https://megatiendas.vtexassets.com/arquivos/ids/175545/7702354958404.jpg
Frutiño maracupiña 10g,10,Frutiño,10g,Bebida en polvo,1200,https://eurosuper.vtexassets.com/arquivos/ids/169821/7702354950897.jpg
Frutiño tamarindo 10g,10,Frutiño,10g,Bebida en polvo,1200,https://images.rappi.com/products/1729651686621_1729651685037_1729651685082.jpeg
Frutiño guanabana 10g,8,Frutiño,10g,Bebida en polvo,1200,https://mistiendas.com.co/15339-large_default/fresco-frutino-guanabana-x4lt-x66gr.jpg
Frutiño mora dulce 10g,1,Frutiño,10g,Bebida en polvo,1200,https://eurosuper.vtexassets.com/arquivos/ids/184137/7702354955892.jpg
Frutiño durazno 10g,4,Frutiño,10g,Bebida en polvo,1200,https://supermercadolaestacion.com/55060-thickbox_default/refresco-boka-sobre-x-2-litros-durazno.jpg
Frutiño salpicón 10g,3,Frutiño,10g,Bebida en polvo,1200,https://static.merqueo.com/images/products/large/a073476e-40c9-4be3-8724-56cf27c27321.jpg
Frutiño maracuyá 10g,2,Frutiño,10g,Bebida en polvo,1200,https://ecommerce.surtifamiliar.com/backend/admin/backend/web/archivosDelCliente/items/images/Bebidas-y-Te-en-Polvo-Refrescos-en-Polvo-REFREFRUTINO-x2lt-MARACUYA-488820201112112803.jpg
Frutiño limonada 10g,4,Frutiño,10g,Bebida en polvo,1200,https://jumbocolombiaio.vtexassets.com/arquivos/ids/673375/7702354032340-1.jpg
Frutiño mezclas de Colombia 10g,1,Frutiño,10g,Bebida en polvo,1200,https://mercosto.com/52168-thickbox_default/fresco-frutino-mezcla-de-colombia-2lt.jpg
Frutiño mango 10g,8,Frutiño,10g,Bebida en polvo,1200,https://static.merqueo.com/images/products/large/7e0055e4-8ef3-42ca-aafa-3f5c3982d23c.png
Colombina waffer bridge 30g,5,Colombina,30g,Galletas,2400,https://colombinacontentmanager-prd.s3.us-east-1.amazonaws.com/Galletas/7702011044921_A1N1_es.jpg
Comapan chocolita 68g,6,Comapan,68g,Galletas,3800,https://eurosuper.vtexassets.com/arquivos/ids/161261/7702432076006.jpg
Galletas Italo guanabana 30 gr,8,Italo,30 gr,Galletas,2200,https://tiendaitalo.com/wp-content/uploads/962-Wafer-paquet-Guanabana-117-grs.png
Galletas Italo coco 30 gr,4,Italo,30 gr,Galletas,2200,https://exitocol.vtexassets.com/arquivos/ids/26645775/WAFER-PAQUETACO-117-COCO-ITALO-117-gr-530470_a.jpg
Galletas Italo vainilla 30 gr,3,Italo,30 gr,Galletas,2200,https://colsubsidio.vteximg.com.br/arquivos/ids/183508-1200-1200/7702117009336.jpg
Galletas Italo limón 30 gr,9,Italo,30 gr,Galletas,2200,https://s3.pagegear.co/409/productos/15230_800x800.jpg
Galletas Italo mora 30 gr,2,Italo,30 gr,Galletas,2200,https://mercaldas.vtexassets.com/arquivos/ids/1313100/Galletas-wafer-ITALO-mora-x117-g_77971.jpg
Del cerro galleta danesa 48g,5,Del Cerro,48g,Galletas,3200,https://megatiendas.vtexassets.com/arquivos/ids/174900/7709821870023.jpg
Del cerro galleta café premium cafetas 48g,9,Del Cerro,48g,Galletas,3200,https://prodcdnmobisoft.oxxodomicilios.com/01HTG9J71RCP2G87AX20D6K3CH.jpg
Zucaritas 25 gr,3,Kellogg's,25 gr,Cereales,2800,https://www.corbeta.com.co/media/catalog/product/cache/1/small_image/220x/9df78eab33525d08d6e5fb8d27136e95/z/u/zucaritas_paqueticos.jpg
Coco confitado Productos el Japonés 22g,4,El Japonés,22g,Frutos secos,2800,https://juangranel.com/wp-content/uploads/2022/10/IMG_5095-scaled.jpg
San romo Uvas pasas 40g,1,San Romo,40g,Frutos secos,3500,https://megatiendas.vtexassets.com/arquivos/ids/164129/LB0031098.jpg
Almendras Italo 27 gr,8,Italo,27 gr,Frutos secos,4200,https://mercavil.com/41386-thickbox_default/almendra-francesa-italo-grageadas-con-azucar-x-27-gr.jpg
Aromáticas Samoa 18g,1,Samoa,18g,Tes y aromaticas,2200,https://mercoapp.com/wp-content/uploads/2024/08/aromatica-samoa-toronjil-20-bolsas-1.jpg
Aromática tradicional colombiana Jaibel 15g,8,Jaibel,15g,Tes y aromaticas,1800,https://congrupo.com.co/wp-content/uploads/2022/06/12589.jpg
Hindú Té negro premium Café y chocolate 32g,6,Hindú,32g,Tes y aromaticas,3800,https://www.instanteempresas.shop/backend/admin/backend/web/archivosDelCliente/items/images/20240222115302-HINDU-EDICIONES-ESPECIALES-Te-Negro-Premium-Cafe-y-Chocolate-x20-1103202402221153022694.png
Jaibel Té verde flor de Jamaica 30g,4,Jaibel,30g,Tes y aromaticas,3200,https://vaquitaexpress.com.co/media/catalog/product/cache/e89ece728e3939ca368b457071d3c0be/7/7/7702807483132_32.jpg
Hindú Té original 19.2g,2,Hindú,19.2g,Tes y aromaticas,2400,https://locatelcolombia.vtexassets.com/arquivos/ids/240276/7702746010253_1_TE-HINDU-ORIGINAL-X-25SOBRES.jpg
Hindú aromáticas manzanilla 18g,2,Hindú,18g,Tes y aromaticas,2200,https://megatiendas.vtexassets.com/arquivos/ids/161818/7702746036017.jpg
Hindú aromáticas apio 18g,10,Hindú,18g,Tes y aromaticas,2200,https://vaquitaexpress.com.co/media/catalog/product/cache/e89ece728e3939ca368b457071d3c0be/7/7/7702746030237_33.jpg
Hindú aromáticas toronjil 18g,8,Hindú,18g,Tes y aromaticas,2200,https://www.todoaseo.com/wp-content/uploads/2017/01/AROMATICAS-TORONJIL.jpg
Hindú aromáticas cidron 18g,7,Hindú,18g,Tes y aromaticas,2200,https://www.todoaseo.com/wp-content/uploads/2017/01/AROMATICAS-CIDRON.jpg
Hindú aromáticas anis 18g,1,Hindú,18g,Tes y aromaticas,2200,https://www.todoaseo.com/wp-content/uploads/2017/01/AROMATICAS-ANIS.jpg
Aguardiente nectar E.L.C 250ml,8,E.L.C,250ml,Bebidas Alcoholicas,8500,https://puntacamaron.com.co/169/aguardiente-nectar.jpg
Aguardiente nectar E.L.C club sin azúcar 250ml,1,E.L.C,250ml,Bebidas Alcoholicas,8500,https://megatiendas.vtexassets.com/arquivos/ids/169829/7702404005034.png
Aguardiente nectar E.L.C Azul sin azúcar 250ml,1,E.L.C,250ml,Bebidas Alcoholicas,8500,https://piragua.com.co/wp-content/uploads/2019/11/aguardiente-nectar-azul-sin-azucar-375-piragua.jpg
Brownie mama-ia arequipe 70g,10,Mama-ia,70g,Reposteria,4800,https://exitocol.vtexassets.com/arquivos/ids/28557879/Brownie-Choc-Relleno-Arequipe-1243227_b.jpg
Huevos No especificado,7,Sin Marca,No especificado,Alimentos basicos,8000,https://www.infobae.com/new-resizer/5lqC6duW8bUvc_NX6zU9-iemxXs=/arc-anglerfish-arc2-prod-infobae/public/27HIZC22HVGVTIFRDKAKWIE7IY.jpg
Insta crema Crema no lacte original 4g,9,Insta Crema,4g,Lacteos,800,https://media.surtiplaza.co/dimen/7702354131005.png
Comestibles la buena No especificado,2,La Buena,No especificado,No especificado,2500,https://www.labuena.com.co/wp-content/uploads/2022/11/nuevo-logo-la-buena.png
Chicharrones chicarons 45 gr,5,Chicarons,45 gr,Snacks salados,3200,https://mercaldas.vtexassets.com/arquivos/ids/1331066/Chicharron-FRITO-LAY-natural-x100-g_36400.jpg
Chetos horneados picantes 34 gr,10,Frito Lay,34 gr,Snacks salados,2800,https://www.droguerialaeconomia.com/economia/site/img/1x/823855.jpg
Chetos normales 34 gr,8,Frito Lay,34 gr,Snacks salados,2800,https://colsubsidio.vteximg.com.br/arquivos/ids/189956/7702189057877.jpg
Krumer chips kubitos pollo 32g,3,Krumer,32g,Snacks salados,2400,https://krumerchips.com/wp-content/uploads/2023/09/kubitospollo.png
Las caseritas rosquitas 16g,7,Las Caseritas,16g,Snacks salados,1800,https://d31f1ehqijlcua.cloudfront.net/n/d/0/7/b/d07bdf3c699e82eaf730c20edf0b5f1a49b6d785_Snacks_461457_04.jpg
Tostcos picantes 38 gr,5,Super Ricas,38 gr,Snacks salados,2200,https://mecato.shop/cdn/shop/products/Tostaco_720x.jpg
Maizitos uy 40 gr / 36 gr,6,Super Ricas,40 gr / 36 gr,Snacks salados,2400,https://images.rappi.com/products/2c6851ec-f8bf-43b7-af0b-3ff1f062d83b.png
Maizitos natural 45 gr,9,Super Ricas,45 gr,Snacks salados,2600,https://unidrogas.vtexassets.com/arquivos/ids/378979/7702914599436.jpg
Maizitos limón 45 gramos,7,Super Ricas,45 gramos,Snacks salados,2600,https://pasteurio.vtexassets.com/arquivos/ids/173008/Hogar-Snacks_Ramo_Pasteur_1094041_bolsa_01.jpg
Margarita limón 36g,5,Margarita,36g,Snacks salados,2200,https://licoresmedellin.com/cdn/shop/files/PAPAS_MARGARITA_LIMON_PEQUENA_36GR.jpg
Margarita BBQ 36g,8,Margarita,36g,Snacks salados,2200,https://images.rappi.com/products/1713574998103_1713574990205_1713574987154.png
Margarita onduladas flamin hot 35g,5,Margarita,35g,Snacks salados,2200,https://jumbocolombiaio.vtexassets.com/arquivos/ids/772474/7702189058621-1.jpg.jpg
Super ricas limón 30g,8,Super Ricas,30g,Snacks salados,1800,https://distribuidoranikoll.com/wp-content/uploads/2023/04/IMG_20230425_133528_956.jpg
Super ricas original 30g,1,Super Ricas,30g,Snacks salados,1800,https://distribuidoranikoll.com/wp-content/uploads/2023/04/IMG_20230425_132119_895.jpg
Super ricas picante 30g,9,Super Ricas,30g,Snacks salados,1800,https://distribuidoranikoll.com/wp-content/uploads/2023/04/Snack-y-Dulces-Distribuidora-Nikoll-46.jpg
De todito BBQ 50g,9,Frito Lay,50g,Snacks salados,3200,https://mistiendas.com.co/25307-large_default/detodito-bbq-50-gr.jpg
De todito mix 50g,9,Frito Lay,50g,Snacks salados,3200,https://images.rappi.com/products/81346034-66ca-40cf-99aa-e38ba0b2e3dc.png
De todito natural 50g,3,Frito Lay,50g,Snacks salados,3200,https://licoresmedellin.com/cdn/shop/files/DETODITO_NATURAL_PEQUENO_50GR.jpg
De todito limón más intenso 50g,1,Frito Lay,50g,Snacks salados,3200,https://mistiendas.com.co/25308-large_default/detodito-limon-58-gr.jpg
Cheetos boliqueso 34g,1,Frito Lay,34g,Snacks salados,2800,https://olimpica.vtexassets.com/arquivos/ids/1161218/7702189057860_1.jpg
Todo rico original 45g,10,Todo Rico,45g,Snacks salados,2800,https://exitocol.vtexassets.com/arquivos/ids/21788469/Todo-Rico-El-Original-Super-R-SUPER-RICAS-45-gr-246470_a.jpg
Todo rico criollo 45g,5,Todo Rico,45g,Snacks salados,2800,https://static.merqueo.com/images/products/large/ea217d9c-2b58-4543-ac45-b1f6703d0c2e.png
Todo rico picada 45g,3,Todo Rico,45g,Snacks salados,2800,https://olimpica.vtexassets.com/arquivos/ids/904592/7702152110462.jpg
Super ricas chidos chile dulce 38g,7,Super Ricas,38g,Snacks salados,2200,https://static.merqueo.com/images/products/large/a2dfb72f-da01-4b3c-818f-5740308e7a63.jpg
Super ricas chicharrón BBQ 10g,6,Super Ricas,10g,Snacks salados,1200,https://images.rappi.com/products/2092096734-1615947460527.png
Super ricas chicharrón natural 10g,2,Super Ricas,10g,Snacks salados,1200,https://en1ya.com/wp-content/uploads/2023/06/CHICHARRON-SUPER-RICAS-NATURAL-X50g.jpg
Yupi tosti empanadas carne 40g,9,Yupi,40g,Snacks salados,2400,https://static.merqueo.com/images/products/large/536c824a-2312-4b78-9ef2-d70fcc61c445.jpg
Yupi tosti arepa 40g,7,Yupi,40g,Snacks salados,2400,https://yupi.com.co/wp-content/uploads/2024/05/tosti-arepa.png
Yupi anillos de cebolla 21g,7,Yupi,21g,Snacks salados,1800,https://eurosuper.vtexassets.com/arquivos/ids/157233/7703133081795.jpg
Pidamos plátano verde limon mandarina 38 gr,7,Pidamos,38 gr,Snacks salados,2400,https://www.mercaboy.com/10381-large_default/platano-verde-pisaos-limon-mandarino-ramo-x135g.jpg
Krumer chips platanitos maduros 38g,7,Krumer,38g,Snacks salados,2400,https://krumerchips.com/wp-content/uploads/2023/09/platanitosduclesrender.png
Krumer chips platanitos verdes 38g,9,Krumer,38g,Snacks salados,2400,https://carulla.vtexassets.com/arquivos/ids/19882100/Platano-Verde-NATUCHIPS-38-gr-3022782_a.jpg
Krumer chips tocinetas 25g,10,Krumer,25g,Snacks salados,2000,https://krumerchips.com/wp-content/uploads/2024/04/tocinetas.png
Krumer chips deli todo BBQ 45g,8,Krumer,45g,Snacks salados,2800,https://krumerchips.com/wp-content/uploads/2024/02/deli-todo-bbq-opc-2.png
Krumer chips deli todo jalapeño 45g,3,Krumer,45g,Snacks salados,2800,https://krumerchips.com/wp-content/uploads/2024/02/deli-todo-jalapeno.png
Krumer chips chicharrón BBQ 30g,7,Krumer,30g,Snacks salados,2200,https://krumerchips.com/wp-content/uploads/2023/09/chicharronbbq.png
Krumer chips chicharrón natural 30g,5,Krumer,30g,Snacks salados,2200,https://krumerchips.com/wp-content/uploads/2023/09/chicharronnatural.png
Carne seca bacano 27 gr,4,Bacano,27 gr,Snacks salados,4500,https://images.rappi.com/products/538902367132_btjybjsxmopq_637523115293_gkkukipfceyw_15324_1.jpeg
Achira mishke 35 gr,10,Mishke,35 gr,Snacks salados,2800,https://megatiendas.vtexassets.com/arquivos/ids/172102/7709399344841.jpg
Tostacos de queso 38 gr,7,Super Ricas,38 gr,Snacks salados,2200,https://exitocol.vtexassets.com/arquivos/ids/27520755/Tostacos-Queso-697410_a.jpg
Colombina snow mint krash 30.6g,1,Colombina,30.6g,Dulces,2400,https://colombinacontentmanager-prd.s3.us-east-1.amazonaws.com/Dulces/7702011147387_A1N1_es.jpg
Colombina waffer bridge fresa 30g,6,Colombina,30g,Galletas,2400,https://colombinacontentmanager-prd.s3.us-east-1.amazonaws.com/Galletas/7702011044914_A1N1_es.jpg
Colombia waffles bridge chocolate 30g,5,Colombina,30g,Galletas,2400,https://colombinacontentmanager-prd.s3.us-east-1.amazonaws.com/Galletas/7702011076298_A1N1_es.jpg
Nucita waffer con avellana 21g,8,Nucita,21g,Galletas,2200,https://colombinacontentmanager-prd.s3.us-east-1.amazonaws.com/Galletas/7702011045096_A1N1_es.jpg
Misilac 42g,2,Misilac,42g,Dulces,3800,https://www.dispropancaribe.com/cdn/shop/products/113501.png
Karla bocadillo de guayaba 36 unidades 1800 g,6,Karla,36 unidades 1800 g,Dulces,2200,https://i.ytimg.com/vi/FzgUbxKwMxU/maxresdefault.jpg
Galletin las américas bocadillo 39g,8,Las Américas,39g,Galletas,1500,https://dulcerianathaly.com/img_products/R0v2058Herpo%20america.jpg
Misilac galletas dulce de leche 39g,3,Misilac,39g,Galletas,3200,https://www.nisilac.com/wp-content/uploads/2019/07/vaso-galleta-relleno-con-dulce-de-leche.jpg
Productos guayatá bocadillo de guayaba 200g,7,Guayatá,200g,Dulces,4500,https://freskofood57.com/wp-content/uploads/2024/01/Producto-guavata-bocadillo-de-guayaba-400g.jpeg
Marqueta dulce de bocadillo 2g,5,Marqueta,2g,Dulces,1200,https://multidulces.com.co/wp-content/uploads/2024/01/PhotoRoom-20240119_093817.png
Galletas oreo 108 gr / 54 gr / 36 gr,9,Oreo,108 gr / 54 gr / 36 gr,Galletas,4800,https://static.merqueo.com/images/products/large/35ab2252-36a3-4a7e-b1fe-0492e963d736.png
Galletas Ritz 108 gr,10,Ritz,108 gr,Galletas,4200,https://walmartni.vtexassets.com/arquivos/ids/617978/28203_01.jpg
Galletas Ritz queso 30 gr,4,Ritz,30 gr,Galletas,2800,https://colsubsidio.vteximg.com.br/arquivos/ids/198377-1200-1200/7622201389895.jpg
Galletas Ritz normales 30 gr,1,Ritz,30 gr,Galletas,2800,https://ecommerce.surtifamiliar.com/backend/admin/backend/web/archivosDelCliente/items/images/20240717151827-Galleteria-Galletas-Saborizadas-Galleta-Ritz-x525g-Slug-Mantequilla-38025202407171518277084.jpg
Oreo Coca-Cola 54 gr,9,Oreo,54 gr,Galletas,4500,https://images.rappi.com/products/1731614607752_1731614605165_1731614605100.jpg
Galletas club social 24 gr,1,Club Social,24 gr,Galletas,2400,https://vaquitaexpress.com.co/media/catalog/product/cache/e89ece728e3939ca368b457071d3c0be/7/6/7622201717568.jpg
Club social integral 24 gr,6,Club Social,24 gr,Galletas,2600,https://vaquitaexpress.com.co/media/catalog/product/cache/e89ece728e3939ca368b457071d3c0be/7/6/7622201720056.jpg
Alfajor chocolate blanco 40 gr,5,Alfajor,40 gr,Dulces,3200,https://acdn-us.mitiendanube.com/stores/798/865/products/30280726-cf7f52c692dfef1f7416849989445389-1024-1024.jpg
Alfajor chocolate 85 gr,4,Alfajor,85 gr,Dulces,4800,https://www.gourmet.cl/wp-content/uploads/2016/09/Alfajores-Ajustada-Web-570x458.jpg
Chocoramo chocolate 60 gr,7,Chocoramo,60 gr,Dulces,2800,https://comercialpapelera.com.co/tienda/15805-medium_default/ramo-chocoramo-65-gr.jpg
Gala natural 60 gr,6,Gala,60 gr,Dulces,2400,https://copservir.vtexassets.com/arquivos/ids/1564544/PONQUE-GALA-NATURAL_F.png
Gala vainilla 60 gr,6,Gala,60 gr,Dulces,2400,https://olimpica.vtexassets.com/arquivos/ids/948359/7702914597982.jpg
Gansito 37 gr,8,Bimbo,37 gr,Dulces,2200,https://en1ya.com/wp-content/uploads/2022/01/GANSITO-RAMO-37g-X1-UNIDAD.png
Chocorqmo brownie 65 gr,8,Chocoramo,65 gr,Dulces,3200,https://olimpica.vtexassets.com/arquivos/ids/946530/7702914160308.jpg
Chocorqmo barra frutos rojos 40 gr,1,Chocoramo,40 gr,Dulces,2800,https://vaquitaexpress.com.co/media/catalog/product/cache/e89ece728e3939ca368b457071d3c0be/7/7/7702914114400.jpg
Ponque ramo 280 gr,8,Ramo,280 gr,Dulces,8500,https://olimpica.vtexassets.com/arquivos/ids/864330/7702914594462.jpg
"Piaza Chocolate 11,7 gr",9,Piaza,"11,7 gr",Dulces,800,https://colombinacontentmanager-prd.s3.us-east-1.amazonaws.com/Galletas/7702011272812_A1R1_es.jpg
Mini Browne 20 gr,2,Bimbo,20 gr,Dulces,1800,https://exitocol.vteximg.com.br/arquivos/ids/9154358/Minix-Mini-Brownies-Bolsa-X-15-Und-493974_a.jpg
Mini gansito 20 gr,9,Bimbo,20 gr,Dulces,1800,https://mercosto.com/52966-large_default/gansito-mini-12und-20g.jpg
Misilac Pamelitas de leche 600g,4,Misilac,600g,Dulces,500,https://www.nisilac.com/wp-content/uploads/2019/07/panelita-con-leche-bolsa40.jpg
Galletas festival chocolate 50 gr,10,Festival,50 gr,Galletas,3200,https://festival.com.co/wp-content/uploads/2020/11/08-03-Productos-x4-x6-675x213-Festival-v1-Chocolate.png
Galletas festival fresa 50 gr,2,Festival,50 gr,Galletas,3200,https://festival.com.co/wp-content/uploads/2020/11/08-03-Productos-x4-x6-675x213-Festival-v1-Fresa.png
Galletas festival vainilla 50 gr,1,Festival,50 gr,Galletas,3200,https://festival.com.co/wp-content/uploads/2020/11/08-03-Productos-x4-x6-675x213-Festival-v1-Vainilla.png
Galletas festival limon 50 gr,4,Festival,50 gr,Galletas,3200,https://festival.com.co/wp-content/uploads/2020/11/08-03-Productos-x4-x6-675x213-Festival-v1-Limo%CC%81n-1.png
Colombina muuu leche 12g,6,Colombina,12g,Dulces,1200,https://farmawebonline.com/wp-content/uploads/2024/01/D_849131-MCO43139606489_082020-F-1-1200x675.jpg
Nestle cocosette 46g,6,Nestlé,46g,Dulces,3800,https://vaquitaexpress.com.co/media/catalog/product/cache/e89ece728e3939ca368b457071d3c0be/7/7/7702024283973_1.jpg
Trululu mutantes Splash 100 gr,6,Trululu,100 gr,Gomitas,5200,https://vaquitaexpress.com.co/media/catalog/product/cache/e89ece728e3939ca368b457071d3c0be/7/7/7702993054123.jpg
Trululu feroz Mini 70 gr,4,Trululu,70 gr,Gomitas,4800,https://static.merqueo.com/images/products/large/e4bb0246-810a-42b8-b487-04ef5a2c5067.png
Trululu aros mini 12 gr,5,Trululu,12 gr,Gomitas,1500,https://images.rappi.com/products/1696107173565_1696107170830_1696107395653.jpg
Trululu mix ácidas 100 gr,7,Trululu,100 gr,Gomitas,5200,https://mercaldas.vtexassets.com/arquivos/ids/1324908/Gomas-TRULULU-mix-acida-x100-g_130012.jpg
Gomitas gryzzly 4.5 gr,9,Gryzzly,4.5 gr,Gomitas,1200,https://exitocol.vteximg.com.br/arquivos/ids/26675339/Gomas-Clasica-GRISSLY-400-gr-3125814_a.jpg
Gomitas bon bom bum 45 gr,6,Colombina,45 gr,Gomitas,3800,https://carulla.vtexassets.com/arquivos/ids/20547452/GOMITAS-BBB-24BS145g-BON-BON-BUM-45-gr-3506931_a.jpg
Trolli oink Splash 40 gr,6,Trolli,40 gr,Gomitas,3200,https://en1ya.com/wp-content/uploads/2023/06/GOMITAS-TROLLI-OINK-X40g.jpg
Trolli Rin Rin pana sapo 65 gr,7,Trolli,65 gr,Gomitas,4200,https://olimpica.vtexassets.com/arquivos/ids/1587589/7702174085663_RinRinRanaSapo.jpg
Chocomelos fresa 32 gr,1,Colombina,32 gr,Dulces,2800,https://colombinacontentmanager-prd.s3.us-east-1.amazonaws.com/Chocolate/7702011163707_A1N1_es.jpg
Aguardiente nectar Colombiano 375ml,8,Néctar,375ml,Bebidas Alcoholicas,24000,https://d2j6dbq0eux0bg.cloudfront.net/images/79441280/3371937399.jpg
Copa Aguardiente nectar Colombiano 125ml,1,Néctar,125ml,Bebidas Alcoholicas,3000,https://d2j6dbq0eux0bg.cloudfront.net/images/79441280/3371937399.jpg
Aguardiente nectar Rojo 375ml,9,Néctar,375ml,Bebidas Alcoholicas,24000,https://carulla.vtexassets.com/arquivos/ids/19583872/AGUARDIENTE-ROJO-SAZUCA-330744_a.jpg
Copa Aguardiente nectar Rojo 125ml,3,Néctar,125ml,Bebidas Alcoholicas,3000,https://carulla.vtexassets.com/arquivos/ids/19583872/AGUARDIENTE-ROJO-SAZUCA-330744_a.jpg
Aguardiente nectar Verde club sin azúcar 375ml,3,Néctar,375ml,Bebidas Alcoholicas,26000,https://megatiendas.vtexassets.com/arquivos/ids/169829/7702404005034.png
Copa Aguardiente nectar Verde club sin azúcar 125ml,2,Néctar,125ml,Bebidas Alcoholicas,3000,https://megatiendas.vtexassets.com/arquivos/ids/169829/7702404005034.png
Aguardiente antioqueño Rojo 375ml,3,Antioqueño,375ml,Bebidas Alcoholicas,24000,https://exitocol.vteximg.com.br/arquivos/ids/27136278/Aguardiente-Antioqueno-X-375ml-32161_a.jpg
Copa Aguardiente antioqueño Rojo 125ml,10,Antioqueño,125ml,Bebidas Alcoholicas,3000,https://exitocol.vteximg.com.br/arquivos/ids/27136278/Aguardiente-Antioqueno-X-375ml-32161_a.jpg
Aguardiente antioqueño Verde 24° Sin azúcar 375ml,7,Antioqueño,375ml,Bebidas Alcoholicas,26000,https://mercaldas.vtexassets.com/arquivos/ids/1318148/Aguardiente-ANTIOQUENO-24-sin-azucar-x375-ml_129038.jpg
Copa Aguardiente antioqueño Verde 24° Sin azúcar 125ml,7,Antioqueño,125ml,Bebidas Alcoholicas,3000,https://mercaldas.vtexassets.com/arquivos/ids/1318148/Aguardiente-ANTIOQUENO-24-sin-azucar-x375-ml_129038.jpg
Chivas 12 Regal 700ml,4,Chivas,700ml,Bebidas Alcoholicas,180000,https://exitocol.vtexassets.com/arquivos/ids/26655852/Whisky-12-Anos-1336418_a.jpg
Copa Chivas 12 Regal 125ml,5,Chivas,125ml,Bebidas Alcoholicas,15000,https://exitocol.vtexassets.com/arquivos/ids/26655852/Whisky-12-Anos-1336418_a.jpg
Ron viejo de caldas tradicional 375ml / 750ml,5,Viejo de Caldas,375ml / 750ml,Bebidas Alcoholicas,45000,https://exitocol.vtexassets.com/arquivos/ids/26655701/Ron-Viejo-De-Caldas-Botella-X-750ml-721457_a.jpg
Ron viejo de caldas añejo 375ml,6,Viejo de Caldas,375ml,Bebidas Alcoholicas,28000,https://licoresinmemorial.com/wp-content/uploads/2023/04/ron-viejo-de-caldas-tradicional-1.png
Passport selection spirit drink 200ml,10,Passport,200ml,Bebidas Alcoholicas,18000,https://www.passportspirits.com/wp-content/uploads/2020/10/Passport-Selection-_Group.png
Leyenda chile Carmenère 187.5ml,7,Leyenda,187.5ml,Bebidas Alcoholicas,8500,https://licorescasamoreno.com/wp-content/uploads/2023/07/Vino_Leyenda_Cabernet_187ml-1.png
Baileys the original Trish cream 375ml,8,Baileys,375ml,Licor cremoso,85000,https://exitocol.vtexassets.com/arquivos/ids/28218395/Baileys-Original-X-700-ml-1251232_a.jpg
Ron medellín añejo 3 años 750ml,7,Ron Medellín,750ml,Bebidas Alcoholicas,65000,https://exitocol.vtexassets.com/arquivos/ids/26655509/Ron-Medellin-Anejo-X750ml-32201_a.jpg
Calm MacGregor blended Scotch Whisky 35cl,10,MacGregor,35cl,Bebidas Alcoholicas,42000,https://www.winedeals.com/media/catalog/product/cache/f8d2cb12a17084a7445beefcce31e97a/c/l/clan_macgregor_nv_175.jpg
Ballantine's finest blended Scotch Whisky 200ml,3,Ballantine's,200ml,Bebidas Alcoholicas,28000,https://drinkcentral.co/wp-content/uploads/2023/02/WH037-Hhisky-Ballantines-200ml.png
Something special blended Scotch Whisky 20cl,8,Something Special,20cl,Bebidas Alcoholicas,35000,https://exitocol.vtexassets.com/arquivos/ids/26655655/Whisky-Something-Special-X-750-ml-492085_a.jpg
Moscato passito vino bodega añeja 1500ml,5,Bodega Añeja,1500ml,Bebidas Alcoholicas,38000,https://vinosbodegasanejas.com/wp-content/uploads/2020/11/vino-moscato-passito-garrafa-1500.png
Smirnoff de lulo 375ml,10,Smirnoff,375ml,Bebidas Alcoholicas,32000,https://licoresmedellin.com/cdn/shop/files/VODKA_SMIRNOFF_X1_LULO_MEDIA_375ML.jpg
Leyenda chile Sauvignon blac 187.5ml,3,Leyenda,187.5ml,Bebidas Alcoholicas,8500,https://jumbocolombiaio.vtexassets.com/arquivos/ids/218976/7804449008695.jpg
Leyenda chile Merlot 187.5ml,3,Leyenda,187.5ml,Bebidas Alcoholicas,8500,https://lalico.com.co/cdn/shop/files/IMAGENES_NUEVAS_-_2024-07-20T114222.931.png
Copa something special No especificado,4,Something Special,No especificado,Accesorios,15000,"https://static.wixstatic.com/media/d5f7c0_17b9030e3edf493ab2c7ab0822a3caca~mv2.jpg/v1/fit/w_500,h_500,q_90/file.jpg"
Licor de ron viejo de caldas 750ml,4,Viejo de Caldas,750ml,Bebidas Alcoholicas,65000,https://exitocol.vtexassets.com/arquivos/ids/26655701/Ron-Viejo-De-Caldas-Botella-X-750ml-721457_a.jpg
Copa Licor de ron viejo de caldas 125ml,5,Viejo de Caldas,125ml,Bebidas Alcoholicas,8000,https://exitocol.vtexassets.com/arquivos/ids/26655701/Ron-Viejo-De-Caldas-Botella-X-750ml-721457_a.jpg
Cheers Crema de ron viejo de caldas 700ml,7,Cheers,700ml,Licor cremoso,58000,https://carulla.vtexassets.com/arquivos/ids/17477382/Crema-de-Ron-Viejo-de-Caldas-CHEERS-700-ml-3035450_a.jpg
Copa Cheers Crema de ron viejo de caldas 125ml,1,Cheers,125ml,Licor cremoso,8000,https://carulla.vtexassets.com/arquivos/ids/17477382/Crema-de-Ron-Viejo-de-Caldas-CHEERS-700-ml-3035450_a.jpg
Euro pen money tester No especificado,7,Euro pen,No especificado,Accesorios,25000,https://moblihouse.com/wp-content/uploads/2024/09/esfero-euro-pen-probador-de-billetes-falsos-3-09f7e24e-98ea-4d50-b13f-47f8b05eb221.jpg
Galletas chokis chocolate clásica 37 gr,10,Chokis,37 gr,Galletas,2800,https://carulla.vtexassets.com/arquivos/ids/19565062/Galleta-Dulce-Clasica-CHOKIS-37-Gramo-3013742_a.jpg
Galletas glasitas fresa 32 gramos,10,Glasitas,32 gramos,Galletas,2600,https://en1ya.com/wp-content/uploads/2023/01/GALLETAS-GLACITAS-FRESA-X32g.jpg
Galletas glasitas limon 32 gr,9,Glasitas,32 gr,Galletas,2600,https://en1ya.com/wp-content/uploads/2023/03/GALLETAS-GLACITAS-LIMON-32g-PAQUETE-X6-UNIDADES.jpg
Galletas glasitas chocolate 33 gr,3,Glasitas,33 gr,Galletas,2600,https://en1ya.com/wp-content/uploads/2023/01/GALLETAS-GLACITAS-CHOCOLATE-X32g.jpg
Colombina wafer Capri 12g,1,Colombina,12g,Galletas,1200,https://colombinacontentmanager-prd.s3.us-east-1.amazonaws.com/Galletas/7702011200914_A1N1_es.jpg
Colombina crakeñas club 24g,3,Colombina,24g,Galletas,2200,https://colombinacontentmanager-prd.s3.us-east-1.amazonaws.com/Galletas/7702011205803_A1N1_es.jpg
Galletas brinky vainilla 50 gr,9,Brinnky,50 gr,Galletas,3200,https://mundodulces17.com/wp-content/uploads/2023/09/BRINKYVAINILLA10PAQUETES-1.jpg
Ducales Noel 27g,4,Noel,27g,Galletas,2400,https://licoresquindio.com/wp-content/uploads/2020/05/galleta-galleta-tradicional-27g-licores-Quindio.jpg
Galletas brinky limón 50 gr,9,Brinnky,50 gr,Galletas,3200,https://elarca.store/wp-content/uploads/GALELTAS-BRINKY-LIMON-X-10.png
Galletas brinky chocolate 50 gr,4,Brinnky,50 gr,Galletas,3200,https://mundodulces17.com/wp-content/uploads/2022/03/brinky-2.jpg
"Noel dux integral 27,8g",6,Noel,"27,8g",Galletas,2600,https://megatiendas.vtexassets.com/arquivos/ids/170673/7702025185368.jpg
Tosh miel 50 gr,4,Tosh,50 gr,Galletas,3500,https://locatelcolombia.vtexassets.com/arquivos/ids/334457/7702025148448_1_Galletas-Tosh-Miel-X-243g.jpg
Colombina crakeñas saltin 25g,6,Colombina,25g,Galletas,2200,https://www.tiendanaturalis.com/wp-content/uploads/2024/04/20230106114151-GALLETERIA-Y-CONFITERIA-GALLETAS-SALADAS-CRAKEnAS-SALTIN-INDIVIDUAL-6-6515202301061141512955.jpg
Festival minichips 35g,4,Festival,35g,Galletas,2800,https://prodcdnmobisoft.oxxodomicilios.com/01HDRZFDG97TW6RWZSGDS8WTJS.png
Milo galletas waffer 33 gr,8,Milo,33 gr,Galletas,2800,https://locatelcolombia.vtexassets.com/arquivos/ids/392510/7702024181729_1_Galleta%20Wafer%20Milo%20X%2033g.png
Wafer jet vainilla 22g,7,Jet,22g,Galletas,1800,https://megatiendas.vtexassets.com/arquivos/ids/174008/7702007224023.jpg
Wafer jet fresa 22g,6,Jet,22g,Galletas,1800,https://supermercadocomunal.com/verbenal/4102-large_default/galletas-wafer-jet-surtida.jpg
Wafer jet chocolate 22g,9,Jet,22g,Galletas,1800,https://supermercadocomunal.com/verbenal/4101-large_default/chocolatina-jet-wafer-chocolate-22-gr.jpg
Wafer jet limón 22g,7,Jet,22g,Galletas,1800,https://chocolatesjet.com/wp-content/uploads/2021/01/04-22-ImgWAFERLimon22gInternaDummiesNuevaLey-Jet.png
Milo anillos 32.5g / 48.7g,7,Milo,32.5g / 48.7g,Galletas,2800,https://images.rappi.com/products/1708539162459_1708539160975_1708539162034.png
Milo galletas 48 gr,2,Milo,48 gr,Galletas,3500,https://sumafrut.com.co/wp-content/uploads/2021/05/P1620225.jpg
Triunfo tesoro chocolate 50 unidades 100g,7,Triunfo,50 unidades 100g,Chocolate,8500,https://www.casaluker.com/wp-content/uploads/2024/04/MONEDAS-X-50.png
Colombina choco break 5g,2,Colombina,5g,Chocolate,800,https://dulceria.co/wp-content/uploads/2019/08/choco-break-frutal-1.jpg
Milo nuggets chocolate 20 gr,9,Milo,20 gr,Chocolate,1800,https://exitocol.vtexassets.com/arquivos/ids/28287736/Milo-Nuggets-1und-578801_e.jpg
Dulces festival colores 20 gr,2,Festival,20 gr,Dulces,1800,https://mundodulces17.com/wp-content/uploads/2019/10/D_NQ_NP_826809-MCO44908616801_022021-O.jpg
Oka Loka 20 gr,4,Oka Loka,20 gr,Dulces,1800,https://mercaldas.vtexassets.com/arquivos/ids/1327718/Caramelo-OKA-LOKA-nanos-azul-x40-g_129706.jpg
Pikis huevos no me olvides 60g,2,Pikis,60g,Dulces,4200,https://tiendaitalo.com/wp-content/uploads/1596-Huevos-no-me-olvides-x1.png
Chocolate gol 28 gr,6,Gol,28 gr,Chocolate,2200,https://olimpica.vtexassets.com/arquivos/ids/1785264/7702007080599.jpg
Ramo lecheritas 19g,10,Ramo,19g,Dulces,1500,https://multidulces.com.co/wp-content/uploads/2024/01/Lecheritas-Ramo-x-8-Unid.jpg
Italo huevo de chocolate No especificado,4,Italo,No especificado,Chocolate,3500,https://pbs.twimg.com/media/FSquAvJX0AEaCWR.jpg
Huevo kinder joy 20g,8,Kinder,20g,Chocolate,4800,https://www.kinder.com/co/sites/kinder_co/files/2021-10/chocolates-egg-kinder.png
Gol Melo 20 unidades 90g,5,Gol,20 unidades 90g,Dulces,6500,https://cnutresa.vtexassets.com/arquivos/ids/162317/Chocolatina-Gol-Melo.jpg
Mini jumbo 18 gr,4,Jumbo,18 gr,Chocolate,1800,https://mistiendas.com.co/25450-large_default/jumbo-mini-x-17-gr.jpg
Milkyway 82 gr,3,Mars,82 gr,Chocolate,5200,https://vixark.b-cdn.net/lp-i-i-g/mini-galletas-con-caramelo-recubiertas-con-chocolate-milky-way-81-5g.jpg
Jumbo 35 gr,3,Jumbo,35 gr,Chocolate,2800,https://exitocol.vtexassets.com/arquivos/ids/26649872/Glina-Chocolate-Mani-JUMBO-35-gr-3483434_a.jpg
Jet burbujas 12 unidades 168g,7,Jet,12 unidades 168g,Chocolate,8500,https://www.happyworld.com.co/wp-content/uploads/2022/11/burbujas-jet.jpg
Colombina mega ball 12 unidades 168g,5,Colombina,12 unidades 168g,Dulces,8500,https://supermercadocomunal.com/33597-large_default/choco-break-colombina-mega-ball12-uni.jpg
Chocolate jet blanco 24 gr,8,Jet,24 gr,Chocolate,2800,https://chocolatesjet.com/wp-content/uploads/2021/01/04-04-FotosProductosCCDummiesNuevaLey-Jet-v2.png
Choco stop arequipe 12 unidades 120g,5,Choco Stop,12 unidades 120g,Chocolate,9500,https://mundodulces17.com/wp-content/uploads/2025/02/ef9a6df7-599b-4960-ba5f-6b765c31a42a.jpg
Burbujet cookies AND crema 25 gr,5,Jet,25 gr,Chocolate,3200,https://locatelcolombia.vtexassets.com/arquivos/ids/367396/7702007061154_1_Chocolatina-Burbujet-Cookies-And-Cream-X-50g.jpg
Triunfo almendra francesa 50g,2,Triunfo,50g,Chocolate,4500,https://mundodulces17.com/wp-content/uploads/2024/10/almendra-francesa-x-50-g.jpg
Chocolatina jet 35g 35 gr,9,Jet,35 gr,Chocolate,3500,https://clouderp.abakoerp.com:9569/sitioimagenes/Articulos/2023072642147147.jpg
Chocolatina jet 45g 45 gr,10,Jet,45 gr,Chocolate,4200,https://exitocol.vtexassets.com/arquivos/ids/26649189/Chocolatina-Leche-JET-45-gr-3395948_b.jpg
Chocolatina fresa jet 22 gr,9,Jet,22 gr,Chocolate,3000,https://exitocol.vtexassets.com/arquivos/ids/26649273/Chocolatina-Fresas-Con-Crema-JET-29-gr-3409552_a.jpg
Ron viejo de caldas caja 1000ml,3,Viejo de Caldas,1000ml,Bebidas Alcoholicas,35000,https://exitocol.vtexassets.com/arquivos/ids/26655516/Ron-Viejo-Caldas-Tetra-X-1000-ml-134004_a.jpg
Copa Ron viejo de caldas caja 125ml,2,Viejo de Caldas,125ml,Bebidas Alcoholicas,4000,https://exitocol.vtexassets.com/arquivos/ids/26655516/Ron-Viejo-Caldas-Tetra-X-1000-ml-134004_a.jpg
Ron santafe añejo 750ml,1,Santafé,750ml,Bebidas Alcoholicas,28000,https://exitocol.vtexassets.com/arquivos/ids/26666285/RON-ANEJO-BOTELLA-740880_a.jpg
Copa Ron santafe añejo 125ml,1,Santafé,125ml,Bebidas Alcoholicas,4000,https://exitocol.vtexassets.com/arquivos/ids/26666285/RON-ANEJO-BOTELLA-740880_a.jpg
Ron santafe añejo 4 años 250ml / 1l,2,Santafé,250ml / 1l,Bebidas Alcoholicas,15000,https://exitocol.vtexassets.com/arquivos/ids/26666496/RON-ANEJO-TETRAPACK-LIT-258649_a.jpg
Copa Ron santafe añejo 4 años 125ml,3,Santafé,125ml,Bebidas Alcoholicas,3000,https://exitocol.vtexassets.com/arquivos/ids/26666496/RON-ANEJO-TETRAPACK-LIT-258649_a.jpg
Vino compuesto sansón 750ml,7,Sansón,750ml,Bebidas Alcoholicas,18000,https://olimpica.vtexassets.com/arquivos/ids/1247165/1.jpg
Cuatro cumbres chile vino tinto 11.5 G.L. No especificado,7,Cuatro Cumbres,No especificado,Bebidas Alcoholicas,25000,https://vaquitaexpress.com.co/media/catalog/product/cache/e89ece728e3939ca368b457071d3c0be/7/8/7804300124960_34.jpg
Copa de aguardiente nectar calidad el dorado No especificado,3,Néctar,No especificado,Accesorios,8500,https://revistadc.com/wp-content/uploads/2023/03/Aguardiente-Nectar-Dorado.jpeg
Casanova burbujeante vino de manzana 750ml,5,Casanova,750ml,Bebidas Alcoholicas,16000,"https://static.wixstatic.com/media/5abdcd_2bcef72469e94a05a874c454760ad7fb~mv2.jpg/v1/fill/w_560,h_560,al_c,q_80,usm_0.66_1.00_0.01,enc_avif,quality_auto/5abdcd_2bcef72469e94a05a874c454760ad7fb~mv2.jpg"
Baileys original 700ml,7,Baileys,700ml,Licor cremoso,95000,https://exitocol.vtexassets.com/arquivos/ids/28218395/Baileys-Original-X-700-ml-1251232_a.jpg
Copa Baileys original 125ml,8,Baileys,125ml,Licor cremoso,13000,https://exitocol.vtexassets.com/arquivos/ids/28218395/Baileys-Original-X-700-ml-1251232_a.jpg
Undurraga Sauvignon blac 750ml,7,Undurraga,750ml,Bebidas Alcoholicas,32000,https://exitocol.vteximg.com.br/arquivos/ids/26657645/Vino-Blanco-Undurraga-Sauvignon-X-750ml-24499_a.jpg
Copa Undurraga Sauvignon blac 125ml,1,Undurraga,125ml,Bebidas Alcoholicas,9000,https://exitocol.vteximg.com.br/arquivos/ids/26657645/Vino-Blanco-Undurraga-Sauvignon-X-750ml-24499_a.jpg
Koskenkorva durazno 75CL,5,Koskenkorva,75CL,Bebidas Alcoholicas,85000,https://cdn.caskers.com/catalog/product/cache/ce56bc73870585a38310c58e499d2fd4/k/o/koskenkorva-vodka-_750ml_-1_1.jpg
Copa Koskenkorva durazno 125ml,10,Koskenkorva,125ml,Bebidas Alcoholicas,9000,https://cdn.caskers.com/catalog/product/cache/ce56bc73870585a38310c58e499d2fd4/k/o/koskenkorva-vodka-_750ml_-1_1.jpg
Koskenkorva manzana 75CL,9,Koskenkorva,75CL,Bebidas Alcoholicas,85000,https://premiumdrinks.es/wp-content/uploads/IMG10968.jpg
Copa Koskenkorva manzana 125ml,2,Koskenkorva,125ml,Bebidas Alcoholicas,9000,https://cdn.caskers.com/catalog/product/cache/ce56bc73870585a38310c58e499d2fd4/k/o/koskenkorva-vodka-_750ml_-1_1.jpg
Gran brindis vino de manzana 750ml,1,Gran Brindis,750ml,Bebidas Alcoholicas,14000,"https://static.wixstatic.com/media/5abdcd_2bcef72469e94a05a874c454760ad7fb~mv2.jpg/v1/fill/w_560,h_560,al_c,q_80,usm_0.66_1.00_0.01,enc_avif,quality_auto/5abdcd_2bcef72469e94a05a874c454760ad7fb~mv2.jpg"
Copa Gran brindis vino de manzana 125ml,10,Gran Brindis,125ml,Bebidas Alcoholicas,7000,"https://static.wixstatic.com/media/5abdcd_2bcef72469e94a05a874c454760ad7fb~mv2.jpg/v1/fill/w_560,h_560,al_c,q_80,usm_0.66_1.00_0.01,enc_avif,quality_auto/5abdcd_2bcef72469e94a05a874c454760ad7fb~mv2.jpg"
Plaza Castilla vino blanco 750ml,5,Plaza Castilla,750ml,Bebidas Alcoholicas,18000,https://m.media-amazon.com/images/I/619eYuRLddL.jpg
Copa Plaza Castilla vino blanco 126ml,1,Plaza Castilla,126ml,Bebidas Alcoholicas,6000,https://m.media-amazon.com/images/I/619eYuRLddL.jpg
Casanova vino manzana 750ml,5,Casanova,750ml,Bebidas Alcoholicas,14000,https://vinosbodegasanejas.com/wp-content/uploads/2020/11/vino_manzana_botella.png
Passport Scotch blended Scotch Whisky 700ml,7,Passport,700ml,Bebidas Alcoholicas,45000,https://olimpica.vtexassets.com/arquivos/ids/1271761/5000299210048.jpg
Copa Passport Scotch blended Scotch Whisky 125ml,4,Passport,125ml,Bebidas Alcoholicas,8000,https://olimpica.vtexassets.com/arquivos/ids/1271761/5000299210048.jpg
Trapiche reserva Merlot 750ml,7,Trapiche,750ml,Bebidas Alcoholicas,28000,https://dislicoresqa.vtexassets.com/arquivos/ids/329864/120144-VINOTTO-TRAPICHE-MERLOT-RESERVA-750ML.png
Copa Trapiche reserva Merlot 125ml,9,Trapiche,125ml,Bebidas Alcoholicas,4000,https://dislicoresqa.vtexassets.com/arquivos/ids/329864/120144-VINOTTO-TRAPICHE-MERLOT-RESERVA-750ML.png
Castle house crema 750ml,8,Castle House,750ml,Licor cremoso,22000,https://mercadoslpineda.co/6472-large_default/crema-de-whisky-castle-house-x-750-ml.jpg
Blackjack aperitivo crema sabo a whisky 750ml,10,Blackjack,750ml,Licor cremoso,18000,https://licoresinmemorial.com/wp-content/uploads/2024/02/Crema-de-Whisky-Black-Jack.png
Canan vino rosado espumoso 750ml,5,Canan,750ml,Bebidas Alcoholicas,15000,https://images.rappi.com/products/679973808311_fwnbyyydtnae_269029444208_hrgsmesmkqvw_2136575_1.jpeg
Cachaça Brazil 51 700ml,3,Brazil 51,700ml,Bebidas Alcoholicas,25000,https://cdn11.bigcommerce.com/s-oyi93ews/images/stencil/1000x1000/products/18570/14506/2024-03-12_13.09.51__04382.1710349842.png
Especial cooler vino blanco 750ml,7,Especial,750ml,Bebidas Alcoholicas,12000,https://eurosuper.vtexassets.com/arquivos/ids/166774/7703518503836.jpg
Tres esquinas licor 750ml,1,Tres Esquinas,750ml,Bebidas Alcoholicas,22000,https://images.rappi.com/products/101966575544_wbfwfxyhvbtx_804470364735_ficzhelbnjmi_1821223_1.jpeg
Canan vino tinto Moscatel 750ml,6,Canan,750ml,Bebidas Alcoholicas,15000,https://carulla.vteximg.com.br/arquivos/ids/17475325/VINO-TINTO-MOSCATEL-CANAN-750-Mililitro-1566216_a.jpg
Domecq Brandy Pedro domecq 750ml,6,Domecq,750ml,Bebidas Alcoholicas,35000,https://licoresmedellin.com/cdn/shop/files/BRANDY_DOMECQ_BOTELLA_750ML.jpg
Copa Domecq Brandy Pedro domecq 125ml,4,Domecq,125ml,Bebidas Alcoholicas,6500,https://licoresmedellin.com/cdn/shop/files/BRANDY_DOMECQ_BOTELLA_750ML.jpg
Nectar aguardiente club verde 750ml,1,Néctar,750ml,Aguardiente,18000,https://olimpica.vtexassets.com/arquivos/ids/1164422/7702404005041.png
Copa Nectar Aguardiente Club Verde 125ml,5,Néctar,125ml,Aguardiente,4000,https://olimpica.vtexassets.com/arquivos/ids/1164422/7702404005041.png
Cariñoso rose 750ml,5,Cariñoso,750ml,Bebidas Alcoholicas,16000,https://carulla.vtexassets.com/arquivos/ids/17472284/Aperitivo-Vino-Rosado-Cari-Oso-Botella-X-750-ml-82286_a.jpg
Copa Cariñoso Rose 125ml,2,Cariñoso,125ml,Bebidas Alcoholicas,3500,https://carulla.vtexassets.com/arquivos/ids/17472284/Aperitivo-Vino-Rosado-Cari-Oso-Botella-X-750-ml-82286_a.jpg
Aguardiente antioqueño 750ml,6,Antioqueño,750ml,Aguardiente,22000,https://kyva.co/wp-content/uploads/2022/11/AGUARDIENTE-ANTIOQUENO-AZUL_750ML_PNG_800x1000PX_Transparente.png
Copa Aguardiente Antioqueño 125ml,4,Antioqueño,125ml,Aguardiente,6000,https://kyva.co/wp-content/uploads/2022/11/AGUARDIENTE-ANTIOQUENO-AZUL_750ML_PNG_800x1000PX_Transparente.png
Aguardiente real 1493 375ml,4,Real,375ml,Aguardiente,12000,https://bodegamiamiga.b-cdn.net/wp-content/uploads/2023/04/VNT62843_AGUARDIENTE_ANTIOQUENO_REAL_1493_750ML-e1704478688376.jpg
Copa Aguardiente Real 1493 125ml,1,Real,125ml,Aguardiente,2500,https://bodegamiamiga.b-cdn.net/wp-content/uploads/2023/04/VNT62843_AGUARDIENTE_ANTIOQUENO_REAL_1493_750ML-e1704478688376.jpg
Aguardiente cristal sin azúcar 750ml,2,Cristal,750ml,Aguardiente,20000,https://mercaldas.vtexassets.com/arquivos/ids/1309977/Aguardiente-CRISTAL-ligth-x750-ml_50867.jpg
Copa Aguardiente Cristal Sin Azucar 125ml,9,Cristal,125ml,Aguardiente,5000,https://mercaldas.vtexassets.com/arquivos/ids/1309977/Aguardiente-CRISTAL-ligth-x750-ml_50867.jpg
Benditas de caucho bandescol No especificado,9,Bandescol,No especificado,Accesorios,4500,https://images.rappi.com/products/1643232825338_1643232819767.jpg
Tampico 330ml,1,Tampico,330ml,Refresco,2500,https://alival.com.co/express/wp-content/uploads/2020/05/TAMPICO-330ML-.jpg
Postobón Aqua Frutos Verdes 200ml,2,Postobón,200ml,Refresco,1800,https://tomatelavida.com.co/wp-content/uploads/2020/05/Acqua-frutos-verdes-300-1000-200x667.png
Postobón Aqua Manzana 200ml,6,Postobón,200ml,Refresco,1800,https://tomatelavida.com.co/wp-content/uploads/2022/11/Acqua-Manzana-2022-G.png
Postobón Manzana 500ml,1,Postobón,500ml,Refresco,3500,https://mandalomarket.com/wp-content/uploads/2024/10/Diseno-sin-titulo-87.jpg
H2oh Lima Limón 250ml,5,H2oh,250ml,Refresco,2200,https://mistiendas.com.co/25439-large_default/h2oh-lima-limon-250ml.jpg
Hit Frutos Tropicales 200ml,1,Hit,200ml,Refresco,1800,https://exitocol.vteximg.com.br/arquivos/ids/27520220/Hit-Fruta-Tropical-Tetra-200-ml-701135_a.jpg
Hit Durazno 200ml,1,Hit,200ml,Refresco,1800,https://unidrogas.vtexassets.com/arquivos/ids/430997/7702090027792.jpg
Fresky Tropical 200ml,5,Fresky,200ml,Refresco,1800,https://tienda.disicoga.com/63-large_default/bebida-fresky-tropical-200-ml-tetra.jpg
Fresky Mango 200ml,4,Fresky,200ml,Refresco,1800,https://tienda.disicoga.com/60-large_default/bebida-freskids-mango-200ml-tetra.jpg
Fresky Mora 200ml,4,Fresky,200ml,Refresco,1800,https://tienda.disicoga.com/61-home_default/bebida-fresky-mora-200-ml-tetra.jpg
Colombiana 1.5L,1,Postobón,1.5L,Refresco,6500,https://olimpica.vtexassets.com/arquivos/ids/1432027/7702090029505.jpg
7up Lima Limón 1L,3,7up,1L,Refresco,5200,https://mistiendas.com.co/22643-large_default/gaseosa-7up-lima-limon-x1l.jpg
Pepsi Black 1L,2,Pepsi,1L,Refresco,5200,https://olimpica.vtexassets.com/arquivos/ids/1441173/7702090044027.jpg
Postobón Limonada 1L,3,Postobón,1L,Refresco,5200,https://olimpica.vtexassets.com/arquivos/ids/1441478/7702090029536.jpg
Canadá Dry 1.5L,3,Canadá Dry,1.5L,Refresco,6500,https://olimpica.vtexassets.com/arquivos/ids/1431524/7702090029581.jpg
Postobón Uva 2.5L,3,Postobón,2.5L,Refresco,8500,https://mercadoslpineda.co/7614-thickbox_default/gaseosa-postobon-25-l-uva.jpg
Cifrut Mora Punch 1.7L,4,Cifrut,1.7L,Refresco,7200,https://eurosuper.vtexassets.com/arquivos/ids/185953/7709997015198.png
Cifrut Fruit Punch 1.7L,2,Cifrut,1.7L,Refresco,7200,https://eurosuper.vtexassets.com/arquivos/ids/185699/7709997767226.png
Cifrut Citrus Punch 1.7L,1,Cifrut,1.7L,Refresco,7200,https://eurosuper.vtexassets.com/arquivos/ids/185696/7709997100573.png
Big Cola 1.75L,5,Big,1.75L,Refresco,7500,https://assets.tuzonamarket.com/images/producto/hxkmVZZeR9.jpg
Quatro 1.5L,2,Quatro,1.5L,Refresco,6500,https://olimpica.vtexassets.com/arquivos/ids/1482726/7702535011706.jpg
Sprite 1.5L,2,Sprite,1.5L,Refresco,6500,https://olimpica.vtexassets.com/arquivos/ids/1643015/7702535011713_1.jpg
7up 400ml,2,7up,400ml,Refresco,2800,https://oneiconn.vtexassets.com/arquivos/ids/196900/100014426_1.jpg
TropiKola Tropical 400ml,6,TropiKola,400ml,Refresco,2800,https://dev.smk.agency/postobon/wp-content/uploads/2023/06/tropikolaTROPICAL400ml-1.png
TropiKola Manzana 400ml,3,TropiKola,400ml,Refresco,2800,https://infonutricional.tomatelavida.com.co/wp-content/uploads/2023/06/tropikola-Manzana-400-1.png
Big Naranja 400ml,5,Big,400ml,Refresco,2800,https://assets.tuzonamarket.com/images/producto/l3Wuzosm_i.jpg
Kumbia Fresh Mango 500ml,7,Kumbia,500ml,Refresco,3500,https://images.rappi.com/products/105221774371_tyidbjzuaqvq_334343217414_ognabafilgomsc_7709997783912_1.jpg
California Nectar Pera 300ml,1,California,300ml,Refresco,2500,https://megatiendas.vtexassets.com/arquivos/ids/171017/7702617487382.jpg
California Nectar Durazno 300ml,2,California,300ml,Refresco,2500,https://jumbocolombiaio.vtexassets.com/arquivos/ids/194001/7702617487375-1.jpg
California Nectar Manzana 300ml,2,California,300ml,Refresco,2500,https://megatiendas.vtexassets.com/arquivos/ids/171019/7702617487368.jpg
Big Uva 400ml,3,Big,400ml,Refresco,2800,https://sumerlabs.com/prod/catalogue/7a6fc53a68fc735ce5aca7a500a915caee969d1e/image1j987rrodkelwqmtdle.png
Big Piña 400ml,2,Big,400ml,Refresco,2800,https://assets.tuzonamarket.com/images/producto/F7BGn9bpZw.jpg
Big Kola 400ml,8,Big,400ml,Refresco,2800,https://mercadoslpineda.co/6040-thickbox_default/gaseosa-big-cola-x-400-ml-manzana.jpg
Kola Roman 400ml,4,Kola Roman,400ml,Refresco,2800,https://ortopedicosfuturoco.vtexassets.com/arquivos/ids/160111/KOLA-ROMAN-400ML-82000016-1.jpg
Big Manzana 400ml,2,Big,400ml,Refresco,2800,https://prodcdnmobisoft.oxxodomicilios.com/01HNDXPQK7KAGCTCB3J65FVAQ8.jpg
Hit Vidrio Lulo 250ml,4,Hit,250ml,Refresco,2200,https://tomatelavida.com.co/wp-content/uploads/2022/12/Hit-Lulo-2022-G.png
Hit Vidrio Frutos Tropicales 250ml,2,Hit,250ml,Refresco,2200,https://infonutricional.tomatelavida.com.co/wp-content/uploads/2023/06/postobon_informacion_nutriconalHIT-250ml-FRUTOS-TROPICALES-RETORNABLE.png
Hit Vidrio Mora 250ml,2,Hit,250ml,Refresco,2200,https://tomatelavida.com.co/wp-content/uploads/2022/12/Hit-Mora-2022-G.png
Pony Malta Go 1L,1,Pony Malta,1L,Refresco,5500,https://olimpica.vtexassets.com/arquivos/ids/1787039/7702004025753.jpg.jpg
Pony Malta 1.5L,1,Pony Malta,1.5L,Refresco,7200,https://olimpica.vtexassets.com/arquivos/ids/1474164/7702004013514.png
Cola y Pola 1.5L,1,Cola y Pola,1.5L,Refresco,7200,https://olimpica.vtexassets.com/arquivos/ids/1026629/7702004016652.jpg
Mr Tea Durazno Botella Vidrio 250ml,6,Mr Tea,250ml,Refresco,2200,https://infonutricional.tomatelavida.com.co/wp-content/uploads/2023/06/mr-tea-250ml-durazno.png
Speed Max Lata 310ml,8,Speed Max,310ml,Bebidas Energeticas,4500,https://exitocol.vtexassets.com/arquivos/ids/26871142/Bebida-Energetica-SPEED-MAX-Lata-310-ml-3629178_a.jpg
Speed Max Pulpa de Chontaduro 250ml,6,Speed Max,250ml,Bebidas Energeticas,3800,https://vaquitaexpress.com.co/media/catalog/product/cache/e89ece728e3939ca368b457071d3c0be/7/7/7702090097245.jpg
Vive100 Original 380ml,5,Vive100,380ml,Bebidas Energeticas,4200,https://licoresmedellin.com/cdn/shop/files/BEBIDA_ENERGIZANTE_VIVE100_380ML_wb.jpg
Vive100 240ml,5,Vive100,240ml,Bebidas Energeticas,3500,https://olimpica.vtexassets.com/arquivos/ids/628951/7702354934361.jpg
Electrolit Maracuyá 625ml,2,Electrolit,625ml,Bebidas Energeticas,8500,https://olimpica.vtexassets.com/arquivos/ids/895187/7501125184864.jpg
Gatorade Blue Ice 500ml,5,Gatorade,500ml,Bebidas Energeticas,4800,https://olimpica.vtexassets.com/arquivos/ids/1834185/7702192736455.jpg
Gatorade Mandarina 500ml,5,Gatorade,500ml,Bebidas Energeticas,4800,https://olimpica.vtexassets.com/arquivos/ids/1432351/7702192218050.jpg
Gatorade Frutos Tropicales 500ml,5,Gatorade,500ml,Bebidas Energeticas,4800,https://exitocol.vteximg.com.br/arquivos/ids/26658639/Gatorade-Frutas-Tropicales-500-ml-525890_a.jpg
Gatorade Maracuyá 500ml,5,Gatorade,500ml,Bebidas Energeticas,4800,https://olimpica.vtexassets.com/arquivos/ids/1432354/7702192224051.jpg
Cristal Aloe 330ml,2,Cristal,330ml,Agua,2500,https://olimpica.vtexassets.com/arquivos/ids/1432303/7702090060553.jpg
Saviloe 320ml,3,Saviloe,320ml,Agua,2500,https://olimpica.vtexassets.com/arquivos/ids/646223/7702354946135.jpg
Cristal con Gas 600ml,4,Cristal,600ml,Agua,3200,https://exitocol.vteximg.com.br/arquivos/ids/25709846/Agua-Cristal-Con-Gas-600-ml-222552_a.jpg
Agua sin Gas Glacial 620ml,5,Glacial,620ml,Agua,3200,https://dealmerk.com/wp-content/uploads/2023/11/AGUA-GLACIAL-ORIGINAL.png
Cielo Agua 1L,5,Cielo,1L,Agua,4500,https://mistiendas.com.co/22627-large_default/agua-cielo-x1l.jpg
Cristal 600ml,4,Cristal,600ml,Agua,3200,https://exitocol.vteximg.com.br/arquivos/ids/26658915/Agua-Normal-600-ml-973621_a.jpg
Cola y Pola Lata 330cm³,8,Cola y Pola,330cm³,Bebidas Alcoholicas,2800,https://olimpica.vtexassets.com/arquivos/ids/1050683/7702004016614.png
Redds Lata 269cm³,7,Redds,269cm³,Bebidas Alcoholicas,3200,https://olimpica.vtexassets.com/arquivos/ids/1050697/7702004011190.jpg
Costeña Bacana Botella Vidrio 330ml,7,Costeña,330ml,Bebidas Alcoholicas,3500,https://www.bavaria.co/sites/g/files/seuoyk1666/files/2023-10/Costena_bacana_0.png
Cerveza Andina 269cm³,3,Andina,269cm³,Bebidas Alcoholicas,3200,https://makro.com.co/imagesProducts/medias/118269_1_111.PNG
Cerveza Andina Dorada Botella Vidrio 300ml,14,Andina,300ml,Bebidas Alcoholicas,3800,https://dislicoresqa.vtexassets.com/arquivos/ids/256992/364008-Cerveza-Andina.png
Heineken 269cm³,3,Heineken,269cm³,Bebidas Alcoholicas,5000,https://p.turbosquid.com/ts-thumb/wA/c8TiPC/l7/lata269_10/png/1616027978/600x600/fit_q87/6a0760f0b21d6c40a8eaace6427a4df621054902/lata269_10.jpg
Heineken Botella 300ml,9,Heineken,300ml,Bebidas Alcoholicas,5400,https://bevgo.com.co/wp-content/uploads/2021/03/764.jpg
Club Colombia 100% Malta 330cm³,24,Club Colombia,330cm³,Bebidas Alcoholicas,3800,https://www.clubcolombia.com.co/sites/g/files/seuoyk481/files/2023-05/lata_dorada.png
Corona Extra 330ml,16,Corona,330ml,Bebidas Alcoholicas,5800,https://carulla.vtexassets.com/arquivos/ids/18475054/Cerveza-Corona-Botella-CORONA-330-ml-3494042_a.jpg
Budweis King of Beers 220ml,16,Budweis,220ml,Bebidas Alcoholicas,4700,https://alcocart.com/wp-content/uploads/2023/04/Untitled-design-5.png
Aguila 330ml,9,Aguila,330ml,Bebidas Alcoholicas,3200,https://olimpica.vtexassets.com/arquivos/ids/916454/7702004001917.jpg
Aguila Light 330ml,3,Aguila,330ml,Bebidas Alcoholicas,3200,https://licoresjunior.com/wp-content/uploads/2023/12/Cerveza-Aguila-Light-330-ML.jpg
Aguardiente Nectar 500ml,3,Nectar,500ml,Bebidas Alcoholicas,20000,https://exitocol.vteximg.com.br/arquivos/ids/26666946/AGUARDIENTE-NECTAR-CLUB-500-ML-1408633_a.jpg
Copa Aguardiente Nectar 125ml,3,Nectar,125ml,Bebidas Alcoholicas,5000,https://exitocol.vteximg.com.br/arquivos/ids/26666946/AGUARDIENTE-NECTAR-CLUB-500-ML-1408633_a.jpg
Ron Caldas Cóctel 295ml,3,Ron Caldas,295ml,Bebidas Alcoholicas,13500,https://lacaretalicores.com/cdn/shop/files/1_0585f346-f1b7-4c3d-8c0e-11a076082630.jpg
Alquería Avena Pro Cubana 180g,2,Alquería,180g,Lacteos,2800,https://megatiendas.vtexassets.com/arquivos/ids/175791/7702177023730.jpg
Alpi10 Banano 150g,6,Alpi10,150g,Lacteos,2200,https://azstachubdigitalprd01.blob.core.windows.net/hubdigitalcontainer01/2025/imagenes/Optimizacion_alpi10_enero/receta-alpi10-new-6.png
Bilac Avena 200ml,8,Bilac,200ml,Lacteos,1800,https://infonutricional.tomatelavida.com.co/wp-content/uploads/2024/02/bolsa-bilac-200-avena.png
Bilac Leche Achocolatada 200ml,14,Bilac,200ml,Lacteos,2000,https://infonutricional.tomatelavida.com.co/wp-content/uploads/2024/02/bolsa-bilac-200-chocolate.png
Fruttsi Passion Mix 250ml,12,Fruttsi,250ml,Lacteos,2500,https://glacial.com.co/wp-content/uploads/2024/06/fruttsi_passion_mix_250.png
Klim Nestlé 26g,12,Nestlé,26g,Cafe y Cereales,1500,https://www.klim.com.co/sites/default/files/styles/product_stage_banner/public/2024-10/KLIM%20FortiCrece%2026g.png
Milo Nestlé 20g,14,Nestlé,20g,Cafe y Cereales,1200,https://intertropico.com/wp-content/uploads/2023/04/COL50336-1.jpg
Ricavena Quaker 60g,6,Quaker,60g,Cafe y Cereales,2000,https://supertiendatuiran.com/wp-content/uploads/erp/productos/21011761/ricavenaquakersobre60.jpg
Nescafé Dolca 7.8g,3,Nescafé,7.8g,Cafe y Cereales,800,https://redonsella.com/wp-content/uploads/2024/06/71DbMtmYvfL.jpg
Nescafé Tradicional 25g,7,Nescafé,25g,Cafe y Cereales,1800,https://vaquitaexpress.com.co/media/catalog/product/cache/e89ece728e3939ca368b457071d3c0be/7/7/7702024026372_41.jpg
Froot Loops 25g,6,Kellogg's,25g,Cafe y Cereales,1500,https://www.corbeta.com.co/media/catalog/product/p/a/paketicos.png
BOM BOM Bum Zombie 18g,1,Colombina,18g,Dulces y Caramelos,800,https://carulla.vteximg.com.br/arquivos/ids/19810026/Bon-Bon-Bum-Zombie-BON-BON-BUM-432-gr-3576377_a.jpg
BOM BOM Bum Wild Apple 18g,1,Colombina,18g,Dulces y Caramelos,800,https://m.media-amazon.com/images/I/411WfDkcCJL.jpg
BOM BOM Bum Intense Cherry 18g,1,Colombina,18g,Dulces y Caramelos,800,https://colombinacontentmanager-prd.s3.us-east-1.amazonaws.com/Dulces/7702011089090_A1N1_es.jpg
Pin Pop Gigante 18g,1,Pin Pop,18g,Dulces y Caramelos,900,https://www.confipuma.com/app_data_archivos/confipuma.soomi.co/productos/producto_f04bb9cda220eb2bdda2cdcad7d9cffb420902a21727185209.png
Mordisquetas Poste de Maracuyá 18g,1,Mordisquetas,18g,Dulces y Caramelos,800,https://dulceria.co/wp-content/uploads/2020/09/mordisqueta-maracuya.jpg
BOM BOM Bum Rojo Fresa 18g,1,Colombina,18g,Dulces y Caramelos,800,https://www.bonbonbum.com/wp-content/uploads/2024/06/imagen-producto-FRESA_resize.png
BOM BOM Bum Lulo Flow 18g,1,Colombina,18g,Dulces y Caramelos,800,https://ivo-mucura.s3.amazonaws.com/productos/2pMohOTPI8.jpg
BOM BOM Bum Sandía Sensations 18g,1,Colombina,18g,Dulces y Caramelos,800,https://olimpica.vtexassets.com/arquivos/ids/1833794/7702011161505.jpg
Kick Crewy Lollipop 18g,1,Colombina,18g,Dulces y Caramelos,800,https://licorescasamoreno.com/wp-content/uploads/2025/05/Bolsa-Chupeta-Masticable-Kick-por-12-Und.jpg
Max Coco 14g,1,Colombina,14g,Dulces y Caramelos,700,https://exitocol.vtexassets.com/arquivos/ids/26660793/Galleta-Max-Coco-Wafer-COLOMBINA-460-gr-1862058_a.jpg
Barrilete Relleno de Chicle 18g,1,Colombina,18g,Dulces y Caramelos,800,https://images.rappi.com/products/228891-1588294181397.png
Buzzy Hello Kitty 400 400g,100,Buzzy,400g,Dulces y Caramelos,15000,https://riclan.com.br/wp-content/uploads/2017/07/hellokittySite_Zoom.png
Pin Pop 180g,12,Pin Pop,180g,Dulces y Caramelos,8000,https://olimpica.vtexassets.com/arquivos/ids/1536480/7702174082013_pinp-pop-FRESA.jpg
Bubaloo Sabor a Mora 5.1g,20,Bubaloo,5.1g,Dulces y Caramelos,300,https://villavoexpress.com/rails/active_storage/blobs/proxy/eyJfcmFpbHMiOnsiZGF0YSI6ODM1NDYsInB1ciI6ImJsb2JfaWQifX0=--667a5b8f10bd37af8f77d25814795719816411d8/bubbaloo-sabor-mora-por-70.png
Tumix Confiteca Mora 2.7g,1,Confiteca,2.7g,Dulces y Caramelos,200,https://fundafarma.com/wp-content/uploads/2023/12/Tumix-Mora.png
Tumix Grande de Sabores 200g,10,Tumix,200g,Dulces y Caramelos,6000,https://distribuidorabaviera.com/wp-content/uploads/2021/09/TUMIX-SURTIDO.jpg
Tumix Confiteca Canela 2.7g,1,Confiteca,2.7g,Dulces y Caramelos,200,https://fundafarma.com/wp-content/uploads/2023/12/Tumix-Canela.png
Tumix Confiteca Limón 2.7g,1,Confiteca,2.7g,Dulces y Caramelos,200,https://fundafarma.com/wp-content/uploads/2023/12/Tumix-Limon.png
Tumix Confiteca Menta 2.7g,1,Confiteca,2.7g,Dulces y Caramelos,200,https://www.confipuma.com/app_data_archivos/confipuma.soomi.co/productos/producto_b3dec6b43d1323a063794b37d6e64acf7bf27bc41726576417.png
Tumix Confiteca Menta Extrema 2.7g,1,Confiteca,2.7g,Dulces y Caramelos,200,https://cigarrerialarosa.com/wp-content/uploads/2022/09/11146.png
Yogueta Sabor Yogurt Fresa 18g,1,Aldor,18g,Dulces y Caramelos,800,https://carulla.vteximg.com.br/arquivos/ids/20047256/Caramelo-Chupeta-Fresa-Yogurt-YOGUETA-324-gr-3201058_a.jpg
Yogueta Sabor Yogurt Mora 18g,1,Aldor,18g,Dulces y Caramelos,800,https://dicoha.com.co/wp-content/uploads/2023/03/Yogueta-Frutales-Mora24-430x401.png
Yogueta Sabor Yogurt Piña 18g,1,Aldor,18g,Dulces y Caramelos,800,https://www.sweetzonesa.co.za/wp-content/uploads/2021/08/yogueta-cocopine-xplosion-48s.jpg
Yogueta Sabor Yogurt Mandarina 18g,1,Aldor,18g,Dulces y Caramelos,800,https://carulla.vteximg.com.br/arquivos/ids/19566981/Caramelo-Chupeta-Mandar-Yogurt-YOGUETA-324-gr-3396445_a.jpg
Mentas Freegells Negro Barra 30g,11,Freegells,30g,Dulces y Caramelos,2000,https://instrai.com/media/galeria/FreeNegrooo_fpjhiDb.jpeg
Millows Masmelos 5g,7,Colombina,5g,Dulces y Caramelos,400,https://dulceria.co/wp-content/uploads/2019/08/10-1.jpg
Nucita 5g,3,Nucita,5g,Dulces y Caramelos,400,https://olimpica.vtexassets.com/arquivos/ids/1395247/7702011125811.jpg
Chocmelos 4.8g,8,Millows,4.8g,Dulces y Caramelos,400,https://licorerapuntoazul.com/wp-content/uploads/2021/05/CHOCMELO.fw_.png
Nucita Crema con Avellanas 14g,7,Nucita,14g,Dulces y Caramelos,1200,https://colombinacontentmanager-prd.s3.us-east-1.amazonaws.com/Chocolate/7702011021915_A1R1_es.jpg
FruGral Salsa BBQ 120g,5,FruGrau,120g,Galletas y Snacks,3500,"https://sp-ao.shortpixel.ai/client/to_webp,q_glossy,ret_img/https://grupodiana.co/wp-content/uploads/2025/05/Salsa-BBQ-x-170g.png"
Olivetto Extra Virgen 250ml,1,Olivetto,250ml,Galletas y Snacks,12000,https://megatiendas.vtexassets.com/arquivos/ids/168821/7702109768296.png
FruGral Salsa Mayo 120g,8,FruGrau,120g,Galletas y Snacks,3500,"https://sp-ao.shortpixel.ai/client/to_webp,q_glossy,ret_img/https://grupodiana.co/wp-content/uploads/2025/05/Salsa-Mayo-x-170g.png"
Muu Galletas de Mantequilla 19.5g,12,Alpina,19.5g,Galletas y Snacks,1000,https://olimpica.vtexassets.com/arquivos/ids/1452517/7702011200259_A1N1_es.jpg
Grissly Gusanitos 12g,14,Grissly,12g,Galletas y Snacks,500,https://balloonsbogota.com/cdn/shop/files/GomasGRISSLYgusanitosx288g.jpg
Muuuu Crema Sabor a Chocolate 10g,10,Alpina,10g,Galletas y Snacks,800,https://coopasan.com.co/rails/active_storage/representations/proxy/eyJfcmFpbHMiOnsiZGF0YSI6MTYxNzIyMCwicHVyIjoiYmxvYl9pZCJ9fQ==--dea54f800cadd45f7f0d8df4b94170db477f102b/eyJfcmFpbHMiOnsiZGF0YSI6eyJmb3JtYXQiOiJwbmciLCJyZXNpemVfdG9fZml0IjpbODAwLDgwMF19LCJwdXIiOiJ2YXJpYXRpb24ifX0=--cef66509c9cdc75663c0eefd9421db1d2ea4fead/ME01037.png
Chiclets Hierbabuena 2.8g,100,Chiclets,2.8g,Chicles,200,https://i.ebayimg.com/images/g/qg0AAOSw1tRcwUsa/s-l1600.jpg
Chiclets Amarillo 2.8g,100,Chiclets,2.8g,Chicles,200,https://i.ebayimg.com/images/g/qg0AAOSw1tRcwUsa/s-l1600.jpg
Trident 4 Chicles Fresa 5g,50,Trident,5g,Chicles,1000,https://www.confipuma.com/app_data_archivos/confipuma.soomi.co/productos/producto_3b9525e1a656acadd4e2496721e60f40064aba5c1712837176.png
Trident 4 Chicles Menta 5g,50,Trident,5g,Chicles,1000,https://en1ya.com/wp-content/uploads/2022/10/CHICLES-TRIDENT-MENTA-X85g.jpg
Chicles Xtreme Sabor a Yerbabuena 3.2g,1,Xtreme,3.2g,Chicles,500,https://d2j6dbq0eux0bg.cloudfront.net/images/79481513/3241373021.jpg
Chicles Xtreme Sabor Fresh 3.2g,1,Xtreme,3.2g,Chicles,500,https://colombinacontentmanager-prd.s3.us-east-1.amazonaws.com/Dulces/7702011136060_A1N1_es.jpg
Chicles Xtreme Sabor a Canela 3.2g,1,Xtreme,3.2g,Chicles,500,https://images.rappi.com/products/103110780457_lasiqaiqzxsv_666569557405_kuxhhuavxkib_3505391_1.png
Chicles Xtreme Sabor a Sandía 3.2g,1,Xtreme,3.2g,Chicles,500,https://dulceria.co/wp-content/uploads/2021/03/chicles-sandia.jpg
Rothmas of London Azul Cigarrillos Unidad,10,Rothmas,Unidad,Cigarrillos,5000,https://licoresjunior.com/wp-content/uploads/2023/12/cigarros-08.jpg
Lucky Strike Negro Unidad,31,Lucky Strike,Unidad,Cigarrillos,5500,https://sancayetano.com.py/userfiles/images/productos/600/116031.JPG
Rothmans Azul Grande Unidad,3,Rothmans,Unidad,Cigarrillos,5000,https://mistiendas.com.co/22212-large_default/cigarrillos-rothmans-azul-x20und.jpg
Rothmans Azul Mediano Unidad,8,Rothmans,Unidad,Cigarrillos,8000,https://images.rappi.com/products/4444160a-4739-49be-ab86-2fb077fdf64f.jpg
Rothmans Blanco 10 Cigarros Unidad,10,Rothmans,Unidad,Cigarrillos,8000,https://exitocol.vtexassets.com/arquivos/ids/27207827/Cigarrillo-Blanco-ROTHMANS-10-und-1460167_a.jpg
Rothmans Negro Unidad,10,Rothmans,Unidad,Cigarrillos,8000,https://licorescasamoreno.com/wp-content/uploads/2023/07/Cigarrillo-Rothmans-Tropic-10.png
Rothmans Azul con Blanco Pequeño Unidad,2,Rothmans,Unidad,Cigarrillos,4000,https://prodcdnmobisoft.oxxodomicilios.com/01HNG0S8JYKNE9F57D4ZG53Y71.jpg
Cigarrillos Sueltos Unidad,15,Sin Marca,Unidad,Cigarrillos,800,https://st4.depositphotos.com/11508700/41933/i/1600/depositphotos_419335320-stock-photo-top-view-image-several-loose.jpg
Fósforos Refuegos Unidad,20,Refuegos,Unidad,Encendedores y Fosforos,500,https://mercalan.com.co/wp-content/uploads/2023/04/Diseno-sin-titulo-33-4.png
Fósforos El Rey Unidad,100,El Rey,Unidad,Encendedores y Fosforos,500,https://detalshop.com/cdn/shop/products/020010.jpg
Fósforos Grandes El Rey Unidad,4,El Rey,Unidad,Encendedores y Fosforos,1200,https://mistiendas.com.co/14437-large_default/fosforos-el-rey-x20und.jpg
Bricket Tokai Unidad,22,Tokai,Unidad,Encendedores y Fosforos,2500,https://paraisodistribuciones.com/wp-content/uploads/2023/03/encendedor-tokay-x25.png
Bricket Bic Unidad,7,Bic,Unidad,Encendedores y Fosforos,4000,https://copservir.vtexassets.com/arquivos/ids/1566250/ENCENDEDOR-BIC-MINI_F.png
Bricket El Sol Unidad,10,El Sol,Unidad,Encendedores y Fosforos,2000,https://d2j6dbq0eux0bg.cloudfront.net/images/79456011/3278598402.jpg
Bricket Bic Mini Unidad,20,Bic,Unidad,Encendedores y Fosforos,3000,https://tecnonissi.com/wp-content/uploads/2025/03/FR000360-600x600.jpg
Caja de Marcadores Borrables 4 unidades,2,Sin Marca,4 unidades,Utiles,8000,https://comercialpapelera.com.co/tienda/12722-medium_default/marcador-borrable-caja-x12-und-azul.jpg
Caja de Bolígrafo Semi Gel Offi-Esco Inkreible 12 unidades,7,Offi-Esco,12 unidades,Utiles,12000,https://irreal.vtexassets.com/arquivos/ids/210015/7409781178244-1.jpg
Caja de Bolígrafo BIC (color rojo) 12 unidades,1,BIC,12 unidades,Utiles,15000,https://labodegaeconomica.com/cdn/shop/products/Esfero-BIC-Dura-Caja-x12-Color-Rojo-1_jpg_97134995-4540-489f-967a-7832bd821402.jpg
Caja Bolígrafos Inkjoy Paper N/A,3,Paper,N/A,Utiles,18000,https://clubbookstore.com/wp-content/uploads/2020/10/Caja-Esferos-Paper-Mate-negro.jpg
Resaltadores A-ink N/A,7,A-ink,N/A,Utiles,5000,https://estradayasociadosglobalservices.com/wp-content/uploads/2022/06/SPD-1CH-2.png
Caja de Rotuladores de Colores Alpino 6 unidades,1,Alpino,6 unidades,Utiles,12000,https://www.alpino.eu/images/alpino/productos/AR001003/AR001003N_01.jpg
Paquete de Marcadores Sharpie (marca Scott) 3 unidades,1,Scott,3 unidades,Utiles,8000,https://newellbrands.imgix.net/a899d3ea-f50e-3aa4-991b-f50c38e3f5eb/a899d3ea-f50e-3aa4-991b-f50c38e3f5eb.jpg
Paquete de Marcadores Sharpie (marca Harpue) 3 unidades,3,Harpue,3 unidades,Utiles,8000,https://newellbrands.imgix.net/a899d3ea-f50e-3aa4-991b-f50c38e3f5eb/a899d3ea-f50e-3aa4-991b-f50c38e3f5eb.jpg
Caja de Lápices Mirado 12 unidades,1,Mirado,12 unidades,Utiles,8000,https://exitocol.vtexassets.com/arquivos/ids/16172138/caja-de-lapiz-mirado-paper-mate-pague-9-y-lleve-12-lapices.jpg
Caja de Lápices Mirado Pague 9 Lleve 12 12 unidades,7,Mirado,12 unidades,Utiles,7000,https://exitocol.vteximg.com.br/arquivos/ids/26525201/Lapiz-Oferta-Pague-9-Lleve-12-626036_a.jpg
Lápices N/A,11,Sin Marca,N/A,Utiles,800,https://panamericana.vtexassets.com/arquivos/ids/400973/juego-de-lapices-de-dibujo-stabilo-x-12-uds--1-8595147806223.jpg?v=637637881019400000
Caja de Lápices Kores 12 unidades,1,Kores,12 unidades,Utiles,10000,https://comercialpapelera.com.co/tienda/11752-large_default/caja-metalica-de-lapiz-graduado-kores-x12-und.jpg
Caja Lápiz Grafito Jumbo Rojo (grande) + Sacapuntas Plástico 12 unidades,3,Sin Marca,12 unidades,Utiles,9000,https://elchiquitindelospreciosbajos.com/wp-content/uploads/2021/12/Lapiz-de-Grafito-Kores-Jumbo-Cod.-9023800925305-min-1.jpg
Lápiz Rojo Kores Grande N/A,8,Kores,N/A,Utiles,1000,https://acdn-us.mitiendanube.com/stores/399/204/products/lapiz-kores-rojo1-e4f71f5b2adeb2bc8015270887469879-640-0.jpeg
Caja de Lápices Rojos Mirado 12 unidades,2,Mirado,12 unidades,Utiles,8000,https://www.haga.com.co/wp-content/uploads/2022/02/LAPIZ-MIRADO-ROJO-CAJA-X-12.jpg
Caja de Lápices Rojos Chequeo Offi-Esco 12 unidades,1,Offi-Esco,12 unidades,Utiles,7500,https://elchiquitindelospreciosbajos.com/wp-content/uploads/2021/12/Lapiz-Rojo-Chequeo-OE-149-Cod.-7709163798719-min-1.jpg
Lápiz Rojo Paper N/A,1,Paper,N/A,Utiles,800,https://cdnx.jumpseller.com/la-cali/image/11154530/930.png
Caja de Lápices de Color Bic 14 Unidades,2,Bic,14 Unidades,Utiles,15000,https://puntoscolombia.vtexassets.com/arquivos/ids/21765202/image-8ff040714b7d499d9042aaafadb99efd.jpg
Caja de Lápices de Color Andaluz 12 unidades,4,Andaluz,12 unidades,Utiles,12000,https://cdnx.jumpseller.com/la-cali/image/11154530/930.png
Cuadernos N/A,14,Sin Marca,N/A,Papeleria,3000,https://cdnx.jumpseller.com/zoom-creativo/image/28375640/cuadernos_600px.jpg_2.jpg
Bloc de Hojas Cuadriculadas N/A,1,Sin Marca,N/A,Papeleria,5000,https://elchiquitindelospreciosbajos.com/wp-content/uploads/2021/12/Block-Carta-Cuadriculado-Jean-Book-Cod.-7702111559325-min-1.jpg
Hojas Milimétrica N/A,1,Sin Marca,N/A,Papeleria,6000,https://www.papeleriamarin.com/956-large_default/block-milimetrado.jpg
Fomi N/A,1,Sin Marca,N/A,Papeleria,1500,https://jonan.com.co/cdn/shop/products/1119.jpg
Caja Ganchos Legajador Tritón 20 unidades,3,Tritón,20 unidades,Papeleria,8500,https://www.papeleriaelmayorista.com/wp-content/uploads/gancho-legajador-triton.jpg
Paquete Gancho Legajador Tritón 20 unidades,3,Tritón,20 unidades,Papeleria,7200,https://www.papyser.com/catalogo/9042556.jpg
Paquete Gancho Legajador Keepermate 20 unidades,3,Keepermate,20 unidades,Papeleria,7500,https://celestepapeleriayregalos.com/wp-content/uploads/2022/08/GANCHO-LEGAJADOR-X-20-.jpg
"Paquete de 2 Lápices, 1 Tajalapiz Plástico y 1 Borrador de Nata Pequeño N/A",1,Sin Marca,N/A,Papeleria,4500,https://comercialpapelera.com.co/tienda/3344-large_default/kit-faber-castell-lapiz-jumbo-blister-x-2und.jpg
Binder Clips /A,7,Sin Marca,/A,Papeleria,3200,https://jonan.com.co/cdn/shop/files/30725.jpg
Bajalenguas de Madera 20 unidades,1,Sin Marca,20 unidades,Papeleria,2800,https://copservir.vtexassets.com/arquivos/ids/1446411/BAJALENGUAS-MADERA-ALFA-SAFE_F.png
Palillos El Sol Punta Redonda N/A,360,El Sol,N/A,Papeleria,3500,https://www.todoaseo.com/wp-content/uploads/2017/01/PALILLO-REDONDO-X-180-UDS-REF-00673.jpg
Palillos El Sol N/A,1,El Sol,N/A,Papeleria,2200,https://ecommerce.surtifamiliar.com/backend/admin/backend/web/archivosDelCliente/items/images/Productos-Desechables-Palos-De-Madera-PALILLOS-EL-SOL-x180und-705220201112162302.jpg
Bisturí Grande Riel Metálico Offi-Esco N/A,3,Offi-Esco,N/A,Utiles de Oficina,12500,https://cdnx.jumpseller.com/la-cali/image/44238734/Bistur__Offi-Esco_Encauchetado.png
Corrector Offi-Esco Cinta N/A,1,Offi-Esco,N/A,Utiles de Oficina,4800,https://offiesco.com/wp-content/uploads/oe-265-1.jpg
Corrector de Cinta Offi-Esco 12M N/A,1,Offi-Esco,N/A,Utiles de Oficina,6200,https://elchiquitindelospreciosbajos.com/wp-content/uploads/2021/12/Corrector-de-Cinta-Profesional-Offi-Esco-12m-Ref.-OE-264-Azul-min-2.jpg
Corrector de Cinta Offi-Esco 20M N/A,1,Offi-Esco,N/A,Utiles de Oficina,8500,https://offiesco.com/wp-content/uploads/oe-265-1.jpg
Hojas de Bisturí 18mm 10 piezas,10,Sin Marca,10 piezas,Utiles de Oficina,5500,https://clientebhp7b0eo.com.co/backend/admin/backend/web/archivosDelCliente/items/images/2-HERRAMIENTAS-DE-CORTE-MANUAL-BISTURIES-Y-CUCHILLAS-PARA-BISTURI-CUCHILLA-PBISTURI-3PZS-18mm-STANLEY-545320221125160402.jpg
Hojas de Bisturí Pequeñas 10 piezas,1,Sin Marca,10 piezas,Utiles de Oficina,3800,https://cimexcolombiasas.com/wp-content/uploads/2020/10/HOJA-DE-BISTURI.jpg
Bisturí de Lujo Pequeño Offi-Esco N/A,3,Offi-Esco,N/A,Utiles de Oficina,9800,https://elchiquitindelospreciosbajos.com/wp-content/uploads/2021/12/Bisturi-de-Lujo-Pequeno-Offi-Esco-OE-110-Azul-Oscuro-Ref.-7709948859925-min-1.jpg
Borradores de Nata Pequeño Egar Mata N/A,24,Egar Mata,N/A,Utiles de Oficina,500,https://promayorista.com/cdn/shop/files/2616_4d2e7224-ce66-4e48-8c49-9595259680d6.jpg
Borradores de Nata Grande Egar Mata N/A,24,Egar Mata,N/A,Utiles de Oficina,900,https://www.papyser.com/catalogo/9614364.jpg
Tijeras Travel Scissors Stainless Steel N/A,1,Sin Marca,N/A,Utiles de Oficina,8500,https://m.media-amazon.com/images/I/51eEbxppw+L.jpg
Tijeras Mundial N/A,2,Mundial,N/A,Utiles de Oficina,16800,https://krika.vtexassets.com/arquivos/ids/155979/002002.jpg
"Tijeras ""Scissors"" N/A",1,Sin Marca,N/A,Utiles de Oficina,3500,"https://static.wixstatic.com/media/f5a409_8189ac3b3f6242239a140a2b3f46a609~mv2.jpg/v1/fit/w_500,h_500,q_90/file.jpg"
Tijeras Windmill N/A,1,Windmill,N/A,Utiles de Oficina,4200,https://luminososfluorescentes.com/1802-medium_default/tijeras-fluorescentes.jpg
Caja de Bandas de Caucho Bandescol N/A,1,Bandescol,N/A,Utiles de Oficina,8200,https://images.rappi.com/products/1646661767052_1646661764012.jpg
Cinta Transparente Delgada Mediana Colbon N/A,11,Colbon,N/A,Utiles de Oficina,18500,https://www.papyser.com/catalogo/1924012.jpg
Cinta Transparente Pequeña Colbon N/A,10,Colbon,N/A,Utiles de Oficina,14200,https://www.papyser.com/catalogo/1924012.jpg
Pegastick Pequeño Colbon 8g,3,Colbon,8g,Pegamentos,7800,https://olimpica.vtexassets.com/arquivos/ids/730306/Pegante-Colbon-Stick-Barra-X8G.jpg
Pegastick Pequeño Offi-Esco 10g,2,Offi-Esco,10g,Pegamentos,5200,https://www.suescun.com.co/wp-content/uploads/2021/06/15316.jpg
Colbon Pegante Universal 20g,3,Colbon,20g,Pegamentos,9500,https://exitocol.vteximg.com.br/arquivos/ids/27110116/Colbon-Universal-4070_a.jpg
Pegastick Colbon 21g,2,Colbon,21g,Pegamentos,6800,https://olimpica.vtexassets.com/arquivos/ids/730306/Pegante-Colbon-Stick-Barra-X8G.jpg
Pegante en Barra Offi-Esco 40g,1,Offi-Esco,40g,Pegamentos,4500,https://cdnx.jumpseller.com/la-cali/image/10885770/Pegante_en_barra_Offiesco_21_gr.png
Silicona Liquida Offi-Esco 100ml,3,Offi-Esco,100ml,Pegamentos,5000,"https://static.wixstatic.com/media/45ce85_5d421d60d67849f485e40ab0107bb412~mv2.jpg/v1/fit/w_500,h_500,q_90/file.jpg"
Pegante Universal Colbon 115g,3,Colbon,115g,Pegamentos,10000,https://comercialpapelera.com.co/tienda/1486-large_default/colbon-225gr.jpg
Ultraglue Offi-Esco 2g,15,Offi-Esco,2g,Pegamentos,3000,https://www.papeleriaelmayorista.com/wp-content/uploads/pegante-instantaneo-ultraglue-x12-offiesco.jpg
Astroglue Syperpega 8g,18,Astroglue,8g,Pegamentos,1300,https://infinita.com.co/wp-content/uploads/2022/02/727AS.jpg
Plastilina Mi Trensito de Colores 500g,12,Mi Trensito,500g,Manualidades,7000,https://acdn-us.mitiendanube.com/stores/399/204/products/plastinilina-mi-trensito-larga1-8c06b690b28d3319b315711532045835-640-0.png
Papel Higiénico Familia Expert 26 metros,17,Familia,26 metros,Papel Higienico,2600,https://carulla.vtexassets.com/arquivos/ids/21195666/Papel-Higienico-Expert-FAMILIA-300-mts-3153915_a.jpg
Scott 2 en 1 Papel Higiénico 29.7 metros,4,Scott,29.7 metros,Papel Higienico,2000,https://olimpica.vtexassets.com/arquivos/ids/1388599/7702425730151.jpg
Papel Higiénico Rosal Roja 26 metros,17,Rosal,26 metros,Papel Higienico,2700,https://olimpica.vtexassets.com/arquivos/ids/1531815/7702120013061.jpg
Papel Higiénico Elite Duo Amarillo 31 metros,11,Elite,31 metros,Papel Higienico,3000,https://en1ya.com/wp-content/uploads/2022/12/PAPEL-HIGIENICO-ELITE-DUO-AMARILLO-EL-ROLLOTE-X1-UNIDAD-1.jpg
Papel Higiénico Elite Duo Rojo 31 metros,18,Elite,31 metros,Papel Higienico,2400,https://en1ya.com/wp-content/uploads/2021/09/PAPEL-HIGIENICO-ELITE-DUO-ROLLAZO-X-UNID..png
Papel Higiénico Elite Duo Azul 31 metros,3,Elite,31 metros,Papel Higienico,2200,https://en1ya.com/wp-content/uploads/2023/06/PAPEL-HIGIENICO-ELITE-DUO-AZUL-X1-UNIDAD.jpg
Papel Higiénico Familia Más Suave (Morado) 23 metros,11,Familia,23 metros,Papel Higienico,2500,https://supermercadolaestacion.com/31823-large_default/papel-higenico-gfamilia-x4-rollos-expert.jpg
Papel Higiénico Familia Extra Contenido (Amarillo) 24 metros,6,Familia,24 metros,Papel Higienico,2500,https://merkadea.co/web/upload/imagen/producto/producto_588_231461303_1550955168.png
Papel Higiénico Green 25 metros,8,Green,25 metros,Papel Higienico,2000,https://exitocol.vtexassets.com/arquivos/ids/26766952/Papel-Higienico-Green-4-Rollos-FAMILIA-148-mts-3197293_a.jpg
Papel Higiénico Rosal Azul 26 metros,14,Rosal,26 metros,Papel Higienico,2600,https://paveca.com/wp-content/uploads/2023/01/RosalPlus420.jpg
Scott Suramax Toalla N/A,10,Scott,N/A,Toallas,10000,https://olimpica.vtexassets.com/arquivos/ids/1154783/7702425993730_1.jpg
Scott Megaabsorbente Toalla N/A,2,Scott,N/A,Toallas,8500,https://olimpica.vtexassets.com/arquivos/ids/822504/7702425810815.jpg
Nova Clásica Toalla N/A,2,Nova,N/A,Toallas,6800,https://mercalan.com.co/wp-content/uploads/2023/03/Diseno-sin-titulo-16.png
Cepillos/escobillas rojas N/A,1,Sin Marca,N/A,Aseo e Higiene,2500,https://tripleclean.com.co/wp-content/uploads/2024/12/LRES10_3.jpg
Estropajos metálicos N/A,10,Sin Marca,N/A,Aseo e Higiene,8500,https://shopyclean.com/771-thickbox_default/estropajo-metalico-40-grs-pack-12-unidad.jpg
Esponjas verdes N/A,6,Sin Marca,N/A,Aseo e Higiene,4200,https://berpaadmin.com.co/backend/admin/backend/web/archivosDelCliente/items/images/4904-ASEO-HOGAR-ESPONJAS-Y-PANOS-ESPONJA-VERDE-ABRASIVA-X-3-490420230810180102.jpg
Cepillos varios (plásticos) N/A,10,Sin Marca,N/A,Aseo e Higiene,4000,"https://m.media-amazon.com/images/I/61mIqbojTxS._AC_UF1000,1000_QL80_.jpg"
Trapeadores/mopas N/A,2,Sin Marca,N/A,Aseo e Higiene,18000,https://dojiw2m9tvv09.cloudfront.net/53108/product/mopa-industrial-tiras-microfibra-pla4038.jpg
Papel Higiénico Familia N/A,1,Familia,N/A,Aseo e Higiene,4200,https://habibdroguerias.vtexassets.com/arquivos/ids/170053/200042793.jpg
Toallas Higiénicas Winny 26 metros,6,Winny,26 metros,Aseo e Higiene,15000,https://vaquitaexpress.com.co/media/catalog/product/cache/e89ece728e3939ca368b457071d3c0be/7/7/7701021145949_32.jpg
Toallas Cocina/Paños Scott N/A,3,Scott,N/A,Aseo e Higiene,9500,https://www.mgk.com.co/mgk-web/wp-content/uploads/2019/02/TOALLA-DE-COCINA-QQQ.jpg
Servilletas Suavel N/A,6,Suavel,N/A,Aseo e Higiene,5000,"https://res.cloudinary.com/riqra/image/upload/w_656,h_656,c_limit,q_auto,f_auto/v1661192315/sellers/10/lqyaztymlz4lgrpxvvet.jpg"
Servilletas Familia N/A,2,Bimbo,N/A,Aseo e Higiene,5500,https://olimpica.vtexassets.com/arquivos/ids/1762311/7702026200855_1.jpg
Leche entera alqueria 1.3 l,2,Alqueria,1.3 l,Panaderia,6000,https://olimpica.vtexassets.com/arquivos/ids/1120739/7702177022733.jpg
Leche deslactosada alqueria 1.3 l,2,Alqueria,1.3 l,Panaderia,5200,https://exitocol.vtexassets.com/arquivos/ids/24648901/Leche-Deslactosada-En-Bolsa-X-1300-ml-65827_a.jpg
"Leche descremada alqueria 1,1 l",2,Alqueria,"1,1 l",Panaderia,7300,https://exitocol.vtexassets.com/arquivos/ids/24648895/Leche-Descremada-En-Bolsa-X-11-Litros-64453_a.jpg
Leche entera Colanta 1.3 l,2,Colanta,1.3 l,Panaderia,6000,https://olimpica.vtexassets.com/arquivos/ids/1120739/7702177022733.jpg
Leche deslactosada Colanta 1.3 l,2,Colanta,1.3 l,Panaderia,6200,https://exitocol.vtexassets.com/arquivos/ids/24648901/Leche-Deslactosada-En-Bolsa-X-1300-ml-65827_a.jpg
"Leche descremada Colanta 1,1 l",2,Colanta,"1,1 l",Panaderia,7000,https://exitocol.vtexassets.com/arquivos/ids/24648895/Leche-Descremada-En-Bolsa-X-11-Litros-64453_a.jpg
Costeña Original Vidrio 330 ML,24,Costeña,330 ML,Bebidas Alcoholicas,3500,https://exitocol.vtexassets.com/arquivos/ids/24648895/Leche-Descremada-En-Bolsa-X-11-Litros-64453_a.jpg
Poker Vidrio 330ml,24,Poker,330 ML,Bebidas Alcoholicas,3500,https://exitocol.vtexassets.com/arquivos/ids/24648895/Leche-Descremada-En-Bolsa-X-11-Litros-64453_a.jpg
Poker Vidrio 750ml,24,Poker,750 ML,Bebidas Alcoholicas,4500,https://exitocol.vtexassets.com/arquivos/ids/24648895/Leche-Descremada-En-Bolsa-X-11-Litros-64453_a.jpg
Costeña Original Vidrio 750 ML,24,Costeña,750 ML,Bebidas Alcoholicas,4000,https://exitocol.vtexassets.com/arquivos/ids/24648895/Leche-Descremada-En-Bolsa-X-11-Litros-64453_a.jpg
Águila Original Vidrio 330 ML,24,Águila,330 ML,Bebidas Alcoholicas,2600,https://exitocol.vtexassets.com/arquivos/ids/24648895/Leche-Descremada-En-Bolsa-X-11-Litros-64453_a.jpg
Águila Original Vidrio 750 ML,24,Águila,750 ML,Bebidas Alcoholicas,4700,https://exitocol.vtexassets.com/arquivos/ids/24648895/Leche-Descremada-En-Bolsa-X-11-Litros-64453_a.jpg
Águila light Vidrio 330 ML,24,Águila,330 ML,Bebidas Alcoholicas,3500,https://exitocol.vtexassets.com/arquivos/ids/24648895/Leche-Descremada-En-Bolsa-X-11-Litros-64453_a.jpg
Águila light Vidrio 750 ML,24,Águila,750 ML,Bebidas Alcoholicas,4700,https://exitocol.vtexassets.com/arquivos/ids/24648895/Leche-Descremada-En-Bolsa-X-11-Litros-64453_a.jpg
Club Colombia dorada vidrio 330 ML,24,Club Colombia,330 ML,Bebidas Alcoholicas,4000,https://exitocol.vtexassets.com/arquivos/ids/24648895/Leche-Descremada-En-Bolsa-X-11-Litros-64453_a.jpg
Club Colombia dorada vidrio 850 ML,24,Club Colombia,850 ML,Bebidas Alcoholicas,7400,https://exitocol.vtexassets.com/arquivos/ids/24648895/Leche-Descremada-En-Bolsa-X-11-Litros-64453_a.jpg
Club Colombia negra vidrio 330 ML,24,Club Colombia,330 ML,Bebidas Alcoholicas,3800,https://exitocol.vtexassets.com/arquivos/ids/24648895/Leche-Descremada-En-Bolsa-X-11-Litros-64453_a.jpg
Club Colombia roja vidrio 330 ML,24,Club Colombia,330 ML,Bebidas Alcoholicas,3000,https://exitocol.vtexassets.com/arquivos/ids/24648895/Leche-Descremada-En-Bolsa-X-11-Litros-64453_a.jpg