Producto,Cantidad,Marca,Tamaño,Categoría,Precio,Imagen
Bombillo StarLite 50W,10,Star Lite Led,Unidad,Accesorios,2900,a
Bombillo Eveready 60W,1,Eveready,Unidad,Accesorios,3200,a
Bombillo Majuluz 5W,1,Majuluz,Unidad,Accesorios,3600,a
Bombillo Nrline 100W,1,Nrline,Unidad,Accesorios,3000,a
Bombillo Rayovac 120V,1,Rayovac,Unidad,Accesorios,3600,a
Bombillo Santa Blanca Led 8W,1,Santa Blanca,Unidad,Accesorios,8400,a
Bombillos Nalpilux 15W,3,Nalpilux,Unidad,Accesorios,7600,a
Bombillos Philips 8W,10,Philips,Unidad,Accesorios,3200,a
Bombillos Philips 12W,10,Philips,Unidad,Accesorios,4200,a
Bombillos Probelco 3W,3,Probelco,Unidad,Accesorios,5000,a
Bombillos San Jorge 110W,3,San Jorge,Unidad,Accesorios,4000,a
Bombillos Sylvania 150w,8,Sylvania,Unidad,Accesorios,3500,a
Aguardiente Botella Antioqueño Azul Sin Azucar 750 ml,6,Antioqueño,750ml,Aguardiente,62000,a
Aguardiente Botella Antioqueño Verde Sin Azucar 750 ml,6,Antioqueño,750ml,Aguardiente,55000,a
Aguardiente Botella Antioqueño Rojo 750 ml,6,Antioqueño,750ml,Aguardiente,60000,a
Aguardiente Media Antioqueño Azul Sin Azucar 375ml,6,Antioqueño,375ml,Aguardiente,34000,a
Aguardiente Media Antioqueño Rojo 375ml,6,Antioqueño,375ml,Aguardiente,33000,a
Aguardiente Media Antioqueño Verde Sin azúcar 375ml,6,Antioqueño,375ml,Aguardiente,29000,a
Aguardiente Garrafa Nectar Original Rojo 2000 ml,3,Néctar,2000 ml,Aguardiente,118600,a
Copa Aguardiente Nectar Original Rojo ,100,Néctar,Unidad,Aguardiente,3000,a
Aguardiente Caja Nectar Rojo Cuarto 250ml,10,Néctar,250 ml,Aguardiente,14000,a
Aguardiente Caja Nectar Azul Sin Azucar Cuarto 250ml,10,Néctar,250 ml,Aguardiente,15600,a
Aguardiente Caja Nectar Verde Sin Azucar Cuarto 250ml,10,Néctar,250 ml,Aguardiente,15800,a
Aguardiente Caja Litro  Nectar Verde Club Sin Azucar 500ml,3,Néctar,500ml,Aguardiente,31750,a
Aguardiente Botella Néctar Azul 750 ml,3,Néctar,750ml,Aguardiente,53600,a
Aguardiente Néctar Verde Club Sin Azúcar 1000 ml,2,Néctar,1000 ml,Aguardiente,61000,a
Aguardiente Néctar Verde Club Sin Azúcar 750 ml,2,Néctar,750 ml,Aguardiente,49000,a
Aguardiente Media Nectar Azul Sin Azucar 375ml,8,Néctar,375ml,Aguardiente,28300,a
Aguardiente Media Nectar Rojo 375ml,2,Néctar,375ml,Aguardiente,23800,a
Aguardiente Botella Néctar Rojo Original 750 ml,7,Néctar,750 ml,Aguardiente,48.000,a
Aguardiente Botella Néctar Sin Azúcar Edición Millonarios 750 ml,1,Néctar,750ml,Aguardiente,54000,a
Aguardiente Media Nectar Verde Club Sin Azúcar 375 ml,3,Néctar,375ml,Aguardiente,25500,a
Aguardiente Caja Néctar Azul 1L,3,Néctar,1 L,Aguardiente,67200,a
Aguardiente Botella Cristal sin azúcar 750ml,14,Cristal,750ml,Aguardiente,41000,a
Aguardiente real 1493 375ml,9,Real,375ml,Aguardiente,72000,a
Aceite de Soya Botella 120 ml,25,Aceite de Soya,Unidad,Alimentos,1800,a
Aceite de Soya Botella 250 ml,25,Aceite de Soya,Unidad,Alimentos,3000,a
Palomitas de Maiz Mantequilla Extra ACT || Paquete 80 g,2,Act ||,Unidad,Alimentos,5700,a
Palomitas de Maiz Mantequilla ACT || Paquete 80 g,2,Act ||,Unidad,Alimentos,5700,a
 Sopa con Fideos Aji-no-men Sabor a carne 80g,9,Aji-no-men,Unidad,Alimentos,3200,a
 Sopa con Fideos Aji-no-men Sabor a Costilla de res 80g,9,Aji-no-men,Unidad,Alimentos,3200,a
 Sopa con Fideos Aji-no-men Sabor a Gallina 80g,9,Aji-no-men,Unidad,Alimentos,3200,a
 Sopa con Fideos Aji-no-men Sabor a Gallina Criolla 80g,9,Aji-no-men,Unidad,Alimentos,3200,a
 Sopa con Fideos Aji-no-men Sabor a Oriental 80g,9,Aji-no-men,Unidad,Alimentos,3200,a
 Sopa con Fideos Aji-no-men Sabor a Pollo 80g,9,Aji-no-men,Unidad,Alimentos,3200,a
 Sopa con Fideos Aji-no-men Sabor a Pollo con Verduras 80g,9,Aji-no-men,Unidad,Alimentos,3200,a
Atún y Ensalada Natural Alamar 160g,7,Alamar,Unidad,Alimentos,6600,a
Atún en Aceite de Girasol Bary Lata 160g,15,Bary,Unidad,Alimentos,7500,a
Atún en Agua Bary Lata 160g,15,Bary,Unidad,Alimentos,7500,a
Salchichas Viena Tarro Bary 150 gr,1,Bary,Unidad,Alimentos,5600,a
Vinagreta Bary Paquete 200g,15,Bary,Unidad,Alimentos,4900,a
Vinagreta Bary Paquete 110g,15,Bary,Unidad,Alimentos,2500,a
Salsa Rosada Bary Paquete 110g,15,Bary,Unidad,Alimentos,2200,a
Salsa de BBQ Bary Paquete 170g,15,Bary,Unidad,Alimentos,3500,a
Salsa de Mayonesa Bary Paquete 110g,15,Bary,Unidad,Alimentos,2200,a
Salsa de Mayonesa Bary Paquete 150g,15,Bary,Unidad,Alimentos,2800,a
Salsa de Tomate Bary Paquete 43g,15,Bary,Unidad,Alimentos,800,a
Salsa de Tomate Bary Paquete 150g,15,Bary,Unidad,Alimentos,2800,a
Salsa de Tomate Bary Paquete 110g,15,Bary,Unidad,Alimentos,2200,a
Salsa de BBQ Bary Paquete 110g,15,Bary,Unidad,Alimentos,2200,a
Salsa de Ajo Bary Paquete 100g,15,Bary,Unidad,Alimentos,2500,a
Salsa con Aji Bary Botella 155ml,15,Bary,Unidad,Alimentos,3500,a
Salsa Humo Bary Botella 155ml,15,Bary,Unidad,Alimentos,3300,a
Salsa China Bary Botella 155ml,15,Bary,Unidad,Alimentos,3200,a
Salsa Soya Bary Botella 155ml,15,Bary,Unidad,Alimentos,3200,a
Salsa Negra Bary Botella 155ml,15,Bary,Unidad,Alimentos,3200,a
Aceite Vegetal de Soya BonLife Botella 1000ml,30,Bon Life,Unidad,Alimentos,11400,a
Chocolate en Pastilla Quesada Clavos y Canela Casa Lucker 250 g,1,Casa Luker,Unidad,Alimentos,7900,a
Chocolate en Pastilla Tradicional Sol 250g,8,Casa Luker,Unidad,Alimentos,7900,a
Chocolate en Pastilla Sin Azucar 112g,15,Casa Luker,Unidad,Alimentos,11000,a
Chocolate en Polvo Luker Cocoa Premium 100g,15,Casa Luker,Unidad,Alimentos,4600,a
Chocolate en Pastilla Sol 25g ,9,Casa Luker,Unidad,Alimentos,1000,a
Chocolate en Pastilla Sol 400g ,9,Casa Luker,Unidad,Alimentos,11600,a
Chocolate en Pastilla Tradicional Corona 250 g,5,Chocolate Corona,Unidad,Alimentos,8750,a
Mantequilla Claro Barra 125g,30,Claro,Unidad,Alimentos,1600,a
Atún en Agua Pan Lata 98g,15,Comapan,Unidad,Alimentos,6600,a
Pan Blanco Tajado ComaPan Mediano 420g ,5,Comapan,Unidad,Alimentos,5700,a
Comapancitos Mantequilla Paquete Comapan 230g,15,Comapan,Unidad,Alimentos,4700,a
Conchitas Comarrico Paquete 250g,20,Comarrico,Unidad,Alimentos,1800,a
Spaguetti Comarrico Paquete 250g,20,Comarrico,Unidad,Alimentos,1800,a
Caracol Comarrico Paquete 190g,20,Comarrico,Unidad,Alimentos,1800,a
Crema de Mariscos De La Abuela Paquete 70g,10,De la abuela,Unidad,Alimentos,3500,a
Gelatina De La Abuela Sabor a Limón Caja 16g,15,De la abuela,Unidad,Alimentos,1700,a
 Sopa de pollo y fideos De La Abuela Bolsa 70g,2,De la abuela,Unidad,Alimentos,2500,a
Natilla de la abuela Coco Caja 300 g,5,De la abuela,Unidad,Alimentos,6800,a
Natilla de la abuela Maracuyá Caja 300 g,4,De la abuela,Unidad,Alimentos,6900,a
Avena Molida De La Abuela Bolsa 130g,25,De la Abuela,Unidad,Alimentos,1300,a
Avena Orjuelas De La Abuela Bolsa 130g,25,De la Abuela,Unidad,Alimentos,1300,a
Cuchuco de Maíz Del Cultivo 500g,3,Del Cultivo,Unidad,Alimentos,2400,a
Maiz Pira Natural Diana 500 g,1,Diana,Unidad,Alimentos,2800,a
Harina Maíz Sabor a Arepas de Choclo 500 g,2,Diana,Unidad,Alimentos,6500,a
Harina Maíz Blanco Diana Bolsa 500 g,2,Diana,Unidad,Alimentos,2300,a
Arroz Diana Premium Bolsa 500g,25,Diana,Unidad,Alimentos,3000,a
Arroz Diana Traidicional Bolsa 500g,25,Diana,Unidad,Alimentos,2300,a
Arroz Diana Coco Bolsa 500g,25,Diana,Unidad,Alimentos,3100,a
Arroz Diana Integral Bolsa 500g,25,Diana,Unidad,Alimentos,3200,a
Aceite Vegetal Diana Botella 250ml,25,Diana,Unidad,Alimentos,3000,a
Bicarbonato de Sodio Don Magolo Bolsa 500g,15,Don Magolo,Unidad,Alimentos,6800,a
Vinagre Don magolo 250ml,2,Don Magolo,Unidad,Alimentos,1600,a
Vinagre Don magolo Blanco 500ml,6,Don Magolo,Unidad,Alimentos,3100,a
Aji Don Prospero Tarro 100g,15,Don Próspero,Unidad,Alimentos,2100,a
Pasta de Ajo Don Prospero Tarro 100g,15,Don Próspero,Unidad,Alimentos,2000,a
Cubo Doña Gallina,25,Doña Gallina,Unidad,Alimentos,500,a
Macarrón Largo Doria Paquete 250 g,6,Doria,Unidad,Alimentos,2300,a
Spaghetti Doria Paquete 250 g,9,Doria,Unidad,Alimentos,2300,a
Fideos Doria Paquete 250 g,9,Doria,Unidad,Alimentos,2300,a
Sopa de Lenteja Durema Caja 120 gr,9,Durema,Unidad,Alimentos,3600,a
Mogollas Integrales El Carriel  400 gr,6,El Carriel,Unidad,Alimentos,5600,a
Arepas de Maiz El Carriel Paquete 3  Unidades,200,El Carriel,Unidad,Alimentos,1600,a
Arepas de Maiz El Carriel Paquete 10 Unidades,200,El Carriel,Unidad,Alimentos,4500,a
Arepa Choricera Paquete 10 Unidades 900g ,10,El Carriel,Unidad,Alimentos,3600,a
Pan Tajado El Nuevo Milenio 180g,200,El Nuevo Milenio ,Unidad,Alimentos,2500,a
Durazno en Almibar El prado Tarrito 260g,10,El Prado,Unidad,Alimentos,5500,a
Aceite De Oliva Extra Virgen Botella 250 ml,25,Extra Virgen,Unidad,Alimentos,21200,a
Florhuila Arroz Bolsa 500 gr,8,Florhuila,Unidad,Alimentos,2400,a
Mantequilla Frida Barra 125 gr,4,Frida,Unidad,Alimentos,1800,a
Salsa de Mayonesa Fruco Sobre 120g,25,Fruco,Unidad,Alimentos,3000,a
Salsa de Mayonesa Fruco Sobre 80g,25,Fruco,Unidad,Alimentos,2200,a
Salsa de Tomate Fruco Sobre 120g,25,Fruco,Unidad,Alimentos,3000,a
Pasta de Tomate Fruco Sobre 200g,25,Fruco,Unidad,Alimentos,1500,a
Salsa Mayo Frugal Sobre 80g,25,Frugal,Unidad,Alimentos,1200,a
Salsa de Tomate Frugal Sobre 80g,25,Frugal,Unidad,Alimentos,1200,a
Salsa de Tomate Frugal Sobre 120g,25,Frugal,Unidad,Alimentos,1500,a
Salsa Mayonesa Frugal Sobre 120g,25,Frugal,Unidad,Alimentos,2100,a
Salsa BBQ Frugal Sobre 120g,25,Frugal,Unidad,Alimentos,2100,a
Mermelada de Piña Frugal Sobre 80g,25,Frugal,Unidad,Alimentos,1700,a
Gelatina Frutiño sabor a frambuesa Caja 14g,9,Frutiño,Unidad,Alimentos,1800,a
Gelatina Frutiño Sabor a Limón Caja 14g,2,Frutiño,Unidad,Alimentos,1800,a
Gelatina Frutiño Sin Sabor Caja 15g,7,Frutiño,Unidad,Alimentos,1600,a
Spaguetti Paquete Fusión 250g,15,Fusión,Unidad,Alimentos,1500,a
Aceite Mezcla de Vegetales Fusión Tarro 420ml,30,Fusión,Unidad,Alimentos,5200,a
Gelatina Sin Sabor Gerhada Caja 30g ,15,Gerhada,Unidad,Alimentos,3600,a
Cerezas en Almíbar Gran Union Tarro 125 g,2,Gran Union,Unidad,Alimentos,6400,a
Mantequilla Gusosita Barra 125g,30,Gustosita,Unidad,Alimentos,2000,a
Aceite Vegetal de Soya Gustosito Botella 250ml,30,Gustosito,Unidad,Alimentos,3300,a
Brownie Mama-ia arequipe 100g,8,Harinera del valle,Unidad,Alimentos,4200,a
Harina de Trigo Haz de Oros 500 g,4,Haz de Oros,Unidad,Alimentos,2100,a
Pastills de Panela Hernández 240g,2,Hernández,Unidad,Alimentos,2000,a
Pastilla de Panela Hernández 500 g,48,Hernández,Unidad,Alimentos,4000,a
Aromatica Apio Hindu Caja 20 Unidades 18g,30,Hindu,Unidad,Alimentos,3900,a
Aromatica Cidrón Hindu Caja 20 Unidades 18g,30,Hindu,Unidad,Alimentos,3900,a
Aromatica Anis Hindu Caja 20 Unidades 18g,30,Hindu,Unidad,Alimentos,3900,a
Aromatica Toronjil Hindu Caja 20 Unidades 18g,30,Hindu,Unidad,Alimentos,3900,a
Aromatica Te Original Hindu Caja 25 Unidades 40g,30,Hindu,Unidad,Alimentos,8000,a
Aromatica Té Original Hindu Sobre Unidad,30,Hindu,Unidad,Alimentos,400,a
Aromatica Té Negro Premium Hindu Sobre Unidad,30,Hindu,Unidad,Alimentos,700,a
Aceite de Oliva Ibañez Gourmet Botella 500ml,30,Ibañez Gourmet,Unidad,Alimentos,18900,a
Azúcar Incacuca Organica Paquete 800g,7,Incauca,Unidad,Alimentos,4200,a
Azúcar Incauca Bolsa 1kg,8,Incauca,Unidad,Alimentos,6000,a
Azúcar Incauca Morena Bolsa 500g,1,Incauca,Unidad,Alimentos,3000,a
Azúcar Incauca Bolsa 500g,1,Incauca,Unidad,Alimentos,3000,a
Sobre Instacrem 4g,30,Instacrem,Unidad,Alimentos,300,a
 Atún Aceite de girasol Isabel 142g,8,Isabel,Unidad,Alimentos,7100,a
 Atún Aceite de girasol Isabel 160g,8,Isabel,Unidad,Alimentos,7800,a
Te Verde Jaibel Sobre Unidad ,30,Jaibel,Unidad,Alimentos,700,a
Te Verde Jaibel Caja 20 Unidades 30g,30,Jaibel,Unidad,Alimentos,13400,a
Kola Granulada Tarrito Rojo Sobre 25g,30,Jgb,Unidad,Alimentos,2100,a
Unidad Huevo Jumbo Kikes,200,Kikes,Unidad,Alimentos,800,a
Cubeta Huevo Jumbo Kikes ,200,Kikes,Unidad,Alimentos,15000,a
Unidad XL Huevo Jumbo Kikes ,200,Kikes,Unidad,Alimentos,600,a
Cubeta XL Huevo Jumbo Kikes ,200,Kikes,Unidad,Alimentos,16500,a
Unidad L Huevo Jumbo Kikes ,200,Kikes,Unidad,Alimentos,550,a
Cubeta L Huevo Jumbo Kikes ,200,Kikes,Unidad,Alimentos,15500,a
Dulce de Guayaba La constancia Paquete 200g,3,La Constancia,Unidad,Alimentos,5700,a
Chocolate en Pastilla Tradicional La Especial 25g,9,La Especial,Unidad,Alimentos,1000,a
Mantequilla La Fina Barra 125 gr,4,La Fina,Unidad,Alimentos,2600,a
Conchas La Muñeca Paquete 200 g,7,La Muñeca,200 gr,Alimentos,1600,a
Cabellode Angel La Muñeca Paquete 250 g,10,La Muñeca,Unidad,Alimentos,2100,a
Fideos La Muñeca Paquete 200 g,10,La Muñeca,Unidad,Alimentos,1600,a
Spaghetti La Muñeca Paquete 200 g,10,La Muñeca,Unidad,Alimentos,1600,a
Pescado En Salsa de Tomate La soberana 155g,3,La soberana,Unidad,Alimentos,4700,a
Esencia de Vainilla Blanca Levapan Tarrito 60ml,30,Levapan,Unidad,Alimentos,4600,a
Polvo para hornear Levapan 20g,30,Levapan,Unidad,Alimentos,2000,a
Cubo Caldo de Gallina Maggi 11g,20,Maggi,Unidad,Alimentos,500,a
Salsa Queso Toleas para Pasta Sobre 250g,20,Maggi,Unidad,Alimentos,900,a
Sobre de Caldo de Gallina Desmenuzado 9g,20,Maggi,Unidad,Alimentos,500,a
Cubo Caldo con Costilla Maggi 11g,20,Maggi,Unidad,Alimentos,500,a
Crema de Tomate Maggi 76 gr,20,Maggi,Unidad,Alimentos,3800,a
Crema de Pollo Maggi 76 gr,20,Maggi,Unidad,Alimentos,3800,a
Crema de Champiñones Maggi 76 gr,20,Maggi,Unidad,Alimentos,3800,a
Crema de Pollo con Champiñones Maggi 76 gr,20,Maggi,Unidad,Alimentos,3800,a
Crema marinera Maggi 76 gr,20,Maggi,Unidad,Alimentos,3800,a
Base Salsa Bechamel 250g ,15,Maggi,Unidad,Alimentos,4900,a
Base Salsa Pollo con Champiñones 250g ,15,Maggi,Unidad,Alimentos,4900,a
Base Salsa Gulash 250g ,15,Maggi,Unidad,Alimentos,4900,a
Base Salsa Napolitana Maggi 250g ,15,Maggi,Unidad,Alimentos,4900,a
Maizena La Original Caja Grande 380 g,1,Maizena,Unidad,Alimentos,13500,a
Maizena La Original Caja 90 g,1,Maizena,Unidad,Alimentos,3500,a
Lenteja Maritza Linea Premium Bolsa 454g,9,Maritza,Unidad,Alimentos,4400,a
Maiz Peto Maritza Linea Premium Bolsa 454g,9,Maritza,Unidad,Alimentos,1900,a
Maiz Pira Pop Corn Maritza Bolsa 200g,20,Maritza,Unidad,Alimentos,1400,a
Azúcar Mayagüez Bolsa 1000g,2,Mayagüez,Unidad,Alimentos,6000,a
Natilla Tradicional Mi Dia Caja 200 g,7,Mi Dia,Unidad,Alimentos,3800,a
Garbanzos Midia Bolsa 460g,10,MiDia,Unidad,Alimentos,4100,a
Conservas de Pescado en Salsa de Tomate Lata MiDia 144g ,7,MiDia,Unidad,Alimentos,4300,a
 Tarro Duraznos en Mitades Mi Dia 425 g,6,Midia,Unidad,Alimentos,8000,a
Maiz Pira Midia Bolsa 460g,25,Midia,Unidad,Alimentos,2800,a
Avena en Horjuelas Midia Bolsa 200g,20,Midia,Unidad,Alimentos,2000,a
Aceite de Vegetales Midia Botella 900ml,30,Midia,Unidad,Alimentos,10100,a
Aromatics de Manzanilla Midia Caja 20 Unidades 15g,30,Midia,Unidad,Alimentos,2100,a
Chocolate en Sobre Milo 100g,15,Milo,Unidad,Alimentos,5100,a
Mantequilla Natura Barra 60 gr,9,Natura,Unidad,Alimentos,700,a
Leche condensada La Lechera Nestle Paquete 90g,20,Nestle,Unidad,Alimentos,3400,a
Sobre Leche Klim Nestle 26g,40,Nestle,Unidad,Alimentos,1500,a
Crema de leche Nestle Sobre 90g,15,Nestlé,Unidad,Alimentos,3100,a
Harina de Maiz Pan Blanco 1000 g,6,Pan,Unidad,Alimentos,3700,a
Harina de Maiz Pan Blanco 500 g,6,Pan,Unidad,Alimentos,2200,a
Harina de Maiz Pan Amarillo 1000 g,6,Pan,Unidad,Alimentos,3700,a
Harina de Maiz Pan Amarillo 500 g,6,Pan,Unidad,Alimentos,2200,a
FIdeos Pan Bolsa 200g,25,Pan,Unidad,Alimentos,1800,a
Harina de maíz Amarillo Promasa Bolsa 500 gr,6,Promasa,Unidad,Alimentos,2300,a
Harina de maíz Blanco Promasa Bolsa 500 gr,4,Promasa,Unidad,Alimentos,2300,a
Aven Molida Quacker Bolsa 115g,20,Quaker,Unidad,Alimentos,1500,a
Mantequilla Rama Barra 125 gr,10,Rama,Unidad,Alimentos,2400,a
Sal Refisal Marina 400g,9,Refisal,Unidad,Alimentos,2200,a
Sal Refisal Bolsa 500g,1,Refisal,Unidad,Alimentos,1400,a
Sal Refisal Bolsa 1kg,14,Refisal,Unidad,Alimentos,2600,a
Tarro Salchicha Viena 150g,4,Rica,Unidad,Alimentos,4600,a
Arroz Blanco Rica Sopa Bolsa 500g,4,Rica Sopa,Unidad,Alimentos,1900,a
Aceite Sabor a Mantequilla Riquisimo Botella 250 ml,30,Riquísimo,Unidad,Alimentos,3300,a
Arroz Roa Bolsa 500g,29,Roa,Unidad,Alimentos,2400,a
Mermelada de Fresa San Jorge Paquete 90g,2,San Jorge,Unidad,Alimentos,2000,a
San Jorge vinagre blanco 500ml,4,San Jorge,500ml,Alimentos,4500,a
Spaghetti San Remo Paquete 250 g,10,San Remo,Unidad,Alimentos,1200,a
 Sirope Sabor a Miel San romo Tarrito  50g,5,San Romo,Unidad,Alimentos,1100,a
Super Pan Perro Santa Clara 400g,9,Santa Clara,Unidad,Alimentos,4500,a
Tostadas Sabor Mantequilla El Carriel 160g,3,Santa Clara,Unidad,Alimentos,3700,a
Miga de Pan Paquete Santa Clara 200 g,10,Santa Clara,Unidad,Alimentos,3700,a
Aceite Vegetal Soy Soya Botella 250ml,30,Soy Soya,Unidad,Alimentos,3100,a
Chocolate en Pastilla Tradicional Super Lider 31 g,1,Super Lider,Unidad,Alimentos,800,a
Atún con Frijoles y Maiz Lata 150g,15,VanCamps,Unidad,Alimentos,6100,a
Atún en Aceite de Girasol Lata 80g,2,VanCamps,Unidad,Alimentos,3800,a
Atún en Aceite de Girasol VanCamps 425g,4,VanCamps,Unidad,Alimentos,11500,a
Atún en Aceite de Girasol Lata VanCamps 160g ,4,VanCamps,Unidad,Alimentos,7200,a
Pescado en Salsa de Tomate VanCamps 170g,4,VanCamps,Unidad,Alimentos,6000,a
Pescado en Salsa de Tomate VanCamps 225g,6,VanCamps,Unidad,Alimentos,6500,a
Aceite Vivi Botella 250ml,30,Vivi,Unidad,Alimentos,3200,a
Aceite Vivi Botella 500ml,30,Vivi,Unidad,Alimentos,5900,a
Comida Purina Dog Chow Paquete 350g,20,Dog Show,Unidad,Alimento para Mascotas,4000,a
Dogourmet Adultos 2 Proteinas Paquete 350g,15,Dogourmet,Unidad,Alimento para Mascotas,3700,a
Dogourmet Adultos Sabor a la Parrila Paquete 350g,15,Dogourmet,Unidad,Alimento para Mascotas,3400,a
Don Kat 500g,2,Don Kat,Unidad,Alimento para Mascotas,5200,a
Gatsy Adultos Sabor Pescado y Salmon 500g,20,Gatsy,Unidad,Alimento para Mascotas,5900,a
Gatsy Sabores Caseros 250g,1,Gatsy,Unidad,Alimento para Mascotas,3000,a
Gatsy Sabor Mix de Carnes 500g,20,Gatsy,Unidad,Alimento para Mascotas,7100,a
Alimento para Aves Maritza 460g,2,Maritza,Unidad,Alimento para Mascotas,2700,a
Comida Cachorros Nutriss Sabor a Leche Paquete 500g,10,Nutriss,Unidad,Alimento para Mascotas,4600,a
Comida Adultos Nutriss Sabor a Pollo y Vegetales Paquete 500g,10,Nutriss,Unidad,Alimento para Mascotas,3800,a
Comida Adultos Nutriss Sabor a Carne y Vegetales Paquete 500g,10,Nutriss,Unidad,Alimento para Mascotas,3800,a
Comida Perros Purina Alpo Paquete 400g,15,Purina,Unidad,Alimento para Mascotas,3200,a
Purina Felix 85g Gatos,20,Purina,Unidad,Alimento para Mascotas,2500,a
Croquetas Fuente de Proteina Ringo Paquete 500g,10,Ringo,Unidad,Alimento para Mascotas,3200,a
Comida Cachorros Ringo Paquete 500g,10,Ringo,Unidad,Alimento para Mascotas,3600,a
123 Limón 500ml,7,123,500 ml,Aseo e Higiene,3300,a
Jabon en Polvo 3D Multiusos + Bicarbonato Bolsa 125g,20,3D,Unidad,Aseo e Higiene,1500,a
Jabon en Polvo 3D Multiusos + Bicarbonato Bolsa 500g,20,3D,Unidad,Aseo e Higiene,4500,a
Jabon en Polvo AK1 Floral Bolsa 180g,15,AK1,Unidad,Aseo e Higiene,2200,a
Jabon en Polvo AK1 Con Suavizante Manzana Verde Bolsa 450g,15,AK1,Unidad,Aseo e Higiene,5500,a
Jabon en Polvo Ariel Triple Poder Bolsa 225g,20,Ariel,Unidad,Aseo e Higiene,3200,a
Jabon en Polvo Ariel Triple Poder Bolsa 100g,20,Ariel,Unidad,Aseo e Higiene,1600,a
Jabon en Polvo Ariel Triple Poder Bolsa 1kg,15,Ariel,Unidad,Aseo e Higiene,14000,a
Jabon en Polvo Ariel Triple Poder Bolsa 450g,15,Ariel,Unidad,Aseo e Higiene,6000,a
Jabon en Polvo Ariel Triple Poder Bolsa 700g ,20,Ariel,Unidad,Aseo e Higiene,9200,a
Suavizante para ropa Aromatel 90ml,20,Aromatel,Unidad,Aseo e Higiene,1000,a
Aromax frutos rojos 180ml,20,Aromax,180ml,Aseo e Higiene,1800,a
Aromax lavanda  botella 500 ml,20,Aromax,500 ml,Aseo e Higiene,4500,a
Aromax manzana verde y citronela 180ml,20,Aromax,180ml,Aseo e Higiene,1800,a
Aromax limpiapisos lavanda sobre 40ml,20,Aromax,40ml,Aseo e Higiene,700,a
Marca Axion 235gr Lavaplatos en Crema Limón,5,Axion,235gr,Aseo e Higiene,3500,a
Limpiador Multiusos Biovarsol Botella y Desinfectante RSE 500ml ,2,Biovarsol,Unidad,Aseo e Higiene,9500,a
Desmanchador Ropa Color Blancox Botella 500ml,2,Blancox,Unidad,Aseo e Higiene,3400,a
Blancox Desengrasante Cocina Limón Fusión 500ml,20,Blancox,500ml,Aseo e Higiene,4100,a
Esponjillon Pague 6 Lleve 8Bombril,25,Bombril,Unidad,Aseo e Higiene,3000,a
Esponjillon Bombril Unidad,25,Bombril,Unidad,Aseo e Higiene,500,a
Esponjillon Pague 12 Lleve 16 Bombril,25,Bombril,Unidad,Aseo e Higiene,5800,a
Esponja BonBril,20,BonBril,Unidad,Aseo e Higiene,1000,a
Cera Brillo Líder (Escarlata),12,Brillo Líder,Unidad,Aseo e Higiene,2000,a
Cera Brillo Líder (Naranja),12,Brillo Líder,Unidad,Aseo e Higiene,2000,a
Carefree Toallas Higiénicas (paquetes),20,Carefree,Unidad,Aseo e Higiene,2400,a
Clorox Botella 460ml,16,Clorox,Unidad,Aseo e Higiene,1700,a
Clorox Ropa Si Cloro Botella 450ml,2,Clorox,Unidad,Aseo e Higiene,3500,a
Cera D Medellín (blanca),10,D Medellín,Unidad,Aseo e Higiene,1400,a
Polvo Limpiador Abrasivo 1A Dersa Botella 500g,3,Dersa,Unidad,Aseo e Higiene,3200,a
Jabon en Polvo DERSA Bicarbonato + Jabon Rey Bolsa 500g,15,DERSA,Unidad,Aseo e Higiene,5400,a
Jabon en Polvo DERSA Bicarbonato + Jabon Rey Bolsa 250g,15,DERSA,Unidad,Aseo e Higiene,3000,a
Jabon en Polvo DERSA Bicarbonato + Manzana Bolsa 250g,15,DERSA,Unidad,Aseo e Higiene,2900,a
Jabon en Polvo DERSA Bicarbonato + Jabon Rey Bolsa 125g,15,DERSA,Unidad,Aseo e Higiene,1600,a
Jabon en Polvo DERSA Bicarbonato + Manzana Bolsa 125g,15,DERSA,Unidad,Aseo e Higiene,1600,a
Jabon DERSA Barra Detergente 250g,20,DERSA,Unidad,Aseo e Higiene,3000,a
Jabon DERSA Barra Bicarbonato + Manzana Detergente 250g,20,DERSA,Unidad,Aseo e Higiene,3000,a
Jabon DERSA Barra Coco 200g,20,DERSA,Unidad,Aseo e Higiene,3500,a
Jabon Barra El Original Coco 100g,20,DERSA,Unidad,Aseo e Higiene,2900,a
Limpiador Multiusos DERSA Sobre 40ml,20,DERSA,Unidad,Aseo e Higiene,700,a
Jabon en Polvo Dest Floral Bolsa 125g,15,Dest,Unidad,Aseo e Higiene,1400,a
Limpia Hornos Easyoff 250ml,2,Easyoff,250 ml,Aseo e Higiene,18900,a
Quita Grasa Easyoff Bang 500ml,3,Easyoff Bang,500 ml,Aseo e Higiene,11000,a
Jabón el Puma 500g,1,El Puma,500g,Aseo e Higiene,8600,a
Jabón el Puma 300g,20,El Puma,300g,Aseo e Higiene,4000,a
Jabón el Puma 245g,27,El Puma,245g,Aseo e Higiene,4500,a
Papel Higienico Elite 3 Hojas Rollo,10,Elite,Unidad,Aseo e Higiene,2000,a
Servilletas Practica Máxima Suavidad Elite Paquete 300 Unidades ,20,Elite,Unidad,Aseo e Higiene,4000,a
Jabon en Polvo LavoMatic Fab Bolsa 850g,25,Fab,Unidad,Aseo e Higiene,9500,a
Jabon en Polvo LavoMatic Fab Paquete 300ml,25,Fab,Unidad,Aseo e Higiene,5000,a
Jabon en Polvo FAB Ultra Flash Bolsa 450g,20,FAB,Unidad,Aseo e Higiene,6000,a
Jabon en Polvo FAB Ultra Flash Bolsa 100g,20,FAB,Unidad,Aseo e Higiene,1600,a
Jabon en Polvo FAB Lavado Perfecto Bolsa 225g,20,FAB,Unidad,Aseo e Higiene,2800,a
Jabon Deterguente Liquido FAB Lavado Perfecto Paquete 900ml,20,FAB,Unidad,Aseo e Higiene,14500,a
Jabon Liquido FAB Fragancia Superior Sobre 100 ml,20,FAB,Unidad,Aseo e Higiene,1000,a
Fabuloso fresca lavanda morado 180ml,20,Fabuloso,180ml,Aseo e Higiene,2000,a
Fabuloso Frescura Activa Floral Bolsa 180ml,20,Fabuloso,180ml,Aseo e Higiene,2000,a
Fabuloso Alternativa al Cloro Primavera Fresca Bolsa 180ml,20,Fabuloso,180ml,Aseo e Higiene,2100,a
Fabuloso Alternativa al Cloro Fresco Amanecer Bolsa 180ml,20,Fabuloso,180ml,Aseo e Higiene,2000,a
Papel Higienico Familia Expert Rollo,4,Familia,Unidad,Aseo e Higiene,2900,a
Papel Higiénico Familia Familiar Rollo,15,Familia,Unidad,Aseo e Higiene,1300,a
Papel Higiénico Familia Green Rollo,15,Familia,Unidad,Aseo e Higiene,2000,a
Papel Higiénico Familia AlcochaMax Megarollo,15,Familia,Unidad,Aseo e Higiene,2400,a
Servilletas Familia Practidiarias Blancas Paquete 300 Unidades,2,Familia,Unidad,Aseo e Higiene,4700,a
Servilletas Familia Practidiarias Paquete 300 Unidades,2,Familia,Unidad,Aseo e Higiene,4700,a
Eliminador de Olores Lavanda Familia Spray 300ml,20,Familia,Unidad,Aseo e Higiene,16000,a
Eliminador de Olores Canela Familia Spray 300ml,20,Familia,Unidad,Aseo e Higiene,16000,a
Fiber Sponge 2 Unidades,20,Fiber Sponge,Unidad,Aseo e Higiene,800,a
Quitagrasa Frotex 500ml,1,Frotex,500 ml,Aseo e Higiene,5900,a
Desengrasante Furor 500ml,2,Furor,500ml,Aseo e Higiene,5600,a
Esponja Furor,6,Furor,Unidad,Aseo e Higiene,800,a
Limpiador desinfectante Furor cítrico 150ml,20,Furor,150ml,Aseo e Higiene,1400,a
Limpiador desinfectante Furor Ternura 150ml,20,Furor,150ml,Aseo e Higiene,1400,a
Limpiador desinfectante Furor con Bicarbonato 150ml,20,Furor,150ml,Aseo e Higiene,1400,a
Furor Lavaloza Liquido Antibacterial Limón 400ml,25,Furor,400ml,Aseo e Higiene,4500,a
Desengrasante GCS 500ml,2,GCS,500 ml,Aseo e Higiene,4400,a
Zabra General,20,Generica,Unidad,Aseo e Higiene,500,a
Cabezas de escobas General,105,Genérica,Unidad,Aseo e Higiene,11800,a
Cabezas de traperos Pequeños,44,Genérica,Unidad,Aseo e Higiene,6200,a
Cabezas de traperos Medianos ,44,Genérica,Unidad,Aseo e Higiene,8300,a
Cabezas de traperos Grandes,44,Genérica,Unidad,Aseo e Higiene,9700,a
Cubre Rasguño Lustra Muebles Vainilla 300ml,1,Genérica,300ml,Aseo e Higiene,5000,a
Limpia y Protege Lustra Muebles Vainilla 300ml,1,Genérica,300ml,Aseo e Higiene,4100,a
Cepillo de mano Generico Unidad,10,Generico,Unidad,Aseo e Higiene,2800,a
"Cepillos Para el Piso 
",1,Generico,Unidad,Aseo e Higiene,4000,a
Creolina Paquetes Girasol 250ml + 125ml,20,Girasol,250ml + 125ml,Aseo e Higiene,6400,a
Limpia Vidrios Girasol 500ml,20,Girasol,500ml,Aseo e Higiene,7400,a
Acido Desmanchador Multiusos Botella 500ml,15,Girasol,Unidad,Aseo e Higiene,2800,a
Gel Glade Lavanda,20,Glade,Unidad,Aseo e Higiene,4900,a
Gel Glade Mora Radiante,20,Glade,Unidad,Aseo e Higiene,4900,a
Gel Glade Limón,20,Glade,Unidad,Aseo e Higiene,4900,a
Alcohol Industrial GM Botella 375cc,3,GM,Unidad,Aseo e Higiene,3900,a
Alcohol Industrial GM Botella 750cc,3,GM,Unidad,Aseo e Higiene,7300,a
Thinner Extra Fino GM Botella Vidrio 375cc ,3,GM,Unidad,Aseo e Higiene,3400,a
Thinner Extra Fino GM Botella 750cc ,3,GM,Unidad,Aseo e Higiene,6800,a
Varsol GM Botella 375cc,3,GM,Unidad,Aseo e Higiene,3600,a
Varsol GM Botella 750cc,3,GM,Unidad,Aseo e Higiene,7200,a
Limpia piso Goliat lavanda botella 1L,20,Goliat,1 L,Aseo e Higiene,4200,a
Toallas Higienicas Kotex Nocturna Unidad,20,Kotex,Unidad,Aseo e Higiene,900,a
Desmanchador Ropa Color La Calleya Botella 1000ml,2,La Calleya,Unidad,Aseo e Higiene,4100,a
Ambientador La Calleya Pino 30g,20,La Calleya,Unidad,Aseo e Higiene,4300,a
Ambientador La Calleya Rosas 30g,20,La Calleya,Unidad,Aseo e Higiene,4300,a
Ambientador La Calleya Colonia 30g,20,La Calleya,Unidad,Aseo e Higiene,4300,a
Ambientador La Calleya Fresa 30g,20,La Calleya,Unidad,Aseo e Higiene,4300,a
Ambientador La Calleya Frutal 30g,20,La Calleya,Unidad,Aseo e Higiene,4300,a
Creolina La Catleya 500ml,20,La Catleya,500ml,Aseo e Higiene,7400,a
Cera La Joya Lavanda 1000ml,20,La Joya,1000ml,Aseo e Higiene,8800,a
Limpiapisos La Joya lavanda 700ml,2,La Joya,700ml,Aseo e Higiene,4200,a
Cera limpiadora La Joya Lavanda Botella 500 ml,2,La Joya,500 ml,Aseo e Higiene,4250,a
La Joya limpiapisos floral 200ml,20,La Joya,200ml,Aseo e Higiene,1500,a
La Joya limpiapisos Canela 200ml,20,La Joya,200ml,Aseo e Higiene,1500,a
La Joya lavanda 200ml,20,La Joya,200ml,Aseo e Higiene,3800,a
Toallas Higienicas LadySoft Nocturna 8 Toallas,20,LadySoft,Unidad,Aseo e Higiene,5700,a
Toallas Higienicas LadySoft Normal 8 Toallas,20,LadySoft,Unidad,Aseo e Higiene,4800,a
Toallas Higienicas LadySoft Normal Unidad,20,LadySoft,Unidad,Aseo e Higiene,400,a
Toallas Limpia Nitta Cocina,20,Limpia Nitta,Unidad,Aseo e Higiene,950,a
Lavaloza Líquido Limpia Ya Limón 500ml,3,Limpia Ya,500ml,Aseo e Higiene,3500,a
Limpión Limpia Ya ,20,Limpia Ya,Unidad,Aseo e Higiene,1700,a
Limpia Juntas Limpia Ya Botella 500ml,20,Limpia Ya,Unidad,Aseo e Higiene,6200,a
Removedor de Manchas Ropa Color Limpieza Real Botella 1000ml,2,Limpieza Real,Unidad,Aseo e Higiene,4000,a
Desinfectante para pisos Lysol 400ml,20,Lysol,400ml,Aseo e Higiene,3800,a
Potasa Cáustica Magistral Botella 300g,2,Magistral,Unidad,Aseo e Higiene,12300,a
Cloro Magistral Floral Botella 500ml,15,Magistral,Unidad,Aseo e Higiene,1700,a
Cloro Magistral Botella 500ml,15,Magistral,Unidad,Aseo e Higiene,1700,a
Mansión brillo instantáneo floral Bolsa 500 ml,20,Mansión,500 ml,Aseo e Higiene,7500,a
Mansión brillo instantáneo floral rojo Bolsa 500 ml,20,Mansión,500 ml,Aseo e Higiene,7500,a
Mansión brillo instantáneo piso rojo floral Botella 500 ml,20,Mansión,500 ml,Aseo e Higiene,7500,a
Esponja Matrix Metalizada,20,Matrix,Unidad,Aseo e Higiene,900,a
Blanqueador Desinfectante Midia Botella 450ml,2,MiDia,Unidad,Aseo e Higiene,1300,a
Desmanchador Ropa Color Midia Botella 1000ml,2,MiDia,Unidad,Aseo e Higiene,4000,a
"Gel limpiador disco activo, Mr. Músculo paquete",1,Mr. Músculo,Paquete,Aseo e Higiene,8500,a
Jabón corporal extracto de frutos rojos y flor de cerezo Nosotras 24ml,20,Nosotras,24ml,Aseo e Higiene,1200,a
Nosotras Uso Diario Unidad,150,Nosotras,Unidad,Aseo e Higiene,150,a
Nosotras Toallas Higiénicas 15 protectores,20,Nosotras,Unidad,Aseo e Higiene,1700,a
Oferta Nosotras 10 Toallas Rapiguel + 5,20,Nosotras,N/A,Aseo e Higiene,6600,a
Toallas Higienicas Tanga Clasica Nosotras 10 Toallas,20,Nosotras,Unidad,Aseo e Higiene,4200,a
Toallas Higienicas Nosotras Maternidad 10 Toallas,20,Nosotras,Unidad,Aseo e Higiene,8800,a
Tampones con Aplicador Nosotras 3 Unidades,20,Nosotras,Unidad,Aseo e Higiene,3800,a
Toallas de Papel Nova Clásica Paquete 50 Unidades,20,Nova Clásica,Unidad,Aseo e Higiene,2300,a
Esponja oro-plata ,20,Oro-Plata,Unidad,Aseo e Higiene,800,a
Cera Pel Flex blanca,28,Pel Flex,Unidad,Aseo e Higiene,2800,a
Cera Pel Flex naranja,28,Pel Flex,Unidad,Aseo e Higiene,2800,a
Servilletas Nuevas Popular Paquete 200 Unidades,15,Popular,Unidad,Aseo e Higiene,2900,a
Jabon Puro Bicarbonato Dos Barras 280g,25,Puro,Unidad,Aseo e Higiene,2400,a
Jabon Rey Barra 300g,20,Rey,Unidad,Aseo e Higiene,3200,a
Varitas de Rattan Rico Aroma Brisa Marina 50ml,20,Rico Aroma,50ml,Aseo e Higiene,2400,a
Varitas de Rattan Rico Aroma Melocoton 50ml,20,Rico Aroma,50ml,Aseo e Higiene,2400,a
Jabon Rindex Barra 270g,25,Rindex,Unidad,Aseo e Higiene,2000,a
Papel Higiénico Rosal UltraConfort Rollo,14,Rosal,Unidad,Aseo e Higiene,1600,a
Limpiadores multiusos Sanpic canela manzana 1L,3,Sanpic,1 L,Aseo e Higiene,11400,a
Sanpic canela manzana 150ml,4,Sanpic,150ml,Aseo e Higiene,1500,a
Sanpic Canela Manzana 200 ml,4,Sanpic,200 ml,Aseo e Higiene,1600,a
Sanpic lavanda 200 ml,4,Sanpic,200 ml,Aseo e Higiene,1600,a
Sanpic vainilla 200 ml,5,Sanpic,200ml,Aseo e Higiene,1600,a
Cera Santa Martha,10,Santa Martha,Unidad,Aseo e Higiene,1400,a
Scotch-Brite esponja,6,Scotch-Brite,Unidad,Aseo e Higiene,6900,a
Paño en Rollo Scott Duramax ,9,Scott,Unidad,Aseo e Higiene,8600,a
Papel Higiénico Scott 2 Rollos ,4,Scott,Unidad,Aseo e Higiene,3200,a
Toallas Higienicas SiempreLibre Adapt Plus Paquete completo,20,SiempreLibre,Unidad,Aseo e Higiene,400,a
Toallas Higienicas SiempreLibre Adapt Plus Unidad,20,SiempreLibre,Unidad,Aseo e Higiene,12900,a
Tampones SiempreLibre Original,20,SiempreLibre,Unidad,Aseo e Higiene,1000,a
Esponjas verdes con amarillo,20,Sin Marca,Unidad,Aseo e Higiene,600,a
Suavizante de Telas Soft Klean Paquete 450ml,15,Soft Klean,Unidad,Aseo e Higiene,3400,a
Toallas Higienicas StayFree Adapt 8 Toallas,20,StayFree,Unidad,Aseo e Higiene,7500,a
Suavizante de Tela Suavitel Fresca Primavera 180ml,1,Suavitel,180ml,Aseo e Higiene,1800,a
Suavizante de Tela Suavitel Lavanda 180ml,2,Suavitel,180ml,Aseo e Higiene,1800,a
Suavizante de Tela Suavitel Vainilla 180ml,20,Suavitel,180ml,Aseo e Higiene,1800,a
Toallas de Papel Súper Blanko Paquete 50 Unidades,20,Súper Blanko,Unidad,Aseo e Higiene,2500,a
Jabon Super Riel Paquete 3 Unidades 840g,25,Super Riel,Unidad,Aseo e Higiene,7100,a
Jabon Super Riel Barra 280g,25,Super Riel,Unidad,Aseo e Higiene,2500,a
Esponja Superior Metalizada,20,Superior,Unidad,Aseo e Higiene,1800,a
Jabon Supremo OxiMax Limón Barra 340g,20,Supremo,Unidad,Aseo e Higiene,3600,a
Jabon Supremo OxiMax Limón Barra 100g,20,Supremo,Unidad,Aseo e Higiene,1500,a
Takontank Aroma Herbal 48g,20,Takontank,48g,Aseo e Higiene,3600,a
Takontank Lavanda 48g,20,Takontank,48g,Aseo e Higiene,3600,a
Destape Cañerías Tiussox Botella 500ml,15,Tiussox,Unidad,Aseo e Higiene,5200,a
Barra Lavaplatos Tras Limón 400g,20,Tras,400g,Aseo e Higiene,3200,a
Ultra Varzol Desengrasante Tiussox Botella 500c,15,Ultra Varzol,Unidad,Aseo e Higiene,6700,a
Vinagre de Limpieza Multiusos Util Tarro 1000ml,15,Util,Unidad,Aseo e Higiene,4900,a
Potenciador de Lavado en Polvo Vanish Oxi Action Sobre 30g,18,Vanish,Unidad,Aseo e Higiene,2100,a
Blanqueador Sin Cloro Vanish Oxi Action Sobre 30g,18,Vanish,Unidad,Aseo e Higiene,2200,a
Quitamanchas Blanco Total Liquido Desinfectante Vanish 130ml,2,Vanish,Unidad,Aseo e Higiene,2400,a
Quitamanchas Liquido Desinfectante Vanish 130ml,2,Vanish,Unidad,Aseo e Higiene,2400,a
Creolina Wash Power 120ml,2,Wash Power,120ml,Aseo e Higiene,3500,a
Creolina Wash Power 250ml,1,Wash Power,250ml,Aseo e Higiene,4500,a
Detergente Liquido Ropa Oscura Woolite 300ml,2,Woolite,Unidad,Aseo e Higiene,10900,a
Detergente Liquido Woolite 300ml,2,Woolite,Unidad,Aseo e Higiene,5700,a
Gaseosa 7up Lima Limón Botella 1.5L,3,7up,Unidad,Bebidas,4500,a
Gaseosa 7up Lima Limón Botella Econolitro 1L,3,7up,Unidad,Bebidas,3500,a
Gaseosa 7up Botella Vidrio 250 ml,12,7Up,Unidad,Bebidas,1000,a
Gaseosa Big Cola Naranja Botella 400ml,8,Big,Unidad,Bebidas,1500,a
Gaseosa Big Cola Piña Botella 400ml,8,Big,Unidad,Bebidas,1500,a
Gaseosa Big Cola Uva Botella 400ml,8,Big,Unidad,Bebidas,1500,a
Gaseosa Big Cola Normal Botella 400ml,8,Big,Unidad,Bebidas,1500,a
Gaseosa Big Cola Botella 2.4L,5,Big ,Unidad,Bebidas,4500,a
Gaseosa Big Cola Botella 1.75L,5,Big ,Unidad,Bebidas,3500,a
Bretaña Botella Vidrio 300ml,2,Bretaña,Unidad,Bebidas,2600,a
Gaseosa Brisa manzana con gas Botella Vidrio 237 ml,6,Brisa,Unidad,Bebidas,1500,a
Bebida Nectar California Caja 900ml,15,California,Unidad,Bebidas,6500,a
Jugo Nectar Durazno California 300ml,1,California,Unidad,Bebidas,2900,a
Jugo Nectar Manzana California 300ml,1,California,Unidad,Bebidas,2900,a
Jugo Nectar Pera California 300ml,1,California,Unidad,Bebidas,2900,a
Gaseosa Canadá Dry Botella 1.5L,3,Canadá Dry,Unidad,Bebidas,5000,a
Agua Saborizada Sabor Manzana Botella 620ml,5,Cielo,Unidad,Bebidas,2000,a
Agua Potable Cielo Botella 620ml,5,Cielo,Unidad,Bebidas,1000,a
Agua Potable Cielo Botella 1L,5,Cielo,Unidad,Bebidas,2000,a
Jugo Cifrut Mora Punch Botella 1.7L,2,Cifrut,Unidad,Bebidas,3500,a
Jugo Cifrut Citrus Punch Botella 1.7L,2,Cifrut,Unidad,Bebidas,3500,a
Jugo Cifrut Fruit Punch Botella 1.7L,2,Cifrut,Unidad,Bebidas,3500,a
Jugo Cifrut Granadilla Botella 400ml,6,Cifrut,Unidad,Bebidas,1300,a
Jugo Cifrut Naranja Botella 400ml,6,Cifrut,Unidad,Bebidas,1300,a
Jugo Cifrut Mora Botella 400ml,6,Cifrut,Unidad,Bebidas,1300,a
Jugo Cifrut Fruit Punch Caja 250ml,16,Cifrut,Unidad,Bebidas,1000,a
Jugo Citrus Punch Caja 250ml,16,Cifrut,Unidad,Bebidas,1000,a
Gaseosa Coca Cola Botella  250 ml,15,Coca cola,Unidad,Bebidas,2000,a
Gaseosa Coca Cola Botella Retornable 2L,15,Coca cola,Unidad,Bebidas,6000,a
Gaseosa Coca Cola Botella Retornable 1L,15,Coca cola,Unidad,Bebidas,3500,a
Gaseosa Coca Cola Botella 1L,15,Coca cola,Unidad,Bebidas,4500,a
Gaseosa Coca Cola Botella 1.5L,15,Coca cola,Unidad,Bebidas,6500,a
Gaseosa Coca Cola Botella Vidrio 350ml,10,Coca cola,Unidad,Bebidas,2500,a
Gaseosa Coca Cola  Botella Vidrio 237 ml,10,Coca cola,Unidad,Bebidas,1500,a
Gaseosa Colombiana Botella 400ml,1,Colombiana,Unidad,Bebidas,2500,a
Gaseosa Colombiana Econolitro 1L,3,Colombiana,Unidad,Bebidas,3500,a
Agua Cristal Aloe Botella 330ml,7,Cristal,Unidad,Bebidas,2000,a
Agua Cristal Botella 600 ml,7,Cristal,Unidad,Bebidas,1400,a
Agua Cristal Botella 300ml,4,Cristal,Unidad,Bebidas,600,a
Agua Cristal Con Gas Botella 600ml,3,Cristal,Unidad,Bebidas,1700,a
Agua cristal con gas 250 ml,15,Cristal,Unidad,Bebidas,600,a
Electrolit Maracuyá 625ml,2,Electrolit,Unidad,Bebidas,8200,a
Jugo Fresky Mango Caja 200ml,4,Fresky,Unidad,Bebidas,1200,a
Jugo Fresky Mora Caja 200ml,4,Fresky,Unidad,Bebidas,1200,a
Jugo Fresky Tropical Caja 200ml,5,Fresky,Unidad,Bebidas,1200,a
Jugo Fresky Mora 300ml,17,Fresky,Unidad,Bebidas,1700,a
Jugo Fresky Tropical 300ml,17,Fresky,Unidad,Bebidas,1700,a
Jugo Fresky Mango 300ml,17,Fresky,Unidad,Bebidas,1700,a
Agua Full Aqua Natural Botella  600 ml,1,Full Aqua,Unidad,Bebidas,1000,a
Gatorade Blue Ice 500ml,5,Gatorade,Unidad,Bebidas,3800,a
Gatorade Blue Ice Botella 500ml,1,Gatorade,Unidad,Bebidas,3800,a
Gatorade Frutos Tropicales 500ml,5,Gatorade,Unidad,Bebidas,3800,a
Gatorade Mandarina 500ml,5,Gatorade,Unidad,Bebidas,3800,a
Gatorade Mandarina Botella 500ml,5,Gatorade,Unidad,Bebidas,3800,a
Gatorade Maracuyá 500ml,5,Gatorade,Unidad,Bebidas,3800,a
Gatorade Sin Azúcar Botella 500ml,2,Gatorade,Unidad,Bebidas,3800,a
Agua Glacial Sin Gas Botella 1L,4,Glacial,Unidad,Bebidas,1500,a
Bebida H2OH Limonata Botella 600 ml,8,H2OH,Unidad,Bebidas,2600,a
Bebida H2OH Maracuyá Botella 600 ml,7,H2OH,Unidad,Bebidas,2600,a
Gaseosa Hipinto Botella 1.5L ,16,Hipinto,Unidad,Bebidas,4500,a
Jugo Hit Sabor Lulo Caja 1L,10,Hit,Unidad,Bebidas,4600,a
Jugo Hit Sabor Naranja Piña Caja 1L,10,Hit,Unidad,Bebidas,4600,a
Jugo Hit Sabor Frutas Tropicales Caja 1L,10,Hit,Unidad,Bebidas,4600,a
Jugo Hit Sabor Mora Caja 1L,10,Hit,Unidad,Bebidas,4600,a
Jugo Hit Sabor Mango Caja 1L,10,Hit,Unidad,Bebidas,4600,a
Jugo Hit Frutos Tropicales Botella Vidrio 250ml,15,Hit,Unidad,Bebidas,1600,a
Jugo Hit Lulo Botella Vidrio 250ml,15,Hit,Unidad,Bebidas,1600,a
Jugo Hit Mora Botella Vidrio 250ml,15,Hit,Unidad,Bebidas,1600,a
Jugo Hit Lulo Botella 500 ml,7,Hit,Unidad,Bebidas,3000,a
Jugo Hit Mango Botella 500 ml,10,Hit,Unidad,Bebidas,3000,a
Jugo Hit Mora Botella 500 ml,7,Hit,Unidad,Bebidas,3000,a
Jugo Hit Naranja Piña Botella 500 ml,4,Hit,Unidad,Bebidas,3000,a
Jugo Hit Tropical Botella 500 ml,7,Hit,Unidad,Bebidas,3000,a
Gaseosa Kola Roman Botella 1.5L,15,Kola Roman,Unidad,Bebidas,4500,a
Mr Tea Durazno Botella Vidrio 250ml,6,Mr Tea,Unidad,Bebidas,1600,a
"Gaseosa Pepsi Botella 2,5 L",2,Pepsi,Unidad,Bebidas,5500,a
Gaseosa Pepsi Botella Vidrio 250 ml ,10,Pepsi,Unidad,Bebidas,1000,a
Gaseosa Pepsi  Botella Retornable 1.25L,2,Pepsi,Unidad,Bebidas,3000,a
Gaseosa Pepsi Zero Econolitro Botella 1L,2,Pepsi,Unidad,Bebidas,3500,a
Pony Malta Botella 2L,5,Pony Malta,Unidad,Bebidas,7000,a
Pony Malta Botella Vidrio 330cm,6,Pony Malta,Unidad,Bebidas,2300,a
Pony Malta Botella 330cm,6,Pony Malta,Unidad,Bebidas,2700,a
Pony Malta Go Botella 1L,1,Pony Malta,Unidad,Bebidas,4200,a
Pony Malta PeT Botella 200ml,2,Pony Malta,Unidad,Bebidas,1400,a
Cola y Pola Botella 1500cm ,21,Postobón,Unidad,Bebidas,5000,a
Gaaseosa Colombiana Botella 1.5L,1,Postobón,Unidad,Bebidas,4500,a
Gaaseosa Colombiana Botella 2.5L,1,Postobón,Unidad,Bebidas,5500,a
Gaseosa Colombiana Botella Retornable 1.25L,1,Postobón,Unidad,Bebidas,3000,a
"Gaseosa Manzana Postobón Botella  2,5 L",3,Postobón,Unidad,Bebidas,5500,a
Gaseosa Manzana Postobón Retornable 1.25L,10,Postobón,Unidad,Bebidas,3000,a
Gaseosa Postobon Acqua Manzana Botella 1.5L,2,Postobón,200ml,Unidad,3400,a
Gaseosa Postobón Limonada Botella Econolitro 1L,3,Postobón,Unidad,Bebidas,3500,a
Gaseosa Manzana Postobon Botella 400ml,10,Postobón,Unidad,Bebidas,2500,a
Gaseosa Manzana Postobón Botella Vidrio 250ml,1,Postobón,Unidad,Bebidas,1000,a
Gaseosa Naranja Postobón Botella vidrio 250 ml,15,Postobón,Unidad,Bebidas,1000,a
Gaseosa Postobón Uva Botella 2.5L,3,Postobón,Unidad,Bebidas,5500,a
Gaseosa Uva Postobón Botella Vidrio 250 ml,14,Postobón,Unidad,Bebidas,1000,a
Gaseosa Quatro Botella Vidrio 237 ml,5,Quatro,Unidad,Bebidas,1500,a
Gaseosa Quatro Botella 1.5L,2,Quatro,Unidad,Bebidas,7300,a
Agua Sabifrut Botella 320 ml,5,Sabifrut,Unidad,Bebidas,2000,a
Saviloe Botella 1250ml,3,Saviloe,Unidad,Bebidas,7000,a
Saviloe Botella 320ml,3,Saviloe,320ml,Bebidas,2500,a
Jugo Soka Lulo Botella 410 ml,1,Soka,Unidad,Bebidas,2700,a
Jugo Soka Mandarina Botella 410 ml,1,Soka,Unidad,Bebidas,2700,a
Jugo Soka Mango Botella 410 ml,8,Soka,Unidad,Bebidas,2700,a
Jugo Soka Maracuyá Botella 410 ml,9,Soka,Unidad,Bebidas,2700,a
Speedmax Lata 310ml,15,SpeedMax,Unidad,Bebidas,2000,a
Speedmax Botella 250ml,2,SpeedMax,Unidad,Bebidas,1500,a
Gaseosa Sprite Botella 400ml,2,Sprite,Unidad,Bebidas,2500,a
Gaseosa Sprite Botella 1.5L,2,Sprite,Unidad,Bebidas,4500,a
Jugo Tampico Botella 150ml,1,Tampico,Unidad,Bebidas,1000,a
Jugo Tampico Botella 330ml,1,Tampico,Unidad,Bebidas,1900,a
Gaseosa Tropicola Botella 400ml,16,Tropicola,Unidad,Bebidas,1400,a
Gaseosa TropiKola Manzana 400ml,3,TropiKola,Unidad,Bebidas,1200,a
Gaseosa TropiKola Tropical 400ml,6,TropiKola,Unidad,Bebidas,1200,a
Vive 100 Botella 380 ml,6,Vive 100,Unidad,Bebidas,2500,a
Vive100 Botella 240ml,5,Vive100,Unidad,Bebidas,2000,a
Crema de Whisky Irlandesa BAILEYS original 700 ml,9,Baileys,700ml,Bebidas Alcoholicas,103000,a
Crema de Whisky Irlandesa BAILEYS original 375 ml,5,Baileys,375ml,Bebidas Alcoholicas,61000,a
Crema de Whisky Black Jack 750 ml,1,Blackjack,750ml,Bebidas Alcoholicas,45000,a
Cachaza 51 700ml,7,Brazil 51,700ml,Bebidas Alcoholicas,111000,a
Brandy Casa Grajales 375 ml,1,Casa Grajales,375 ml,Bebidas Alcoholicas,49000,a
Crema Whisky Castle House 750ml,5,Castle House,750ml,Bebidas Alcoholicas,56000,a
Brandy Domecq 375 ml,2,Domecq,375 ml,Bebidas Alcoholicas,44000,a
Brandy Domecq 750 ml,30,Domecq,750 ml,Bebidas Alcoholicas,86000,a
Aperitivo Dubonnet 750 ml,2,Dubonnet,750 ml,Bebidas Alcoholicas,94000,a
Licor Hennessy Very Special Cognac 750 ml,1,Hennessy,750 ml,Bebidas Alcoholicas,390000,a
Tequila Jose Cuervo Especial Reposado 750 ml,3,José Cuervo,750 ml,Bebidas Alcoholicas,117000,a
Tequila Jose Cuervo especial plata 750 ml,3,José Cuervo	,750 ml,Bebidas Alcoholicas,121000,a
Vodka Imported koskenkorva aperitivo durazno 1L,8,Koskenkorva,1 L,Bebidas Alcoholicas,81000,a
Vodka Imported koskenkorva aperitivo Manzana 1L,4,Koskenkorva,1 L,Bebidas Alcoholicas,81000,a
Vodka Koskenkorva Aperitivo de Manzana IMPORTED 750 ml,11,Koskenkorva,700 ml,Bebidas Alcoholicas,98000,a
Vodka Koskenkorva durazno 75CL,9,Koskenkorva,75CL,Bebidas Alcoholicas,98000,a
Vodka Koskenkorva manzana 75CL,8,Koskenkorva,75CL,Bebidas Alcoholicas,98000,a
Brandy Lanceros 750 ml,2,Lanceros,750 ml,Bebidas Alcoholicas,59000,a
Brandy Gran Brindis Napoleon 750ml,22,Napoleon,750 ml,Bebidas Alcoholicas,47000,a
Brandy Napoleón VSOP 700 ml,9,Napoleon,700 ml,Bebidas Alcoholicas,112000,a
Tequila OLMECA Reposado - México 750 ml,2,Olmeca,750 ml,Bebidas Alcoholicas,102000,a
Tequila Olmeca 700 ml,2,Olmeca	,700 ml,Bebidas Alcoholicas,125000,a
Plaza Castilla vino blanco 750ml,8,Plaza Castilla,750ml,Bebidas Alcoholicas,18000,a
Trapiche reserva Merlot 750ml,6,Trapiche,750ml,Bebidas Alcoholicas,95000,a
Bebida en Polvo Activade Sabor a Mandarina 36g,1,Activade,Unidad,Bebida en polvo,2000,a
Bebida en Polvo Activade sabor a Maracuyá 36g,7,Activade,Unidad,Bebida en polvo,2000,a
Bebida en Polvo Activade sabor a Tropical Fruit 36g,10,Activade,Unidad,Bebida en polvo,2000,a
Sobre Boka Sabor a Panela Limón 10g,15,Boka,Unidad,Bebida en polvo,800,a
Sobre Boka Sabor a Durazno 10g,15,Boka,Unidad,Bebida en polvo,800,a
Sobre Boka Sabor a Corozo 10 g,9,Boka,Unidad,Bebida en polvo,800,a
Sobre Boka Sabor a Fresa 10 g,6,Boka,Unidad,Bebida en polvo,800,a
Sobre Boka Sabor a Lichi 10 g,9,Boka,Unidad,Bebida en polvo,800,a
Sobre Boka Sabor a Lima Limón 18 g,9,Boka,Unidad,Bebida en polvo,800,a
Sobre Boka Sabor a Lima Limón 10 g,9,Boka,Unidad,Bebida en polvo,800,a
Sobre Boka Sabor a Mandarina 10 g,6,Boka,Unidad,Bebida en polvo,800,a
Sobre Boka Sabor a Maracuyá 18 g,2,Boka,Unidad,Bebida en polvo,800,a
Sobre Boka Sabor a Naranja 10 g,4,Boka,Unidad,Bebida en polvo,800,a
Sobre Boka Sabor a Salpicón de Frutas 10 g,2,Boka,Unidad,Bebida en polvo,800,a
Sobre Boka Sabor a Sandía 10 g,5,Boka,Unidad,Bebida en polvo,800,a
Paquete Chocolisto Cholocate 18 g,15,Chocolisto,Unidad,Bebida en polvo,800,a
Bebida Instantanea Avena Diana Sobre 9g,10,Diana,Unidad,Bebida en polvo,1400,a
Colada Sabor a Fresa Durema Sobre 30g,15,Durema,Unidad,Bebida en polvo,1300,a
Sobre Frutiño Sabor a Durazno 10g,9,Frutiño,Unidad,Bebida en polvo,1000,a
Sobre Frutiño Sabor a Guanabana 10g,3,Frutiño,Unidad,Bebida en polvo,1000,a
Sobre Frutiño Sabor a Limonada 10g,4,Frutiño,Unidad,Bebida en polvo,1000,a
Sobre Frutiño Sabor a Lulo 10g,2,Frutiño,Unidad,Bebida en polvo,1000,a
Sobre Frutiño Sabor a Naranja 10g,10,Frutiño,Unidad,Bebida en polvo,1000,a
Sobre Frutiño Sabor a Uva 10g,10,Frutiño,Unidad,Bebida en polvo,1000,a
Sobre Frutiño Sabor a Fresa 18g,10,Frutiño,Unidad,Bebida en polvo,1000,a
Sobre Frutiño Sabor a Mango 18g,10,Frutiño,Unidad,Bebida en polvo,1000,a
Sobre Frutiño Sabor a Maracumango 10g,4,Frutiño,Unidad,Bebida en polvo,1000,a
Sobre Frutiño Sabor a Maracupiña 10g,2,Frutiño,Unidad,Bebida en polvo,1000,a
Sobre Frutiño Sabor a Maracuyá 10g,7,Frutiño,Unidad,Bebida en polvo,1000,a
Sabor Frutiño  Sabor a Fresa Sandia  10g,3,Frutiño,Unidad,Bebida en polvo,1000,a
Sobre Frutiño Sabor a Fresa Sandia 18g,1,Frutiño,Unidad,Bebida en polvo,1000,a
Sobre Frutiño Sabor a Piña 10g,10,Frutiño,Unidad,Bebida en polvo,1000,a
Sobre Frutiño Sabor a Salpicón 10g,9,Frutiño,Unidad,Bebida en polvo,1000,a
Sobre Frutiño Sabor a Tamarindo 10g,5,Frutiño,Unidad,Bebida en polvo,1000,a
Caja Panelada Sabor a Limón 200ml,10,Panelada,Unidad,Bebida en polvo,1500,a
Ricavena Quacker Sobre 60g,20,Quacker,Unidad,Bebida en polvo,1800,a
Sobre SunTea Sabor Durazno 12 g,7,SunTea,Unidad,Bebida en polvo,1500,a
Sobre SunTea Sabor Fresa Con Flor de Jamaica 12 g,7,SunTea,Unidad,Bebida en polvo,1500,a
Sobre SunTea Sabor a Frutos Rojos 20 g,7,SunTea,Unidad,Bebida en polvo,1500,a
Sobre SunTea Sabor a Limón 20 g,3,SunTea,Unidad,Bebida en polvo,1500,a
Sobre SunTea Sabor a Maracuyá 20 g,6,SunTea,Unidad,Bebida en polvo,1500,a
Sobre SunTea Sabor a Mora 20 g,2,SunTea,Unidad,Bebida en polvo,1500,a
Café Paquete Aguila Roja 50g,15,Aguila Roja,Unidad,Cafe,2700,a
Café Tarro Aroma en Polvo Intantaneo 45g,8,Aroma,Unidad,Cafe,9400,a
Café Sobre Aroma Café Tostado y Molido 50g,8,Aroma,Unidad,Cafe,2100,a
 Café Tostado y Molido Bary Sobre 200g,1,Bary,Unidad,Cafe,10700,a
 Café Tostado y Molido Bary Sobre 100g,1,Bary,Unidad,Cafe,5600,a
 Café Tostado y Molido Bary Sobre 50g,1,Bary,Unidad,Cafe,2600,a
Café Buendía Unidad 1.5g,2,Buendía,Unidad,Cafe,300,a
Café Tarro Colcafé Suave Clásico 50g,8,Colcafe,Unidad,Cafe,9100,a
Sobre Colcafé Café con Leche 22g,3,Colcafé,Unidad,Cafe,1400,a
Sobre Colcafé Capuccino Clasico 18g,3,Colcafé,Unidad,Cafe,1700,a
Sobre Colcafé Crema Azucar 19g,3,Colcafé,Unidad,Cafe,1600,a
Café Sobre Fusión Café tostado y molido 40g,9,Fusión,Unidad,Cafe,1500,a
Café Sobre Juan Valdez Selección Premium Montaña 30 g,2,Juan Valdez,Unidad,Cafe,2800,a
Café Tarro Juan Valdez Soluble Liofilizado 50g,5,Juan Valdez,Unidad,Cafe,15500,a
Café Paquete Lukafé Clasico Luker 100g,15,Luker,Unidad,Cafe,7000,a
Café Tarro Nescafé Tradición 50g,20,Nescafé,Unidad,Cafe,9800,a
Café Nescafé Tradicional Sobre 25g,7,Nescafé,Unidad,Cafe,3000,a
Sobre Nescafé Dolca 7.8g,15,Nescafé,Unidad,Cafe,1000,a
Café Paquete Sello Rojo Tradicional 50g,4,Sello Rojo,Unidad,Cafe,2500,a
Café Paquete Sello Rojo Tradicional 212g,4,Sello Rojo,Unidad,Cafe,11100,a
Café Tostao Granulado Sobre 1.5g,8,Tostao,Unidad,Cafe,300,a
Café Tostao Selecto Intenso Paquete 40g,8,Tostao,Unidad,Cafe,2500,a
Café Tostao Selecto Paquete 110g,8,Tostao,Unidad,Cafe,6500,a
Cerveza Lata Unidad Águila  Original 330 cm³,9,Aguila,330 cm³,Cerveza,3500,a
Cerveza Lata Six pack Águila Original 330 cm³,4,Águila,330 cm³,Cerveza,21000,a
Cerveza Lata Unidad Águila Light 473 cm³,16,Águila,473 cm³,Cerveza,4000,a
Cerveza Lata Six Pack Águila Light 473 cm³,16,Águila,473 cm³,Cerveza,24000,a
Cerveza Lata Unidad Águila Light 269 cm³,16,Águila,269 cm³,Cerveza,2000,a
Cerveza Lata Six Pack Águila Light 269 cm³,16,Águila,269 cm³,Cerveza,12000,a
Cerveza Lata Unidad Andina Millos 330 cm³,16,Andina,330 cm³,Cerveza,3500,a
Cerveza Lata Six Pack Andina Millos 330 cm³,16,Andina,330 cm³,Cerveza,21000,a
Cerveza Lata Unidad Andina 269 cm³,16,Andina,269 cm³,Cerveza,2700,a
Cerveza Lata Six Pack Andina 269 cm³,16,Andina,269 cm³,Cerveza,16200,a
Cerveza Lata Unidad BBC Cajicá Miel de Abejas 269 cm³,16,BBC,269 cm³,Cerveza,2832,a
Cerveza Lata BBC Cajicá Miel de Abejas Pack 4 269 cm³,16,BBC,269 cm³,Cerveza,14724,a
Cerveza Lata Unidad Bretaña Hard Seltzer 269 cm³,16,Bretaña,269 cm³,Cerveza,5500,a
Cerveza Lata Six Pack Bretaña Hard Seltzer 269 cm³,16,Bretaña,269 cm³,Cerveza,33000,a
Cerveza Lata Unidad Club Colombia Roja 330 cm³,3,Club Colombia,330 cm³,Cerveza,4000,a
Cerveza Lata Six pack Club Colombia Roja 330 cm³,3,Club Colombia,330 cm³,Cerveza,24000,a
Cerveza Lata Unidad Club Colombia Dorada 330 cm³,4,Club Colombia,330 cm³,Cerveza,4000,a
Cerveza Lata Six pack Club Colombia Dorada 330 cm³,4,Club Colombia,330 cm³,Cerveza,24000,a
Cerveza Lata Unidad Club Colombia Negra 330 cm³,16,Club Colombia,330 cm³,Cerveza,4000,a
Cerveza Lata Six Pack Club Colombia Negra 330 cm³,16,Club Colombia,330 cm³,Cerveza,24000,a
Cerveza Lata Unidad Club Colombia Dorada 473 cm³,16,Club Colombia,473 cm³,Cerveza,4500,a
Cerveza Lata Six Pack Club Colombia Dorada 473 cm³,16,Club Colombia,473 cm³,Cerveza,27000,a
Cerveza Lata Unidad Cola y Pola 330 cm³,16,Cola y Pola,269 cm³,Cerveza,2600,a
Cerveza Lata Six Pack Cola y Pola 330 cm³,16,Cola y Pola,269 cm³,Cerveza,15600,a
Cerveza Lata Unidad Costeña bacana 330 cm³,16,Costeña,330 cm³,Cerveza,2600,a
Cerveza Lata Six Pack Costeña bacana 330 cm³,16,Costeña,330 cm³,Cerveza,15600,a
Cerveza Lata Unidad Heineken 269 cm³,16,Heineken,269 cm³,Cerveza,3000,a
Cerveza Lata Six Pack Heineken  269 cm³,16,Heineken,269 cm³,Cerveza,18000,a
Cerveza Lata Unidad Poker 473 cm³,16,Poker,473 cm³,Cerveza,4000,a
Cerveza Lata Six Pack Poker 473 cm³,16,Poker,473 cm³,Cerveza,24000,a
Cerveza Lata Unidad Poker 330 cm³,16,Poker,330 cm³,Cerveza,3500,a
Cerveza Lata Six Pack Poker 330 cm³,16,Poker,330 cm³,Cerveza,21000,a
Cerveza Lata Unidad Redds 269cm³,7,Redds,269cm³,Cerveza,3200,a
Cerveza Lata Six pack Redds 269cm³,7,Redds,269cm³,Cerveza,19200,a
Cerveza Botella Canasta 16 Unidades Águilon 750 cm³,16,Águila,750 cm³,Cerveza,88000,a
Cerveza Botella Canasta 30 unidades Águila 330 cm³,16,Águila,330 cm³,Cerveza,90000,a
Cerveza Botella Media Canasta 15 unidades Águila 330 cm³,16,Águila,330 cm³,Cerveza,45000,a
Cerveza Botella Media Canasta 8 Unidades Águilon 750 cm³,16,Águila,750 cm³,Cerveza,44000,a
Cerveza Botella Six Pack Águila330 cm³,16,Águila,330 cm³,Cerveza,18000,a
Cerveza Botella Unidad Águila 330 cm³,16,Águila,330 cm³,Cerveza,3000,a
Cerveza Botella Unidad Águilon 750 cm³,16,Águila,750 cm³,Cerveza,5500,a
Cerveza Botella Media Canasta 15 Unidades Águila Light 330 cm³,16,Águila,330 cm³,Cerveza,45000,a
Cerveza Botella Canasta 30 Unidades Águila Light 330 cm³,16,Águila,330 cm³,Cerveza,90000,a
Cerveza Botella Sick Pack Águila Light 330 cm³,16,Águila,330 cm³,Cerveza,18000,a
Cerveza Botella Unidad Águila Light 330 cm³,16,Águila,330 cm³,Cerveza,3000,a
Cerveza Botella Canasta 30 unidades Andina Dorada330 cm³,16,Andina,330 cm³,Cerveza,90000,a
Cerveza Botella Media Canasta 15 unidades Andina Dorada 330 cm³,16,Andina,330 cm³,Cerveza,45000,a
Cerveza Botella Six Pack Andina Dorada 330 cm³,16,Andina,330 cm³,Cerveza,18000,a
Cerveza Botella Unidad Andina Dorada 330 cm³,16,Andina,330 cm³,Cerveza,3000,a
Cerveza Botella 4 unidades BBC Cerveza Rubia Pura Malta 330 cm³,16,BBC,330 cm³,Cerveza,21200,a
Cerveza Botella Caja 24 Unidades BBC Cerveza Rubia Pura Malta 330 cm³,16,BBC,330 cm³,Cerveza,127200,a
Cerveza Botella Media Caja 12 unidades BBC Cerveza Rubia Pura Malta 330 cm³,16,BBC,330 cm³,Cerveza,63600,a
Cerveza Botella Six pack BBC Cerveza Rubia Pura Malta 330 cm³,16,BBC,330 cm³,Cerveza,31800,a
Cerveza Botella Unidad BBC Cerveza Rubia Pura Malta 330 cm³,16,BBC,330 cm³,Cerveza,5300,a
Cerveza Botella Canasta 30 unidades Budweiser 330 cm³,16,Budweiser,330 cm³,Cerveza,96000,a
Cerveza Botella Unidad Budweiser 330 cm³,16,Budweiser,330 cm³,Cerveza,3200,a
Cerveza Botella Media Canasta 15 unidades Budweiser 330 cm³,16,Budweiser,330 cm³,Cerveza,48000,a
Cerveza Botella Six Pack  Budweiser 330 cm³,16,Budweiser,330 cm³,Cerveza,19200,a
Cerveza Botella Unidad Budweiser 250 cm³,16,Budweiser, 250 cm³,Cerveza,2600,a
Cerveza Botella Canasta 38 unidades Budweiser 250 cm³,16,Budweiser, 250 cm³,Cerveza,98800,a
Cerveza Botella Media Canasta 19 unidades Budweiser 250 cm³,16,Budweiser, 250 cm³,Cerveza,49400,a
Cerveza Botella Six Pack  Budweiser 250 cm³,16,Budweiser,250 cm³,Cerveza,15600,a
Cerveza Botella Canasta 13 Unidades Club Colombia Gran Dorada 850 cm³,16,Club Colombia,850 cm³,Cerveza,78000,a
Cerveza Botella Media Canasta 15 unidades Club Colombia  Dorada 330 cm³,16,Club Colombia,330 cm³,Cerveza,52500,a
Cerveza Botella Canasta 30 unidades Club Colombia  Dorada 330 cm³,16,Club Colombia,330 cm³,Cerveza,105000,a
Cerveza Botella Unidad Club Colombia  Dorada 330 cm³,16,Club Colombia,330 cm³,Cerveza,3500,a
Cerveza Botella Sick Pack Club Colombia  Dorada 330 cm³,16,Club Colombia,330 cm³,Cerveza,21000,a
Cerveza Botella Unidad Club Colombia Gran Dorada 850 cm³,16,Club Colombia,850 cm³,Cerveza,6000,a
Cerveza Botella Canasta 30 unidades Cola y Pola 330 cm³,16,Cola y Pola,330 cm³,Cerveza,60000,a
Cerveza Botella Media Canasta 15 unidades Cola y Pola 330 cm³,16,Cola y Pola,330 cm³,Cerveza,30000,a
Cerveza Botella Six Pack Cola y Pola 330 cm³,16,Cola y Pola,330 cm³,Cerveza,12000,a
Cerveza Botella Unidad Cola y Pola 330 cm³,16,Cola y Pola,330 cm³,Cerveza,2000,a
Cerveza Botella Canasta 30 unidades Corona Extra 330 cm³,16,Corona,330 cm³,Cerveza,135000,a
Cerveza Botella Canasta 40 unidades Coronita Extra 210 cm³,16,Corona,210 cm³,Cerveza,140000,a
Cerveza Botella Media Canasta 15 unidades Corona Extra 330 cm³,16,Corona,330 cm³,Cerveza,67500,a
Cerveza Botella Media Canasta 20 unidades Coronita Extra 210 cm³,16,Corona,210 cm³,Cerveza,70000,a
Cerveza Botella Six Pack Corona Extra 330 cm³,16,Corona,330 cm³,Cerveza,27000,a
Cerveza Botella Six Pack Coronita Extra 210 cm³,16,Corona,210 cm³,Cerveza,21000,a
Cerveza Botella Unidad Corona Extra 330 cm³,16,Corona,330 cm³,Cerveza,4500,a
Cerveza Botella Unidad Coronita Extra 210 cm³,16,Corona,210 cm³,Cerveza,3500,a
Cerveza Botella Canasta 30 unidades Costeña Bacana 320 cm³,16,Costeña,320 cm³,Cerveza,60000,a
Cerveza Botella Canasta 30 unidades Costeña Original 330 cm³,16,Costeña,330 cm³,Cerveza,60000,a
Cerveza Botella Six Pack Costeña Original 750 cm³,16,Costeña,750 cm³,Cerveza,21000,a
Cerveza Botella Media Canasta 8 unidades Costeña Original 750 cm³,16,Costeña,750 cm³,Cerveza,28000,a
Cerveza Botella Canasta 16 unidades Costeña Original 750 cm³,16,Costeña,750 cm³,Cerveza,56000,a
Cerveza Botella Unidad Costeña Original 750 cm³,16,Costeña,750 cm³,Cerveza,3500,a
Cerveza Botella Media Canasta 15 unidades Costeña Bacana 320 cm³,16,Costeña,320 cm³,Cerveza,30000,a
Cerveza Botella Media Canasta 15 unidades Costeña Original 330 cm³,16,Costeña,330 cm³,Cerveza,30000,a
Cerveza Botella Six Pack Costeña Bacana 320 cm³,16,Costeña,320 cm³,Cerveza,12000,a
Cerveza Botella Six Pack Costeña Original 330 cm³,16,Costeña,330 cm³,Cerveza,12000,a
Cerveza Botella Unidad Costeña Bacana 320 cm³,16,Costeña,320 cm³,Cerveza,2000,a
Cerveza Botella Unidad Costeña Original 330 cm³,16,Costeña,330 cm³,Cerveza,2000,a
Cerveza Botella Six Pack Heineken 330 cm³,16,Heineken,330 cm³,Cerveza,25800,a
Cerveza Botella Unidad Heineken 330 cm³,16,Heineken,330 cm³,Cerveza,4300,a
Cerveza Botella Six Pack Like Blue Berry 300 cm³,16,Like,300 cm³,Cerveza,21000,a
Cerveza Botella Six Pack Like Citrus 300 cm³,16,Like,300 cm³,Cerveza,21000,a
Cerveza Botella Six Pack Like Fresh Apple 300 cm³,16,Like,300 cm³,Cerveza,21000,a
Cerveza Botella Unidad Like Blue Berry 300 cm³,16,Like,300 cm³,Cerveza,3500,a
Cerveza Botella Unidad Like Citrus 300 cm³,16,Like,300 cm³,Cerveza,3500,a
Cerveza Botella Unidad Like Fresh Apple 300 cm³,16,Like,300 cm³,Cerveza,3500,a
Cerveza Botella Canasta 16 Unidades Pokeron 750 cm³,16,Poker,750 cm³,Cerveza,88000,a
Cerveza Botella Canasta 30 unidades Poker 330 cm³,16,Poker,330 cm³,Cerveza,90000,a
Cerveza Botella Media Canasta 15 unidades Poker 330 cm³,16,Poker,330 cm³,Cerveza,45000,a
Cerveza Botella Media Canasta 8 Unidades Pokeron 750 cm³,16,Poker,750 cm³,Cerveza,44000,a
Cerveza Botella Six Pack Poker 330 cm³,16,Poker,330 cm³,Cerveza,18000,a
Cerveza Botella Unidad Poker 330 cm³,16,Poker,330 cm³,Cerveza,3000,a
Cerveza Botella Unidad Pokeron 750 cm³,16,Poker,750 cm³,Cerveza,5500,a
Cigarrillo Unidad Lucky Strike Mora Mentol,20,Lucky Strike,Unidad,Cigarrillos,1200,a
Cigarrillo Unidad Lucky Strike  Menta Mentol,20,Lucky Strike,Unidad,Cigarrillos,1200,a
Cigarrillo Unidad Lucky Strike  Tropical Mentol,20,Lucky Strike,Unidad,Cigarrillos,1200,a
Cigarrillo Unidad Lucky Strike  Frutos Rojos Mentol,20,Lucky Strike,Unidad,Cigarrillos,1200,a
Cigarrillo Media 10 Unidades Lucky Strike  Mora  Mentol,20,Lucky Strike,10 Unidades,Cigarrillos,7100,a
Cigarrillo Media 10 Unidades Lucky Strike  Menta Mentol,20,Lucky Strike,10 Unidades,Cigarrillos,7100,a
Cigarrillo Media 10 Unidades Lucky Strike  Tropical Mentol ,20,Lucky Strike,10 Unidades,Cigarrillos,7100,a
Cigarrillo Media 10 Unidades Lucky Strike  Frutos Rojos Mentol,20,Lucky Strike,10 Unidades,Cigarrillos,7100,a
Cigarrillo Unidad Rothmans of London Mora Mentol,20,Rothmans,Unidad,Cigarrillos,1000,a
Cigarrillo Unidad Rothmans of London Menta Mentol,20,Rothmans,Unidad,Cigarrillos,1000,a
Cigarrillo Unidad Rothmans of London Tropical Mentol,20,Rothmans,Unidad,Cigarrillos,1000,a
Cigarrillo Media 10 Unidades Rothmans of London Mora Mentol,20,Rothmans,10 Unidades,Cigarrillos,4300,a
Cigarrillo Media 10 Unidades Rothmans of London Menta Mentol,20,Rothmans,10 Unidades,Cigarrillos,4300,a
Cigarrillo Media 10 Unidades Rothmans of London Tropical Mentol,20,Rothmans,10 Unidades,Cigarrillos,4300,a
Cigarrillo Unidad Rothmans of London Frutos Rojos Mentol,20,Rothmans,Unidad,Cigarrillos,800,a
Cigarrillo Unidad Rothmans of London Blanco Mentol,20,Rothmans,Unidad,Cigarrillos,800,a
Cigarrillo Unidad Rothmans of London Frutos del Bosque Mentol,20,Rothmans,Unidad,Cigarrillos,800,a
Cigarrillo Media 10 Unidades Rothmans of London Frutos Rojos Mentol,20,Rothmans,10 Unidades,Cigarrillos,4300,a
Cigarrillo Media 10 Unidades Rothmans of London Blanco Mentol,20,Rothmans,10 Unidades,Cigarrillos,4300,a
Cigarrillo Media 10 Unidades Rothmans of London Frutos del Bosque Mentol,20,Rothmans,10 Unidades,Cigarrillos,4300,a
Cigarrillo Unidad Rothmans of London Azul ,20,Rothmans,Unidad,Cigarrillos,1000,a
Cigarrillo Media 10 Unidades Rothmans of London Azul ,20,Rothmans,10 Unidades,Cigarrillos,6000,a
Cigarrillo Unidad Rothmans of London Azul Clásico ,20,Rothmans,Unidad,Cigarrillos,800,a
Cigarrillo Media 10 Unidades Rothmans of London Azul Clásico ,20,Rothmans,10 Unidades,Cigarrillos,3400,a
Cigarrillo Completo 20 Unidades Rothmans of London Azul,20,Rothmans,20 Unidades,Cigarrillos,12000,a
Cigarrillo Unidad Malboro Vista Exotic ,20,Malboro,Unidad,Cigarrillos,1200,a
Cigarrillo Media 10 Unidades Malboro Vista Exotic ,20,Malboro,10 Unidades,Cigarrillos,7100,a
Cigarrillo Unidad Malboro Summer Fusion,20,Malboro,Unidad,Cigarrillos,1200,a
Cigarrillo Media 10 Unidades Malboro Summer Fusion,20,Malboro,10 Unidades,Cigarrillos,7100,a
Cigarrillo Unidad Malboro Fusion Vista,20,Malboro,Unidad,Cigarrillos,1200,a
Cigarrillo Media 10 Unidades Malboro Fusion Vista,20,Malboro,10 Unidades,Cigarrillos,7100,a
Cigarrillo Unidad Malboro Selection,20,Malboro,Unidad,Cigarrillos,1200,a
Cigarrillo Media 10 Unidades Malboro Selection,20,Malboro,10 Unidades,Cigarrillos,5500,a
Cigarrillo Unidad Malboro Tradicional Rojo,20,Malboro,Unidad,Cigarrillos,1200,a
Cigarrillo Media 10 Unidades Malboro Tradicional Rojo,20,Malboro,10 Unidades,Cigarrillos,6200,a
Cigarrillo Unidad Malboro Red Selection,20,Malboro,Unidad,Cigarrillos,1200,a
Cigarrillo Media 10 Unidades Malboro Red Selection,20,Malboro,10 Unidades,Cigarrillos,3700,a
Cigarrillo Completo 20 Unidades Malboro Tradicional Rojo,20,Malboro,20 Unidades,Cigarrillos,12400,a
Cigarrillo Unidad L&M Blue Evo ,20,L&M,Unidad,Cigarrillos,1000,a
Cigarrillo Media 10 Unidades  L&M Blue Evo ,20,L&M,10 Unidades,Cigarrillos,4500,a
Cigarrillo Unidad L&M Blue Selection,20,L&M,Unidad,Cigarrillos,1000,a
Cigarrillo Media 10 Unidades L&M Blue Selection,20,L&M,10 Unidades,Cigarrillos,3900,a
Cigarrillo Completo 20 Unidades L&M Blue Evo ,20,L&M,20 Unidades,Cigarrillos,7800,a
Cigarrillo Media 18 Unidades  Piel Roja Tradicional ,20,Piel Roja,18 Unidades,Cigarrillos,9000,a
Jabon de Cuerpo Le Fragance 3 Unidades 330g,15, Le Fragance ,Unidad,Cuidado Personal,4200,a
Jabon de Cuerpo  Le Fragance Unidad ,15, Le Fragance ,Unidad,Cuidado Personal,1900,a
Gel Extra Fuerte Bachue Sobre 20g,12,Bachue,Unidad,Cuidado Personal,600,a
Desodorante Balance Women Clinical Protection Tarrito 32g,18,Balance for Men,Unidad,Cuidado Personal,4300,a
Desodorante Balance Men Clinical Protection Tarrito 32g,18,Balance for Men,Unidad,Cuidado Personal,4300,a
Desodorante Balance for Men Gel Energy Sobre 10g,18,Balance for Men,Unidad,Cuidado Personal,1000,a
Desodorante Balance Women Clinical Protection Sobre 11.5g,7,Balance Women,Unidad,Cuidado Personal,1200,a
Pañal Bebe Etapa 4 Bebex Unidad,15,Bebex,Unidad,Cuidado Personal,1700,a
Crema Dental Colgate Triple Acción Caja 75ml,8,Colgate,Unidad,Cuidado Personal,4500,a
Crema Dental Colgate Caja 22ml,8,Colgate,Unidad,Cuidado Personal,2400,a
Gel Dental Colgate Kids Sabor a Uvanetura Caja 50g,11,Colgate,Unidad,Cuidado Personal,2600,a
Gel Dental Colgate Kids Sabor a Tutti Frutti Caja 50g,11,Colgate,Unidad,Cuidado Personal,2600,a
Crema Dental Colgate Triple Acción Xtra Caja 60ml,2,Colgate,Unidad,Cuidado Personal,4100,a
Crema Dental Colgate Triple Acción Caja 60ml,5,Colgate,Unidad,Cuidado Personal,3800,a
Cepillo Dental Colgate Medio Unidad ,15,Colgate,Unidad,Cuidado Personal,2600,a
Jabon de Cuerpo Cristalino Frutos Rojos Unidad 125g,15,Cristalino,Unidad,Cuidado Personal,3300,a
Jabon de Cuerpo Cristalino Avena Unidad 125g,15,Cristalino,Unidad,Cuidado Personal,3300,a
Jabon de Cuerpo Cristalino Manzana Unidad 125g,15,Cristalino,Unidad,Cuidado Personal,3300,a
Jabon de Cuerpo Deseo Manzana Verde Unidad 110g,15,Deseo,Unidad,Cuidado Personal,2300,a
Jabon de Cuerpo Deseo Algas Marinas Unidad 110g,15,Deseo,Unidad,Cuidado Personal,2300,a
Jabon de Cuerpo Deseo Coco Almendra Unidad 110g,15,Deseo,Unidad,Cuidado Personal,2300,a
Jabon de Cuerpo Deseo Avena Unidad 110g,15,Deseo,Unidad,Cuidado Personal,2300,a
Shampoo Hidratación Dove Sobre 18ml,10,Dove,Unidad,Cuidado Personal,1000,a
Tratamiento Capilar hair therapy Dove Sobre 22ml,10,Dove,Unidad,Cuidado Personal,1500,a
Super Acondicionador Dove Sobre 12ml,10,Dove,Unidad,Cuidado Personal,1000,a
Shampoo 2 en 1 Anticaspa Dermascalp Care Dove Sobre 15ml,10,Dove,Unidad,Cuidado Personal,1000,a
Desodorante Dove DermoAclarant Sobre 8.5g,15,Dove,Unidad,Cuidado Personal,1200,a
Copitos Ecopitos Paquete 50 Unidades ,50,Ecopitos,Unidad,Cuidado Personal,3300,a
Cera para Peinar Ego Sobre 19ml,11,Ego,Unidad,Cuidado Personal,1500,a
Gel Ego Extreme Max Sobre 25ml,2,Ego,25ml,Cuidado Personal,1200,a
Gel Ego Extreme Tarro 110ml,20,Ego,Unidad,Cuidado Personal,3200,a
Toallitas Humedas Elite Antibacteriales Paquete 10 Unidades ,20,Elite,Unidad,Cuidado Personal,2400,a
Pañuelos Suave Gold Paquete 10 Unidades 18g,10,Familia,Unidad,Cuidado Personal,1200,a
Pañuelos Familia Paquete 10 Unidades 20.8g,10,Familia,Unidad,Cuidado Personal,1300,a
Champú Liquido Gamaderm Sobre 12ml,21,Gamaderm,Unidad,Cuidado Personal,2000,a
Gel Antibacterial Sin Enjuague Tarrito,10,Gel Antibacterial,Unidad,Cuidado Personal,2000,a
Cuchilla Gillete PrestoBarba3 Unidad ,15,Gillete,Unidad,Cuidado Personal,4600,a
Cuchilla Gillete PrestoBarba3 Hojas Unidad ,15,Gillete,Unidad,Cuidado Personal,4600,a
Jabon Liquido Para Manos Girasol Durazno Tarrito 500ml,15,Girasol,Unidad,Cuidado Personal,6200,a
Jabon Liquido Para Manos Girasol Avena Tarrito 500ml,15,Girasol,Unidad,Cuidado Personal,6200,a
Shampoo Head & Shoulders Hidratación Aceite de Coco Sobre 16 ml,27,Head & Shoulders,Unidad,Cuidado Personal,1000,a
Shampoo Head & Shoulders 2 en 1 Suave y manejable Sobre 18 ml,27,Head & Shoulders,Unidad,Cuidado Personal,1000,a
Shampoo Head & Shoulders Hidratación Sobre 18 ml,27,Head & Shoulders,Unidad,Cuidado Personal,1000,a
Shampoo Head & Shoulders Limpieza Renovadora Sobre 33 ml,27,Head & Shoulders,Unidad,Cuidado Personal,1500,a
Paquete 16 Toallas humedas de Limpieza Huggies ,20,Huggies,Unidad,Cuidado Personal,2800,a
Crema Dental Fluo Cardent Caja 50ml,8,Jgb,Unidad,Cuidado Personal,3400,a
Alcohol Anticeptico Jgb Botella 700ml,8,Jgb,Unidad,Cuidado Personal,7100,a
Alcohol Anticeptico Jgb Botella 120ml,8,Jgb,Unidad,Cuidado Personal,4200,a
Algodón Jgb Paquete 25g,3,Jgb,Unidad,Cuidado Personal,2000,a
Cepillo Dental Fluo Cardent Unidad Adulto,15,Jgb,Unidad,Cuidado Personal,2200,a
Cepillo Dental Colgate Kids Unidad ,15,Jgb,Unidad,Cuidado Personal,2400,a
Aceite Johnson's Baby Tarrito 50ml,2,Johnson's,Unidad,Cuidado Personal,7400,a
Baby Shampoo Johnson's Baby Cabello Claro Sobre 10ml,32,Johnson's,Unidad,Cuidado Personal,500,a
Baby Shampoo Johnson's Baby Sobre 25ml,32,Johnson's,Unidad,Cuidado Personal,1000,a
Jabon de Cuerpo Johnsons Daily Care Aloe y Vitamina Unidad 110g,15,Johnson's,Unidad,Cuidado Personal,3400,a
Jabon de Cuerpo Johnsons Daily Care Original Unidad 110g,15,Johnson's,Unidad,Cuidado Personal,3400,a
Jabon de Cuerpo Johnsons NutriSpa Reparadora Unidad 110g,15,Johnson's,Unidad,Cuidado Personal,3400,a
Jabon de Cuerpo Johnsons Daily Care Rosas y Sandalo Unidad 110g,15,Johnson's,Unidad,Cuidado Personal,3400,a
Shampoo Konzil Ultra Reparación Sobre 20ml,18,Konzil,Unidad,Cuidado Personal,1000,a
Antibacterial Lady Speed Stick Clinical Complete Trrito 30g,4,Lady Speed Stick,Unidad,Cuidado Personal,3800,a
Gel Lady Speed Stick Floral Fresh Sobrel 10g,18,Lady Speed Stick,Unidad,Cuidado Personal,1200,a
Enjuague Bucal Listerine Cool Mint Botella 180ml,3,Listerine,Unidad,Cuidado Personal,10000,a
Crema Lubriderm Para Prevencion FPS30Sobre 25ml,2,Lubriderm,Unidad,Cuidado Personal,2300,a
Crema Lubriderm Piel Normal Sobre 25ml,2,Lubriderm,Unidad,Cuidado Personal,2300,a
Copitos Medicare 50 Unidades,100,Medicare,Unidad,Cuidado Personal,2200,a
Menticol Loción Tarrito 60ml,2,Menticol,Unidad,Cuidado Personal,4000,a
Polvo Desodorante Mexsana 150g y 85g,2,Mexsana,Unidad,Cuidado Personal,20100,a
Jabon de Cuerpo Midia Avena 3 Unidades 330g,15,Midia,Unidad,Cuidado Personal,6200,a
Jabon de Cuerpo Midia Avena Unidad 330g,15,Midia,Unidad,Cuidado Personal,2200,a
Jabon de Cuerpo Midia Antibacterial 3 Unidades 330g,15,Midia,Unidad,Cuidado Personal,6200,a
Jabon de Cuerpo Midia Antibacterial Unidad ,15,Midia,Unidad,Cuidado Personal,2200,a
Jabon de Cuerpo Mio Sensación Armoniosa Unidad 125g,15,Mio,Unidad,Cuidado Personal,2300,a
Jabon de Cuerpo Mio Sensación Delicada Unidad 125g,15,Mio,Unidad,Cuidado Personal,2300,a
Alcohol Antiséptico MK Botella 120ml,2,MK,Unidad,Cuidado Personal,3800,a
Alcohol Antiséptico MK Botella 350ml,2,MK,Unidad,Cuidado Personal,5900,a
Algodón MK Zig Zag Paquete 50g,2,MK,Unidad,Cuidado Personal,3500,a
Hidoxido de Magnesio Magnesia Tarro 120ml ,23,MK,Unidad,Cuidado Personal,5600,a
Tratamiento Capilar Con Células Madre Nutribela15 Sobre 27ml,12,Nutribela,Unidad,Cuidado Personal,1500,a
Shampoo Con Células Madre Nutribela15 Sobre 18ml,12,Nutribela,Unidad,Cuidado Personal,1000,a
Acondicionador Con Células Madre Nutribela15 Sobre 15ml,12,Nutribela,Unidad,Cuidado Personal,1000,a
Acondicionador Enzimoterapia Nutribela15 Sobre 15ml,12,Nutribela,Unidad,Cuidado Personal,1000,a
Shampoo Enzimoterapia Nutribela15 Sobre 18ml,12,Nutribela,Unidad,Cuidado Personal,1000,a
Tratamiento Capilar Enzimoterapia Nutribela15 Sobre 27ml,12,Nutribela,Unidad,Cuidado Personal,1500,a
Acondicionador Pro Hialarurónico Nutribela15 Sobre 15ml,5,Nutribela,Unidad,Cuidado Personal,1000,a
Shampoo Pro Hialarurónico Nutribela15 Sobre 18ml,5,Nutribela,Unidad,Cuidado Personal,1000,a
Tratamiento Capilar Pro Hialurónico Nutribela15 Sobre 24ml,5,Nutribela,Unidad,Cuidado Personal,1500,a
Tratamiento Capilar Termoprotección Nutribela15 Sobre 24ml,15,Nutribela,Unidad,Cuidado Personal,1500,a
Tratamiento Repolarización Nutribela15 Sobre 27ml,15,Nutribela,Unidad,Cuidado Personal,1500,a
Shampoo Reparación Intensiva Nutribela15 Sobre 18ml,15,Nutribela,Unidad,Cuidado Personal,1000,a
Acondicionador Reparación Intensiva Nutribela15 Sobre 15ml,15,Nutribela,Unidad,Cuidado Personal,1000,a
Cepillo Dental OralB Pro Unidad ,15,Oral B,Unidad,Cuidado Personal,2200,a
Cepillo Dental OralB Unidad ,15,Oral B,Unidad,Cuidado Personal,3200,a
Agua Oxigenada OSA Tarrito 120ml,3,OSA,Unidad,Cuidado Personal,3000,a
Jabon de Cuerpo Palmolive Naturals Hidratación Radiante Unidad 120g,15,Palmolive,Unidad,Cuidado Personal,3500,a
Jabon de Cuerpo Dove Original Unidad 90g,15,Palmolive,Unidad,Cuidado Personal,4000,a
Jabon de Cuerpo Dove Cuidado Indulgente Unidad 90g,15,Palmolive,Unidad,Cuidado Personal,4000,a
Jabon de Cuerpo Dove Karité Unidad 90g,15,Palmolive,Unidad,Cuidado Personal,4000,a
Shampoo Nutritivo Colágeno Pantene Pro Sobre 18ml,20,Pantene,Unidad,Cuidado Personal,1000,a
Shampoo Restauración Pantene Pro Sobre 18ml,20,Pantene,Unidad,Cuidado Personal,1000,a
Shampoo Equilibrio Raiz y Puntas Pantene Pro Sobre 18ml,20,Pantene,Unidad,Cuidado Personal,1000,a
Acondicionador Restauración Pantene Pro Sobre 10ml,20,Pantene,Unidad,Cuidado Personal,600,a
Crema Hidratante Rizos Pantene Sobre 16ml,20,Pantene,Unidad,Cuidado Personal,1000,a
Crema Hidratante Rizos Pantene Sobre 12ml,20,Pantene,Unidad,Cuidado Personal,500,a
Pañal Bebe Etapa 5 Pequeñin Unidad,15,Pequeñin,Unidad,Cuidado Personal,1800,a
Pañal Bebe Etapa 4 Pequeñin Unidad,15,Pequeñin,Unidad,Cuidado Personal,1700,a
Pañal Bebe Etapa 3 Pequeñin Unidad,15,Pequeñin,Unidad,Cuidado Personal,1500,a
Pañal Bebe Etapa 2 Pequeñin Unidad,15,Pequeñin,Unidad,Cuidado Personal,1200,a
Pañal Bebe Etapa 1 Pequeñin Unidad,15,Pequeñin,Unidad,Cuidado Personal,1100,a
Crema Anti Manchas Clarant B3 Pond's Sobre 8.5g,5,Ponds,Unidad,Cuidado Personal,2000,a
Crema Humectante Crema S Pond's Sobre 10g,5,Ponds,Unidad,Cuidado Personal,1700,a
Crema de Limpieza C Pond's Sobre 10g,5,Ponds,Unidad,Cuidado Personal,1700,a
Crema Contra Arrugas Pond's Sobre 8.5g,5,Ponds,Unidad,Cuidado Personal,2000,a
Crema AntiEdad Ace Miracle Pond's Sobre 7g,5,Ponds,Unidad,Cuidado Personal,3000,a
Limpiador Facial Pond's Sobre 6g,5,Ponds,Unidad,Cuidado Personal,1200,a
Jabon de Cuerpo Protex Avena Unidad 110g,15,Protex,Unidad,Cuidado Personal,3700,a
Jabon de Cuerpo Protex Limpieza Profunda Unidad 110g,15,Protex,Unidad,Cuidado Personal,3700,a
Jabon de Cuerpo Protex Herbal Unidad 110g,15,Protex,Unidad,Cuidado Personal,3700,a
Jabon de Cuerpo Protex Duo Protect Unidad 110g,15,Protex,Unidad,Cuidado Personal,3700,a
Jabon de Cuerpo Rexona Bamboo y Aloe Unidad 110g,15,Protex,Unidad,Cuidado Personal,3400,a
Jabon de Cuerpo Rexona Avena Unidad 110g,15,Protex,Unidad,Cuidado Personal,3400,a
 Crema Desodorante Rexona Women Bamboo Sobre 15g,18,Rexona,Unidad,Cuidado Personal,1000,a
 Crema Desodorante Rexona Men Sobre 15g,18,Rexona,Unidad,Cuidado Personal,1000,a
Gel Fijador Rolda Tarro 120g,15,Rolda,Unidad,Cuidado Personal,3800,a
Desodorante Savital Extracto de Sábila Sobre 20g,18,Savital,Unidad,Cuidado Personal,800,a
Acondicionador Savital Aceite de Argán y Sábila Sobre 22ml,27,Savital,Unidad,Cuidado Personal,1000,a
Acondicionador Savital Fusión Proteinas y Sábila Sobre 22ml,27,Savital,Unidad,Cuidado Personal,1000,a
Shampoo Savital Anticaspa Suavidad Increible Sobre 27ml,27,Savital,Unidad,Cuidado Personal,1000,a
Shampoo Savital Multivitaminas y sábila Sobre 25ml,27,Savital,Unidad,Cuidado Personal,1000,a
Shampoo Savital Sérum de Aminoácidos Paquete 100ml,10,Savital,Unidad,Cuidado Personal,3000,a
Shampoo Savital Multióleos y Sábila Paquete 100ml,10,Savital,Unidad,Cuidado Personal,3000,a
Crema para Rizos Savital Aceite de Argán y Sábila Paquete 90 ml,10,Savital,Unidad,Cuidado Personal,3200,a
Crema para Peinar Savital Fusión Proteínas y Sábila Paquete 95ml,22,Savital,Unidad,Cuidado Personal,3200,a
Cuchilla Schick Quattro Titanium Unidad ,15,Schick,Unidad,Cuidado Personal,4300,a
Crema para Peinar Sedal Células Madre Sobre 18ml,5,Sedal,Unidad,Cuidado Personal,1000,a
Desodorante Speedstick Xtreme Night Dos Sobres 9g,18,Speedstick,Unidad,Cuidado Personal,800,a
Desodorante Speedstick Xtreme Night Sobre 8g,18,Speedstick,Unidad,Cuidado Personal,1400,a
Protector Solar Sundark Sobre 10g,15,Sundark,Unidad,Cuidado Personal,2800,a
Bloqueador Sola SunDays Sobre 10ml,24,SunDays,Unidad,Cuidado Personal,2300,a
Jabon Liquido Para Manos Violeta Frutos Tarrito 500ml,15,Violeta,Unidad,Cuidado Personal,3000,a
Paquete 24 Toallas Humedas Winny ,20,Winny,Unidad,Cuidado Personal,3400,a
Pack Crema Desodorante Yodora 2 Potes 100g,15,Yodora,Unidad,Cuidado Personal,20400,a
Pack Crema Desodorante Yodora Pote 32g + 60g ,15,Yodora,Unidad,Cuidado Personal,30200,a
Talco Antibacterial Yodora Tarro 60g,15,Yodora,Unidad,Cuidado Personal,5700,a
Dulce Ajonjoli Unidad Pequeña ,50,Ajonjoli,Unidad,Dulces,200,a
Dulce Piruleta Aldor Mangoos Paquete Grande 48 Unidades 288g ,10,Aldor,Unidad,Dulces,9200,a
Dulce Unidad Piruleta Aldor Mangoos ,100,Aldor,Unidad,Dulces,500,a
Dulce Unidad Yogueta Piruleta Sabor Frutales Mora,100,Aldor,Unidad,Dulces,500,a
Dulce Unidad Yogueta Piruleta Sabor Mandarina ,100,Aldor,Unidad,Dulces,500,a
Dulce Unidad Yogueta Piruleta Sabor Mora ,100,Aldor,Unidad,Dulces,500,a
Dulce Unidad Yogueta Piruleta Sabor Fresa ,100,Aldor,Unidad,Dulces,500,a
Dulce Unidad Yogueta Piruleta Sabor Frutales Fresa,100,Aldor,Unidad,Dulces,500,a
Dulce Unidad Yogueta Piruleta Sabor Noix de Coco,100,Aldor,Unidad,Dulces,500,a
Dulce Unidad Yogueta Piruleta Sabor Piña,100,Aldor,Unidad,Dulces,500,a
Dulce Unidad Yogueta Piruleta Sabor Leche Chocolatada,100,Aldor,Unidad,Dulces,500,a
Dulce Aldor Unidad ,100,Aldor,Unidad,Dulces,100,a
Paquete Alfajor Chocolate 85 gr,10,Alfajor,Unidad,Dulces,4500,a
Paquete Alfajor Chocolate Blanco 85 gr,10,Alfajor,Unidad,Dulces,4500,a
Paquete Alfajor Chocolate Blanco 40 gr,10,Alfajor,Unidad,Dulces,2300,a
Dulce Alqueria Arequipe Unidad 50g,10,Alqueria,Unidad,Dulces,1800,a
Dulce de Arequipe Alqueria Unidad,100,Alqueria,Unidad,Dulces,1000,a
Dulce Bianchi Caramelo Mani Unidad 4.6g,15,Bianchi,Unidad,Dulces,150,a
Dulce Bianchi Caramelo Chocolate Unidad 4.6g,15,Bianchi,Unidad,Dulces,150,a
Dulce Bianchi Caramelo Chocolate Blanco Unidad 4.6g,15,Bianchi,Unidad,Dulces,150,a
Dulce Chocolates Bianchi Crunchy Caramelo y Mani Unidad 40g,15,Bianchi,Unidad,Dulces,1700,a
Dulce Chocolates Bianchi Doble Chocolate Unidad 40g,15,Bianchi,Unidad,Dulces,1700,a
Dulce Bombazo Chicle Bomba Unidad,20,Bombazo,Unidad,Dulces,100,a
Dulce Bombazo Chicle Bomba Paquete Grande 50 Unidades 250 g ,4,Bombazo,Unidad,Dulces,8200,a
Dulce Unidad Bubaloo Sparkies 5 Chicles ,30,Bubaloo,Unidad,Dulces,300,a
Dulce Unidad Bubaloo Sparkies Paquete 25g,30,Bubaloo,Unidad,Dulces,1000,a
Dulce Unidad Bubaloo fresa 5.1g,100,Bubaloo,Unidad,Dulces,200,a
Dulce Unidad Buzzy Hello Kitty ,100,Buzzy,Unidad,Dulces,200,a
Dulce Choco Stop Chocolates Rellenos con gomitas Unidad ,10,Casa Lucker,Unidad,Dulces,700,a
Dulce Choco Stop Chocolates Rellenos Paquete Grande 12 Unidades  120g ,10,Casa Lucker,Unidad,Dulces,8000,a
Dulce Aroma Dulce Duro Relleno Sabor Café ,100,Casa Luker,Unidad,Dulces,100,a
Dulce Pastilla Chao Cereza Barra ,20,Chao,Unidad,Dulces,900,a
Dulce Pastilla Chao Yerbabuena Barra,8,Chao,Unidad,Dulces,900,a
Dulce Chao Menta Original Unidad 3.5gr,10,Chao,Unidad,Dulces,100,a
Dulce Chao Mora Azul Unidad 3.5 gr,3,Chao,Unidad,Dulces,100,a
Dulce Chao Sandia Unidad 3.5gr,3,Chao,Unidad,Dulces,100,a
Dulce Chao Limón Unidad 3.5gr,3,Chao,Unidad,Dulces,100,a
Dulce Paquete Chao Mora Azul Unidad 14g,100,Chao ,Unidad,Dulces,500,a
Dulce Paquete Chao Original Unidad 14g,100,Chao ,Unidad,Dulces,500,a
Dulce Paquete Chao Sandia Unidad 14g,100,Chao ,Unidad,Dulces,500,a
Dulce Paquete Chao Fresa Unidad 14g,100,Chao ,Unidad,Dulces,500,a
Dulce Paquete Chao Limón Unidad 14g,100,Chao ,Unidad,Dulces,500,a
Dulce Chocolates Feliz Dia Caja 30g,100,Chao ,Unidad,Dulces,4800,a
Dulce Mentas Chao Fresa Unidad 5.6g ,100,Chao ,Unidad,Dulces,200,a
Dulce Mentas Chao Sandia Unidad 5.6g ,100,Chao ,Unidad,Dulces,200,a
Dulce Mentas Chao Limón Unidad 5.6g ,100,Chao ,Unidad,Dulces,200,a
Dulce Chiclets Amarillo 12 Pastillas 16.8 g,100,Chiclets,Unidad,Dulces,1400,a
Dulce Unidad Chiclets 2 Pastillas Sabor a Canela 2.8g,100,Chiclets,Unidad,Dulces,200,a
Dulce Unidad Chiclets 2 Pastillas Sabor a Menta 2.8g,100,Chiclets,Unidad,Dulces,200,a
Dulce Unidad Chiclets 2 Pastillas Sabor a Yerbabuena 2.8g,100,Chiclets,Unidad,Dulces,200,a
Dulce Unidad Chiclets 2 Pastillas Sabor a Tutti Frutti 2.8g,100,Chiclets,Unidad,Dulces,200,a
Dulce ChocoBreak Cookies Unidad 5g,100,ChocoBreak,Unidad,Dulces,350,a
Dulce ChocoBreak Caramelo Unidad 5g,100,ChocoBreak,Unidad,Dulces,350,a
Dulce ChocoBreak Frutal Unidad 5g,100,ChocoBreak,Unidad,Dulces,350,a
Dulce ChocoStop Chocolate Blanco Unidad,20,ChocoStop,Unidad,Dulces,700,a
Dulce Piruleta Bon Bon Bum Sandia Sensations Unidad,10,Colombina,Unidad,Dulces,500,a
Dulce Piruleta Bon Bon Bum Sandia Sensations Paquete Grande 24 Unidades 456g,10,Colombina,Unidad,Dulces,9400,a
Dulce Piruleta Bon Bon Bum Rojo Fresa Paquete Grande 24 Unidades 456g,10,Colombina,Unidad,Dulces,12000,a
Dulce Piruleta Bon Bon Bum Rojo Fresa Unidad,50,Colombina,Unidad,Dulces,500,a
Dulce Piruleta Bon Bon Bum Cereza Intensa Unidad,20,Colombina,Unidad,Dulces,500,a
Dulce Piruleta Bon Bon Bum Cereza Intensa Paquete Grande 24 Unidades 456g 	,20,Colombina,Unidad,Dulces,12000,a
Dulce Unidad Piruleta Bon Bon Bum Wild Apple Verde,50,Colombina,Unidad,Dulces,500,a
Dulce Piruleta Bon Bon Bum Zombie Verde Paquete Grande 24 Unidades 432g,20,Colombina,Unidad,Dulces,9400,a
Dulce Unidad Piruleta Bon Bon Bum Zombie Verde,50,Colombina,Unidad,Dulces,500,a
Dulce Unidad Bon Bon Bum Barra Masticable Sabor Uva 0 gr,7,Colombina,Unidad,Dulces,300,a
Dulce Unidad Bon Bon Bum Barra Masticable Sabor Mora Azul 10 gr,7,Colombina,Unidad,Dulces,300,a
Dulce Unidad Bon Bon Bum Barra Masticable Sabor Sandia 10 gr,7,Colombina,Unidad,Dulces,300,a
Dulce Unidad Pirulete Bombón barrilete ,100,Colombina,Unidad,Dulces,500,a
Dulce Chocmelos Vainilla Paquete 32.2 g,10,Colombina,Unidad,Dulces,2300,a
Dulce Chocmelos Fresa Paquete 32.2 g,10,Colombina,Unidad,Dulces,2300,a
Dulce Unidad Chocmelos 4.8g,8,Colombina,Unidad,Dulces,400,a
Dulce Caramelos Dulce Duro Unidad,100,Colombina,Unidad,Dulces,100,a
Dulce Caramelos Dulce Duro Paquete Grande 100 Unidades 350 g ,3,Colombina,Unidad,Dulces,6900,a
Dulce Unidad Piruleta Max Coco ,100,Colombina,Unidad,Dulces,500,a
Dulce Unidad Muuu sabor a Chocolate 10g,9,Colombina,Unidad,Dulces,600,a
Dulce Barra Snow Mint Krash Unidad 30.6g,5,Colombina,Unidad,Dulces,900,a
Dulce Coffe Delight Caremelo duro Paquete Grande 380g,20,Colombina,Unidad,Dulces,9400,a
Dulce Unidad Coffe Delight Caremelo duro 4.3 g,20,Colombina,Unidad,Dulces,100,a
Dulce Unidad Coffe Delight Caramelo Blando 4.3 g,20,Colombina,Unidad,Dulces,100,a
Dulce  Millows Masmelos Cream Paquete Grande 50 Unidades 225g,5,Colombina,Unidad,Dulces,12000,a
Dulce Unidad Millows Masmelos Cream 5g,10,Colombina,Unidad,Dulces,200,a
Dulce Unidad Splot Sandia Asid 13.5g,4,Colombina,Unidad,Dulces,500,a
Dulce Unidad Splot Sandia Asid 4.5 g,4,Colombina,Unidad,Dulces,200,a
Dulce Gomitas Grizzly Huellitas Paquete 40g,4,Colombina,Unidad,Dulces,1500,a
Dulce Gomitas Grizzly Cocodrilo Paquete 40g,4,Colombina,Unidad,Dulces,1500,a
Dulce Gomitas Grizzly Gamer Gummies Paquete 40g,4,Colombina,Unidad,Dulces,1500,a
Dulce Unidad Gomitas Gryzzly Gusanitos 12g,8,Colombina,Unidad,Dulces,500,a
Dulce Unidad Piruleta Kick Chewy Lolipop 24g,100,Colombina,Unidad,Dulces,500,a
Dulce Unidad Max Coco Caramelo Blando 5g,100,Colombina,Unidad,Dulces,150,a
Dulce Max Flutacidas Caramelo Blando Unidad ,20,Colombina,Unidad,Dulces,100,a
Dulce Max Flutacidas Caramelo Blando Paquete Grande 100 Unidades 430g,3,Colombina,Unidad,Dulces,9000,a
Dulce Piruletas Mordisquetas Masticable Cookies y Cream Paquete Grande 24 Unidades 336g,20,Colombina,Unidad,Dulces,11000,a
Dulce Unidad Piruletas Mordisquetas Masticable Cookies y Cream ,100,Colombina,Unidad,Dulces,500,a
Dulce Piruletas Mordisquetas Masticable Ron con Pasas Paquete Grande 24 Unidades 336g,20,Colombina,Unidad,Dulces,6800,a
Dulce Unidad Piruletas Mordisquetas Masticable Ron con Pasas ,100,Colombina,Unidad,Dulces,500,a
Dulce Unidad Piruletas Mordisquetas Masticable Postre de Maracuyá ,100,Colombina,Unidad,Dulces,500,a
Dulce Unidad Nucita Tradicional Crema con Avellanas 14g,20,Colombina,Unidad,Dulces,700,a
Dulce Unidad Nucita Caramelo Masticable Chocolate Blanco 5g,3,Colombina,Unidad,Dulces,200,a
Dulce Unidad Nucita Caramelo Masticable Chocolate y Nueces 5g,7,Colombina,Unidad,Dulces,200,a
Dulce Pirulito Surtido Paquete Grande 48 Unidades 432g,10,Colombina,Unidad,Dulces,9000,a
Dulce Unidad Pirulito Sabor Leche 9 gr,100,Colombina,Unidad,Dulces,500,a
Dulce Unidad Pirulito Sabor Mora Leche 9 gr,100,Colombina,Unidad,Dulces,500,a
Dulce Unidad Pirulito Sabor Sandia 9 gr,100,Colombina,Unidad,Dulces,500,a
Dulce Piazza Cookies y Cream Unidad 45g ,20,Colombina,Unidad,Dulces,3500,a
Dulce MegaBall Chocolate Paquete Grande 12 Unidades 168g ,10,Colombina,Unidad,Dulces,6500,a
Dulce MegaBall Chocolate Unidad,100,Colombina,Unidad,Dulces,600,a
Dulce Max Frutacidas Unidad,100,Colombina,Unidad,Dulces,100,a
Dulce Frunas doble color Unidad 4g,100,Colombina,Unidad,Dulces,100,a
Dulce Fruticas Colombina Unidad 3.1g,100,Colombina,Unidad,Dulces,100,a
Dulce MiniBum Cool Unidad 5g,100,Colombina,Unidad,Dulces,100,a
Piazza Sabor Fresa Salvaje Unidad 11.7g,100,Colombina,Unidad,Dulces,500,a
Polvo Ácido súper Hiper Ácido Mango Biche Unidad 2g,5,Confiteca,Unidad,Dulces,200,a
Dulce Paquete Tumix Sabor Frutal Limón 16.8g,100,Confiteca,Unidad,Dulces,1200,a
Dulce Paquete Tumix Sabor Frutal Mora 16.8g,100,Confiteca,Unidad,Dulces,1200,a
Dulce Paquete Tumix Sabor Frutal Cereza 16.8g,100,Confiteca,Unidad,Dulces,1200,a
Dulce Unidad Tumix Canela 2.7g,200,Confiteca,Unidad,Dulces,200,a
Dulce Unidad Tumix Limón 2.7g,200,Confiteca,Unidad,Dulces,200,a
Dulce Unidad Tumix Menta 2.7g,200,Confiteca,Unidad,Dulces,200,a
Dulce Unidad Tumix Menta Extrema 2.7g,200,Confiteca,Unidad,Dulces,200,a
Dulce Unidad Tumix Mora 2.7g,200,Confiteca,Unidad,Dulces,200,a
Barquillo Cuchufli Arequipe Unidad 14g ,20,Del Cerro,Unidad,Dulces,1000,a
Dulce Brazo de Reina Diroma Unidad 80g,100,Diroma,Unidad,Dulces,2100,a
Dulce Con Leche El Buen Gusto Unidad ,10,El Buen Gusto,Unidad,Dulces,800,a
Dulce Manjar de Leche con Bocadillo El Guayabetal Unidad 55g,20,El Guayabetal,Unidad,Dulces,700,a
Dulce Panelitas de leche El Guayabetal Unidad 44g,10,El Guayabetal,Unidad,Dulces,1200,a
Dulce Golochips Festival Unidad 20g,100,Festival,Unidad,Dulces,1100,a
Dulce RollerFizz Sobre 20g,100,Fini,Unidad,Dulces,1300,a
Dulce Barra Mentas Freegells Extra Fuerte Mental 30g,11,Freegells,Unidad,Dulces,1000,a
Chokis Chocolatosas y Deliciosas Unidad 19 gr,4,Frito Lay,Unidad,Dulces,1500,a
Frunas Frutas Unidad 11g,4,Frunas,Unidad,Dulces,500,a
Frunas Limón Unidad 11g,3,Frunas,Unidad,Dulces,500,a
Frunas Naranja Unidad 11g,10,Frunas,Unidad,Dulces,500,a
Frunas Spaciales Mix 5g,10,Frunas,Unidad,Dulces,400,a
Dulce Frutty Candy Unidad,100,FruttyCandy,Unidad,Dulces,100,a
Dulce Gelatina de Pata Gamba Unidad 20g,100,Gamba,Unidad,Dulces,500,a
Dulce Gelatina de Pata Unidad 20g,100,Gelatina de Pata,Unidad,Dulces,600,a
Dulce Caramelo con Miel Unidad,20,Generica,Unidad,Dulces,150,a
Dulce Gol Melo Unidad 4.5g,100,Gol,Unidad,Dulces,200,a
Dulce Halls Cherry Lyptus Rojo 3g,50,Halls,Unidad,Dulces,200,a
Dulce Halls Fruit Sensations Morado 3g,50,Halls,Unidad,Dulces,200,a
Dulce Halls Mentho Lyptus Azul 3g,50,Halls,Unidad,Dulces,200,a
Dulce Halls Extra Strong Lyptus Negro 3g,50,Halls,Unidad,Dulces,200,a
Dulce Halls Spearmint Lyptus Verde 3g,50,Halls,Unidad,Dulces,200,a
"Dulce Barra Halls Limon y Miel Amarillo 25,2 gr",30,Halls,Unidad,Dulces,1700,a
"Dulce Barra Halls Mentol Cereza y Lyptus Rojo 25,2 gr",30,Halls,Unidad,Dulces,1700,a
"Dulce Barra Halls Fruit Mix Mixto 25,2 gr",30,Halls,Unidad,Dulces,1700,a
"Dulce Barra Halls Strong Lyptus Negro 25,2 gr",30,Halls,Unidad,Dulces,1700,a
"Dulce Barra Halls Mentho Lyptus Azul 25,2 gr",30,Halls,Unidad,Dulces,1700,a
"Dulce Barra Halls Mora Azul Lyptus Morado 25,2 gr",30,Halls,Unidad,Dulces,1700,a
"Dulce Barra Halls Yerbabuena Verde 25,2 gr",30,Halls,Unidad,Dulces,1700,a
Dulce Caramelo de Café Unidad,8,Italo,Unidad,Dulces,150,a
Dulce Caramelo de Café Paquete Grande 420g,8,Italo,Unidad,Dulces,11200,a
Dulce Almendra Francesa Italo Unidad 27g ,9,Italo,Unidad,Dulces,2000,a
Dulce Italo Gomas Media Luna Unidad 40 gr,20,Italo,Unidad,Dulces,1400,a
Dulce Chupeta Italo Unidad,7,Italo,Unidad,Dulces,1200,a
Dulce Huevo de Chocolate Italo Unidad,100,Italo,Unidad,Dulces,3400,a
Dulce Caramelo de leche Italo Unidad,100,Italo,Unidad,Dulces,150,a
Dulce Burbujas Jet Paquete Grande 12 Unidades 168g,10,Jet,Unidad,Dulces,11000,a
Dulce Burbujas Jet Unidad,100,Jet,Unidad,Dulces,1200,a
Dulce Wafer Jet Limón Unidad 22g,100,Jet,Unidad,Dulces,2100,a
Dulce Wafer Jet Cookies and Cream Unidad 22g,100,Jet,Unidad,Dulces,2100,a
Dulce Wafer Jet Vainilla Unidad 22g,100,Jet,Unidad,Dulces,2100,a
Dulce Wafer Jet Chocolate Unidad 22g,100,Jet,Unidad,Dulces,2100,a
Dulce Chocolatina Jet Pequeña Unidad 11g,100,Jet,Unidad,Dulces,1200,a
Dulce BurbuJet Cookies and Cream Unidad 50g,100,Jet,Unidad,Dulces,5600,a
Dulce CrujiJet Blanca Unidad 24g,100,Jet,Unidad,Dulces,3500,a
Dulce Chocolatina Jet Mediana Unidad 25g,100,Jet,Unidad,Dulces,3700,a
Dulce Chocolatina Jet Grande Unidad 45g,100,Jet,Unidad,Dulces,5000,a
Dulce Jet Gool Bolita Paquete Grande 100 Unidades 450g,100,Jet,Unidad,Dulces,19000,a
Dulce Jet Gool Bolita Unidad,100,Jet,Unidad,Dulces,200,a
Dulce Piruleta Labios rojos Paquete Grande 40 Paletas 480g,100,Jojo,Unidad,Dulces,24000,a
Dulce Unidad Piruleta Labios rojos 12g,100,Jojo,Unidad,Dulces,700,a
Dulce Jumbo Flow Sabor Chocolate Blanco Unidad 18g,100,Jumbo,Unidad,Dulces,1400,a
Dulce Jumbo Flow Sabor Chocolate Dulce Unidad 18g,100,Jumbo,Unidad,Dulces,1400,a
Dulce Jumbo Brownie Unidad 18g,100,Jumbo,Unidad,Dulces,1400,a
Dulce Jumbo Mani Unidad 18g,100,Jumbo,Unidad,Dulces,1400,a
Dulce Bocadillo de Guayaba Lonja Karla Unidad 300g,20,Karla Bocadillos,Unidad,Dulces,3500,a
Dulce Huevo Kinder Joy Con Leche Unidad,100,Kinder,Unidad,Dulces,6500,a
Dulce Chocolate Kinder bueno Unidad,100,Kinder,Unidad,Dulces,6600,a
Leche Condesada La Lechera Sobre 25g,100,La Lechera,Unidad,Dulces,1000,a
Dulce Mechas Locas Unidad 33.25g,20,Mechas Locas,Unidad,Dulces,3600,a
Dulce Gomitas Melositas Sabor a Mora Unidad 40 g,10,Melositas,Unidad,Dulces,1600,a
Dulce Mentolados Menthol Mist Unidad ,5,Mentolados,Unidad,Dulces,100,a
Dulce Mentolados Menthol Mist Paquete 100 Unidades 350 g,5,Mentolados,Unidad,Dulces,9200,a
Dulce MilkyWay Barra Unidad 52.2 g,100,MilkyWay,Unidad,Dulces,4800,a
Dulce Herpos Galletas Rellenas con Dulce de Leche Nisilac Unidad 19g,10,Nisilac,Unidad,Dulces,700,a
Dulce Vaso Galletas Relleno con Dulce de Leche Nisilac 3 Unidades 36g,10,Nisilac,Unidad,Dulces,900,a
Dulce Bolita Nisilac Unidad,100,Nisilac,Unidad,Dulces,100,a
Dulce Rollitos con Dulce de Leche Nisilac Unidad ,100,Nisilac,Unidad,Dulces,250,a
Dulce Panelitas de Leche Nisilac Unidad ,100,Nisilac,Unidad,Dulces,400,a
Dulce Nutella Unidad 15 gr,6,Nutella,Unidad,Dulces,1400,a
Dulce Huevo No Me Olvides Con Centro de Chocolate Pikis Unidad,100,Pikis,Unidad,Dulces,2400,a
Dulce Piruleta Pin Pop Gigante Mancha Lengua Paquete Grande 24 Unidades 480g,7,Pin Pop,Unidad,Dulces,11000,a
Dulce Piruleta Pin Pop Fresa Paquete Grande 24 Unidades 480g	,7,Pin Pop,Unidad,Dulces,14000,a
Dulce Unidad Piruleta Pin Pop Fresa ,12,Pin Pop,Unidad,Dulces,500,a
Dulce Unidad Piruleta Pin Pop Mango,1,Pin Pop,Unidad,Dulces,500,a
Dulce Unidad Piruleta Pin Pop Sandia ,7,Pin Pop,Unidad,Dulces,500,a
Dulce Unidad Piruleta Pin Pop Gigante Mancha Lengua,7,Pin Pop,Unidad,Dulces,500,a
Dulce Unidad Polvo Explosivo Pin Pop Cereza,50,Pin Pop,Unidad,Dulces,900,a
Dulce Quipitos Pops Sobre 8g,6,Quipitos,Unidad,Dulces,600,a
Compota de Mango Má San Jorge Paquete 90g,100,San Jorge,Unidad,Dulces,2800,a
Compota de Manazana Má San Jorge Paquete 90g,100,San Jorge,Unidad,Dulces,2800,a
Dulce Choco Disk Dandy Unidad 16g,4,Sandy,Unidad,Dulces,1500,a
Dulce de Yogurt Simonetto Unidad,100,Simonetto,Unidad,Dulces,100,a
Dulce Snacky Caramelo Unidad 50g,6,Snacky,Unidad,Dulces,1500,a
Dulce Barra Snickers Mil Chocolate 52.7g,100,Snickers,Unidad,Dulces,4800,a
Dulce Caramelos Sonetto Sabor a Chocolate Paquete Grande 100 Unidades 480g,30,Sonetto,Unidad,Dulces,9000,a
Dulce Caramelos Sonetto Sabor a Chocolate Unidad,30,Sonetto,Unidad,Dulces,150,a
Dulce Lokiño Caramelo Masticable Paquete Grande 100 Unidades 400g,30,Sonetto,Unidad,Dulces,9000,a
Dulce Caramelos Lokiño Caramelo Masticable Unidad,30,Sonetto,Unidad,Dulces,100,a
Dulce Gomitas Trululu Aros Paquete grande 600g,5,Super,Unidad,Dulces,20000,a
Dulce Barrilete Unidad 8g ,5,Super,Unidad,Dulces,300,a
Dulce Barrilete Paquete Grande 40 Unidades 440g ,5,Super,Unidad,Dulces,15000,a
Dulce Barrilete Music Unidad 8g ,5,Super,Unidad,Dulces,200,a
Dulce Barrilete Music Paquete Grande 50 Unidades 400g ,5,Super,Unidad,Dulces,14000,a
Dulce Gomitas Paquete Trululu Space Mix 100g,10,Super,Unidad,Dulces,2700,a
Gomitas Paquete Trululu con Nanos Super 100g,10,Super,Unidad,Dulces,2700,a
Dulce Gomitas Trululu Fresitas Paquete 70g,7,Super,Unidad,Dulces,2000,a
Dulce Gomitas Trululu Fresitas Paquete 40g,7,Super,Unidad,Dulces,1500,a
Dulce Gomitas Trululu Sabores Paquete 70g,15,Super,Unidad,Dulces,2000,a
Dulce Gomitas Trululu Sabores Paquete 40g,15,Super,Unidad,Dulces,1500,a
Dulce Gomitas Trululu Gusanos Ácidos Paquete 70g,15,Super,Unidad,Dulces,2000,a
Dulce Gomitas Trululu Gusanos Ácidos Paquete 40g,15,Super,Unidad,Dulces,1500,a
Dulce Paquete Gomitas Trululu Oro 70g,8,Super,Unidad,Dulces,2000,a
Dulce Unidad Menta Helada 3.8 g,4,Super,Unidad,Dulces,100,a
Dulce Trululu ChoColores Unidad 30g	,7,Super,Unidad,Dulces,1900,a
Dulce Gomitas Trululu Feroz Unidad 18g,7,Super,Unidad,Dulces,700,a
Dulce Trululu Unicornio Unidad ,7,Super,Unidad,Dulces,1200,a
Dulce Gomitas Trululu Casquitos Paquete 40 gr,7,Super,Unidad,Dulces,1500,a
Dulce Trululu Lengua Unidad ,50,Super,Unidad,Dulces,200,a
Dulce Gomitas Trululu Lengua Paquete 40 gr,7,Super,Unidad,Dulces,1500,a
Dulce Gomitas Trululu Aros Mini Paquete 40 gr,7,Super,Unidad,Dulces,1500,a
Dulce Unidad Gomitas Trululu Aros 6 gr,200,Super,Unidad,Dulces,200,a
Dulce Gomitas Trululu Aros Paquete 70 gr,7,Super,Unidad,Dulces,2000,a
Dulce Gomitas Paquete Trululu Mix Ácidas 100 gr,9,Super,Unidad,Dulces,2700,a
Dulce Paquete Trululu Splash 40 gr,3,Super,Unidad,Dulces,1500,a
Dulce Paquete Trululu Mutantes Splash 100 gr,3,Super,Unidad,Dulces,2700,a
Dulce Oka Loka Fusion Azul Polvitos Unidad 14g,100,Super,Unidad,Dulces,1000,a
Dulce Oka Loka Fusion Rojo Polvitos Unidad 14g,100,Super,Unidad,Dulces,1000,a
Dulce Oka Loka nanos Azul Caja Grande Unidad 40g,100,Super,Unidad,Dulces,1400,a
Dulce Oka Loka nanos Verde Caja Grande Unidad 40g,100,Super,Unidad,Dulces,1400,a
Dulce Oka Loka nanos Azul Caja Pequeña Unidad 12g,100,Super,Unidad,Dulces,400,a
Dulce Oka Loka nanos Rosado Caja Pequeña Unidad 12g,100,Super,Unidad,Dulces,400,a
Dulce Oka Loka nanos Morado Caja Pequeña Unidad 12g,100,Super,Unidad,Dulces,400,a
Dulce Lokiño Cereza Unidad,100,Super,Unidad,Dulces,100,a
Dulce Lokiño Durazno Unidad,100,Super,Unidad,Dulces,100,a
Dulce Lokiño Fresa Unidad,100,Super,Unidad,Dulces,100,a
Dulce Lokiño Uva Unidad,100,Super,Unidad,Dulces,100,a
Dulce Lokiño Mora Azul Unidad,100,Super,Unidad,Dulces,100,a
Dulce Unidad ChocoBarra Supercoco ,100,Supercoco,Unidad,Dulces,1200,a
Dulce Unidad Piruleta Supercoco Bombón,100,Supercoco,Unidad,Dulces,500,a
Dulce Unidad Supercoco Turrón,500,Supercoco,Unidad,Dulces,200,a
Tic Tac Mixto Fruit Adventure 16 gr,8,Tic Tac,Unidad,Dulces,2300,a
Tic Tac Naranja 16 gr,8,Tic Tac,Unidad,Dulces,2300,a
Dulce Muy Pequeño Unidad Trident Sabor Menta 5.2 g,100,Trident,Trident,Trident,500,a
Dulce Muy Pequeño Unidad Trident Sabor Fresa 5.2 g,100,Trident,Trident,Trident,500,a
Dulce Pequeño Unidad Trident Sabor Sandia 1.5 g ,30,Trident,Trident,Trident,300,a
Dulce Pequeño Unidad Trident Sabor Mora Azul 1.5 g ,30,Trident,Unidad,Dulces,300,a
Dulce Pequeño Unidad Trident Sabor Fresh Herbal 1.5 g ,30,Trident,Unidad,Dulces,300,a
Dulce Pequeño Unidad Trident Sabor Menta1.5 g ,30,Trident,Unidad,Dulces,300,a
Dulce Pequeño Unidad Trident Sabor Yerbabuena 1.5 g ,30,Trident,Unidad,Dulces,300,a
Dulce Pequeño Unidad Trident Sabor Menta Fuerte 1.5 g ,30,Trident,Unidad,Dulces,300,a
Dulce Paquete 3 Chicles Unidad Trident Sabor Sandia 5.1 g ,30,Trident,Unidad,Dulces,1000,a
Dulce Paquete 3 Chicles Unidad Trident Sabor Mora Azul 5.1 g  ,30,Trident,Unidad,Dulces,1000,a
Dulce Paquete 3 Chicles Unidad Trident Sabor Fresh Herbal 5.1 g ,30,Trident,Unidad,Dulces,1000,a
Dulce Paquete 3 Chicles Unidad Trident Sabor Menta 5.1 g  ,30,Trident,Unidad,Dulces,1000,a
Dulce Paquete 3 Chicles Unidad Trident Sabor Yerbabuena 5.1 g ,30,Trident,Unidad,Dulces,1000,a
Dulce Paquete 5 Chicles Unidad Trident Sabor Sandia 8.5 g ,30,Trident,Unidad,Dulces,1600,a
Dulce Paquete 5 Chicles Unidad Trident Sabor Mora Azul 8.5 g  ,30,Trident,Unidad,Dulces,1600,a
Dulce Paquete 5 Chicles Unidad Trident Sabor Fresh Herbal 8.5 g ,30,Trident,Unidad,Dulces,1600,a
Dulce Paquete 5 Chicles Unidad Trident Sabor Menta 8.5 g  ,30,Trident,Unidad,Dulces,1600,a
Dulce Paquete 5 Chicles Unidad Trident Sabor Yerbabuena 8.5 g ,30,Trident,Unidad,Dulces,1600,a
Dulce Paquete 5 Chicles Unidad Trident Sabor Tropical Mix 8.5 g ,30,Trident,Unidad,Dulces,1600,a
Dulce Paquete 18 Chicles Trident Sabor Yerbabuena 30.6 g,30,Trident,Unidad,Dulces,4200,a
Dulce Paquete 18 Chicles Trident Sabor Menta 30.6 g,30,Trident,Unidad,Dulces,4200,a
Dulce Paquete 18 Chicles Trident Sabor Cool Bubble 30.6 g,30,Trident,Unidad,Dulces,4200,a
Dulce Paquete 18 Chicles Trident Sabor Fresa 30.6 g,30,Trident,Unidad,Dulces,4200,a
Dulce Paquete 18 Chicles Trident Sabor Sandia 30.6 g,30,Trident,Unidad,Dulces,4200,a
Dulce Paquete 18 Chicles Trident Sabor Mora Azul 30.6 g,30,Trident,Unidad,Dulces,4200,a
Dulce Paquete 18 Chicles Trident Sabor FreshMint 30.6 g,30,Trident,Unidad,Dulces,4200,a
Dulce Piruleta Pupy Leche Paquete Grande 24 Unidades 312g,40,Triunfo,Unidad,Dulces,9200,a
Dulce Unidad Piruleta Pupy Leche 13g,40,Triunfo,Unidad,Dulces,500,a
Dulce Piruleta Super Pupy Paquete Grande 24 Unidades 312g,5,Triunfo,Unidad,Dulces,11000,a
Dulce Unidad Piruleta Super Pupy 13g,7,Triunfo,Unidad,Dulces,500,a
Dulce Almendra Francesa Triunfo Caja 50g,100,Triunfo,Unidad,Dulces,3600,a
Dulce Chocolate Triunfo Unidad 12g,100,Triunfo,Unidad,Dulces,700,a
Dulce Moneda de Chocolate Tesoro Triunfo Unidad ,100,Triunfo,Unidad,Dulces,400,a
"Dulce Chocolates Rellenos Triunfo Caja Grande Sabores Fresa,Cereza",100,Triunfo,Unidad,Dulces,8300,a
Dulce Unidad Trolli Tortu Splash 5g,200,Trolli,Unidad,Dulces,200,a
Dulce Unidad Trolli Ana y Conda ,200,Trolli,Unidad,Dulces,100,a
Dulce Paquete Trolli Gusanos Cracks 50g,5,Trolli,Unidad,Dulces,2100,a
Dulce Paquete Trolli Enamorados 60g,5,Trolli,Unidad,Dulces,2000,a
Dulce Paquete Trolli Mango Biche 65g,3,Trolli,Unidad,Dulces,2000,a
Dulce Paquete Trolli Rin Rin Rana Sapo 65 gr,3,Trolli,Unidad,Dulces,2000,a
Dulce Gomitas Trululu Aros Paquete 40g ,100,Trululu,Unidad,Dulces,1500,a
Dulce Paquete Trululu Feroz Mini 70 gr,100,Trululu,Unidad,Dulces,2000,a
Dulce Sabor a Menta TTT Unidad,100,TTT,Unidad,Dulces,200,a
Dulce Tubito Leche Condensada Unidad 45g,10,Tubito,Unidad,Dulces,2000,a
Dulce Tubito Leche Condensada Unidad 17g,10,Tubito,Unidad,Dulces,600,a
Dulce Tumix Stick Menta Unidad 1.7g,100,Tumix,Unidad,Dulces,100,a
Dulce Bocadillo Veleño Unidad,50,Veleño,Unidad,Dulces,700,a
Dulce Mentas Xtime Xtremo Unidad,10,Xtime,Unidad,Dulces,100,a
Dulce Mentas Xtime Xtremo Paquete Grande 100 Unidades 310g,10,Xtime,Unidad,Dulces,8600,a
Dulce Unidad Chicle Xtime Sabor Sandia 3.2 g,100,Xtime,Unidad,Dulces,200,a
Dulce Unidad Chicle Xtime Sabor Yerbabuena 3.2 g,100,Xtime,Unidad,Dulces,200,a
Dulce Unidad Chicle Xtime Sabor Canela 3.2 g,100,Xtime,Unidad,Dulces,200,a
Dulce Unidad Chicle Xtime Sabor Fresh 3.2 g,100,Xtime,Unidad,Dulces,200,a
Fósforos El Rey Unidad,100,El Rey,Unidad,Encendedores y Fosforos,400,a
Fósforos El Rey Paquete 20 Cajas,4,El Rey,Unidad,Encendedores y Fosforos,4600,a
Fósforos Refuegos Unidad,20,Refuegos,Unidad,Encendedores y Fosforos,400,a
Fósforos Refuegos Paquete 20 Cajas,20,Refuegos,Unidad,Encendedores y Fosforos,4300,a
Fosforos Refuegos Caja Super Fosforos,20,Refuegos,Unidad,Encendedores y Fosforos,1200,a
Fosforos Refuegos 2 Caja Super Fosforos,20,Refuegos,Unidad,Encendedores y Fosforos,2200,a
Encendedor Bic Mini,20,Refuegos,Unidad,Encendedores y Fosforos,2200,a
Encendedor Bic,20,Refuegos,Unidad,Encendedores y Fosforos,3000,a
Encendedor Tokai,20,Refuegos,Unidad,Encendedores y Fosforos,1600,a
Fosforos Refuegos Unidad,15,Refuegos,Unidad,Encendedores y Fosforos,1600,a
 Fosforos Refuegos 2 Cajas ,20,Refuegos,Unidad,Encendedores y Fosforos,3000,a
Fosforos El Rey Unidad,15,Refuegos,Unidad,Encendedores y Fosforos,1600,a
 Fosforos El Rey 2 Cajas ,20,Refuegos,Unidad,Encendedores y Fosforos,3000,a
Kabano Bakano Unidad 24g,8,Bacano,Unidad,Galletas y Snacks,2900,a
Maní Con Pasas Bary Snacks 35 g,8,Bary,Unidad,Galletas y Snacks,1500,a
Mani Aranda Mix Bary Snacks 35g,4,Bary,Unidad,Galletas y Snacks,2200,a
Mani con Sal Bary Snacks 35g,4,Bary,Unidad,Galletas y Snacks,1500,a
Maní Pollo Bary Snacks 35 g,7,Bary,Unidad,Galletas y Snacks,2000,a
Maní Limón Bary Snacks 35 g,6,Bary,35 gr,Galletas y Snacks,2000,a
Snack Popetas Mix Sabor a Queso con Caramelo Unidad 39.6 gr,4,Bon Ice,Unidad,Galletas y Snacks,2000,a
Trocipollo Unidad Chefrito 30g,20,Chefrito,Unidad,Galletas y Snacks,1500,a
Chicharrones Chirros Picantes Unidad 45 g,5,Chirros,Unidad,Galletas y Snacks,3000,a
Chicharrones Chirros BBQ  Unidad 45 g,5,Chirros,Unidad,Galletas y Snacks,3000,a
Chicharrones Chirros Natural Unidad 45 g,5,Chirros,Unidad,Galletas y Snacks,3000,a
Galletas Chokis Chocobase Unidad 47g,7,Chokis,Unidad,Galletas y Snacks,1600,a
Galletas Club Social Integral Unidad 24 gr,7,Club Social,Unidad,Galletas y Snacks,1000,a
Galletas Club Social Original Paquete 24g,20,Club Social,Unidad,Galletas y Snacks,1000,a
Galletas Cocosette Sabor a Coco Barra Unidad 46g,15,Cocosette,Unidad,Galletas y Snacks,2000,a
Galletas Wafer Bridge Chocolate Unidad 30g,8,Colombina,Unidad,Galletas y Snacks,700,a
Galletas Crakeñas Club X3 Unidades 24g,8,Colombina,Unidad,Galletas y Snacks,700,a
Galletas Crakeñas Saltin X3 Unidades 25g,5,Colombina,Unidad,Galletas y Snacks,900,a
Galleta Wafer Capri Sabor a Vainilla Unidad 12g,3,Colombina,Unidad,Galletas y Snacks,300,a
Galletas Wafer Bridge Vainilla  Unidad 30g,10,Colombina,Unidad,Galletas y Snacks,700,a
Galletas de Leche Muuu Unidad 12 g,10,Colombina,Unidad,Galletas y Snacks,300,a
Dulce Unidad Muuu Galletas de mantequilla 19.5 g,10,Colombina,Unidad,Galletas y Snacks,500,a
Galleta Café Premium Cafetas Del cerro Unidad 48g,2,Del Cerro,Unidad,Galletas y Snacks,2900,a
Galleta Danesa Del Cerro Unidad 48g,10,Del Cerro,Unidad,Galletas y Snacks,2200,a
Mantecada de mi Abuelita Del Cerro Paquete 48g,20,Del Cerro,Unidad,Galletas y Snacks,1700,a
Brownie Clasico Del Cerro Paquete 70g,20,Del Cerro,Unidad,Galletas y Snacks,3100,a
Brownie Arequipe Del Cerro Paquete 90g,20,Del Cerro,Unidad,Galletas y Snacks,4300,a
Trufas de Brownie Del Cerro Paquete 60g ,20,Del Cerro,Unidad,Galletas y Snacks,2300,a
Galletas DeliGalletas Rojas Unidad,20,Deligalletas,Unidad,Galletas y Snacks,450,a
Doritos Unidad Mega Queso 185 gr,5,Doritos,Unidad,Galletas y Snacks,8100,a
Doritos Unidad Mega Queso 43g,8,Doritos,Unidad,Galletas y Snacks,2600,a
Galletas Festival MiniChips Unidad 35g,10,Festival,Unidad,Galletas y Snacks,1600,a
Galletas Festival Coco X6 Unidades 50 gr,4,Festival,Unidad,Galletas y Snacks,1400,a
Galletas Festival Chocolate X6 Unidades 50 gr,4,Festival,Unidad,Galletas y Snacks,1400,a
Galletas Festival Fresa X6 Unidades 50 gr,5,Festival,Unidad,Galletas y Snacks,1400,a
Galletas Festival Limon Lemon X6 Unidades  50 gr,8,Festival,Unidad,Galletas y Snacks,1400,a
Galletas Festival Vainilla X6 Unidades 50 gr,10,Festival,Unidad,Galletas y Snacks,1400,a
CheeseTris Unidad 42g,10,Frito Lay,Unidad,Galletas y Snacks,1900,a
Cheetos Horneados Boliqueso 34g,20,Frito Lay,Unidad,Galletas y Snacks,2000,a
Cheetos Horneados Trissitos 34 gr,6,Frito Lay,Unidad,Galletas y Snacks,2000,a
Cheetos Horneados Maxi 34 gr,10,Frito Lay,Unidad,Galletas y Snacks,2000,a
Papas De todito BBQ 50g,5,Frito Lay,Unidad,Galletas y Snacks,2800,a
Gudiz Unidad Frito Lay 28g,15,Frito Lay,Unidad,Galletas y Snacks,1300,a
Maní Moto Cronch Unidad 44 gr,10,Frito Lay,Unidad,Galletas y Snacks,1600,a
Galletas Glacitas Sabor a Limón Unidad 32g,15,Glacitas,Unidad,Galletas y Snacks,1000,a
Galletas Glacitas Sabor a Cholocate Unidad 32g,15,Glacitas,Unidad,Galletas y Snacks,1000,a
Galletas Glacitas Sabor a Fresa Unidad 32g,15,Glacitas,Unidad,Galletas y Snacks,1000,a
Galletas Gol Sabor a Chocolate Unidad 28g,20,Gol,Unidad,Galletas y Snacks,1400,a
Galletas Italo Sabor a Chocolate Unidad  117 g,15,Italo,Unidad,Galletas y Snacks,3800,a
Galletas Italo Sabor a Guanabana Unidad  117 g,15,Italo,Unidad,Galletas y Snacks,3800,a
Galletas Italo Sabor a Fresa Unidad  117 g,15,Italo,Unidad,Galletas y Snacks,3800,a
Galletas Italo Sabor a Vainilla Unidad  117 g,15,Italo,Unidad,Galletas y Snacks,3800,a
Kubitos Krumer Chips Unidad 32g,9,Krumer Chips,Unidad,Galletas y Snacks,1000,a
Papas Fritas Krumer Chips BBQ 30g,9,Krumer Chips,Unidad,Galletas y Snacks,1900,a
Chicharrón BBQ Krumer Chips 30g,6,Krumer Chips,Unidad,Galletas y Snacks,3000,a
Chicharrón Natural Krumer Chips 30g,4,Krumer Chips,Unidad,Galletas y Snacks,3000,a
Papas Fristas Krumer Chips Deli Todo BBQ 45g,6,Krumer Chips,Unidad,Galletas y Snacks,2700,a
Papas Fritas Krumer Chips Hot Chili Lime 30g,15,Krumer Chips,Unidad,Galletas y Snacks,1900,a
Papas Krumer Chips Sabor a Pollo 30g,6,Krumer Chips,Unidad,Galletas y Snacks,1900,a
Papas Fritas Krumer Chips Limón 30g,7,Krumer Chips,Unidad,Galletas y Snacks,1900,a
Papas Krumer Chips Deli Todo  Natural 45g,7,Krumer Chips,Unidad,Galletas y Snacks,2700,a
Platanitos Maduros Krumer Chips 38g,7,Krumer Chips,Unidad,Galletas y Snacks,1900,a
Platanitos Verdes Krumer Chips 38g,9,Krumer Chips,Unidad,Galletas y Snacks,1900,a
Tocinetas Krumer Chips 25g,4,Krumer Chips,Unidad,Galletas y Snacks,1800,a
Rosquitas Las caseritas Unidad 16g,45,Las Caseritas,Unidad,Galletas y Snacks,1900,a
Papas Margarita Sabor a Limón Grande 105g,10,Margarita,Unidad,Galletas y Snacks,7100,a
Papas Margarita Sabor a Pollo Grande 105g,10,Margarita,Unidad,Galletas y Snacks,7100,a
Papas Margarita Sabor a Pollo Normales 36g,10,Margarita,Unidad,Galletas y Snacks,2300,a
Papas Margarita Sabor a Limón 36g,5,Margarita,Unidad,Galletas y Snacks,2300,a
Papas Margarita Sabor BBQ 36g,12,Margarita,Unidad,Galletas y Snacks,2300,a
Papas Margarita Sabor Natural 36g,12,Margarita,Unidad,Galletas y Snacks,2300,a
Papas Margarita Onduladas Mayonesa Normal 35g,5,Margarita,Unidad,Galletas y Snacks,2300,a
Papas Margarita Onduladas Tomate Normal 35g,5,Margarita,Unidad,Galletas y Snacks,2300,a
Galletas Milo Nuggets Unidad 20g,3,Milo,Unidad,Galletas y Snacks,2000,a
Galletas Milo Anillos x4 Unidades 32.5g,3,Milo,Unidad,Galletas y Snacks,1200,a
Galletas Milo Anillos x6 Unidades 48.7g,3,Milo,Unidad,Galletas y Snacks,1500,a
Galletas Milo Waffer Unidad 33 gr,10,Milo,Unidad,Galletas y Snacks,2000,a
Paquete Achiras Mishke 35 g,4,Mishke,Unidad,Galletas y Snacks,3600,a
Snack de Arvejas Natnack Unidad 30g,9,Natnack,Unidad,Galletas y Snacks,2700,a
Snack de Garbanzos Natnack Unidad 30g,2,Natnack,Unidad,Galletas y Snacks,2700,a
Galletas Saltinas Tris Saladas Nestle Unidad 22g,10,Nestle,Unidad,Galletas y Snacks,900,a
Galletas Saltinas Dore Nestle Unidad 23 g,10,Nestle,Unidad,Galletas y Snacks,800,a
Galletas Ducales X3 Unidades 27g,15,Noel,Unidad,Galletas y Snacks,1000,a
"Galletas Integrales Noel Dux X3 Unidades 27,8g",8,Noel,Unidad,Galletas y Snacks,1000,a
Galletas Oreo Original Paquete X3 Unidades 36g,9,Oreo,Unidad,Galletas y Snacks,1300,a
Galletas Oreo Original Vainilla Paquete X6 Unidades 54g,9,Oreo,Unidad,Galletas y Snacks,1600,a
Galletas Oreo Original Minecraft Paquete X6 Unidades 54g,9,Oreo,Unidad,Galletas y Snacks,1600,a
Galletas Oreo Coca Cola Paquete X6 Unidades 54g,9,Oreo,Unidad,Galletas y Snacks,1500,a
Galletas Oreo Original Paquete X3 Unidades 108g ,9,Oreo,Unidad,Galletas y Snacks,3000,a
Choclitos Sabor a Limón 45 g,10,Pepsico,Unidad,Galletas y Snacks,1900,a
Maizitos Natural Grandes 215 gr,10,Ramo,Unidad,Galletas y Snacks,7500,a
Maizitos Limón Grandes 215 gr,10,Ramo,Unidad,Galletas y Snacks,7500,a
Maizitos Limón Normal 45 gr,4,Ramo,Unidad,Galletas y Snacks,1800,a
Maizitos Natural Normal 45 gr,10,Ramo,Unidad,Galletas y Snacks,1800,a
Maizitos Tomate Normal 45 gr ,2,Ramo,Unidad,Galletas y Snacks,1800,a
Maizitos Uy Normal 40 gr ,2,Ramo,Unidad,Galletas y Snacks,2000,a
Tostacos Picantes Unidad 105 gr,10,Ramo,Unidad,Galletas y Snacks,8500,a
Tostacos de queso Unidad 105 gr,10,Ramo,Unidad,Galletas y Snacks,8500,a
Tostacos de queso Unidad 38 gr,5,Ramo,Unidad,Galletas y Snacks,2000,a
Tostacos Uy Unidad 36 gr,2,Ramo,Unidad,Galletas y Snacks,2000,a
Tostacos Picantes Unidad 38 gr,2,Ramo,Unidad,Galletas y Snacks,2000,a
Chicarrones Chachos Sabor a Limon 14  ,10,Ramo,Unidad,Galletas y Snacks,2300,a
Platanitos Pisaos Platano Verde Limón 38g,10,Ramo,Unidad,Galletas y Snacks,2200,a
Papas Pic Mix BBQ Ahumado 45g,10,Ramo,Unidad,Galletas y Snacks,2500,a
ChocoGalleta Chocoramo Unidad 60g,20,Ramo,Unidad,Galletas y Snacks,2700,a
Ponque Gala Chocolate Unidad 60g,20,Ramo,Unidad,Galletas y Snacks,2000,a
Ponque Gala Natural Unidad 60g,20,Ramo,Unidad,Galletas y Snacks,2000,a
Ponque Gala Vainilla Unidad 60g,20,Ramo,Unidad,Galletas y Snacks,2000,a
Ponque Gala Coco Unidad 60g,20,Ramo,Unidad,Galletas y Snacks,2000,a
Chocoramo Tradicional Unidad 65g,20,Ramo,Unidad,Galletas y Snacks,2600,a
Barrita Chocoramo Frutos Rojos Unidad 40g,20,Ramo,Unidad,Galletas y Snacks,2300,a
Brownie Chocoramo Arequipe Unidad 65g,20,Ramo,Unidad,Galletas y Snacks,3300,a
Gansito Ramo Unidad 37g,20,Ramo,Unidad,Galletas y Snacks,2000,a
Chocoramo Esquinas Unidad 50g,20,Ramo,Unidad,Galletas y Snacks,3100,a
Ponque Tradicional Ramo 6 Porciones 230g,20,Ramo,Unidad,Galletas y Snacks,6300,a
Chocoramo Mini Paquete 20g,20,Ramo,Unidad,Galletas y Snacks,1300,a
Gansito Mini Paquete 20g,20,Ramo,Unidad,Galletas y Snacks,1300,a
Galletas Ritz Paquete Unidad 52.5g,6,Ritz,Unidad,Galletas y Snacks,1800,a
Galletas Ritz Normales Unidad 20 gr,3,Ritz,Unidad,Galletas y Snacks,800,a
Galletas Ritz Queso Unidad 30 gr,3,Ritz,Unidad,Galletas y Snacks,1500,a
Galletas Saltinas Original 1 Taco 90g,15,Saltinas,Unidad,Galletas y Snacks,1500,a
Galletas Saltinas Dore Paquete 12 Unidades 105g,15,Saltinas,Unidad,Galletas y Snacks,2700,a
Papas Fosforitos  Super Ricas Unidad 35 gr,9,Super Ricas,Unidad,Galletas y Snacks,2000,a
Papas Fosforitos  Super Ricas Unidad 160 gr,9,Super Ricas,Unidad,Galletas y Snacks,7800,a
Papas Sabor a Pollo Super Ricas Unidad 160 gr,9,Super Ricas,Unidad,Galletas y Snacks,6900,a
Papas Sabor a Salsa de Tomate Super Ricas 105 gr,6,Super Ricas,Unidad,Galletas y Snacks,6900,a
Chicharron Sabor BARBQ Super Ricas 10g,5,Super Ricas,Unidad,Galletas y Snacks,1700,a
Chicharron Sabor Natural Super Ricas 10g,5,Super Ricas,Unidad,Galletas y Snacks,1700,a
Papas Sabor Super Crokantes Super Ricas 35g,5,Super Ricas,Unidad,Galletas y Snacks,2600,a
Papas Chidos Chile Dulce Super Ricas 38g,5,Super Ricas,Unidad,Galletas y Snacks,1900,a
Papas Chidos Queso Picante Super Ricas 15g,5,Super Ricas,Unidad,Galletas y Snacks,1800,a
Papas Chidos Mero Queso Super ricas  38g,9,Super Ricas,Unidad,Galletas y Snacks,1900,a
Papas Onditas Sabor a Mayonesa Super Ricas 30g,9,Super Ricas,Unidad,Galletas y Snacks,2100,a
Papas Onditas Sabor a Salsa de Tomate Super Ricas 30g,9,Super Ricas,Unidad,Galletas y Snacks,2100,a
Papas Sabor  Original Super Ricas 30g,9,Super Ricas,Unidad,Galletas y Snacks,2100,a
Papas Sabor a Picante Super Ricas 30g,9,Super Ricas,Unidad,Galletas y Snacks,2100,a
Papas Sabor a Pollo Super Ricas 30g,2,Super Ricas,Unidad,Galletas y Snacks,2100,a
Papas Tajaditas Plátano Verde Super Ricas 38g,9,Super Ricas,Unidad,Galletas y Snacks,2100,a
Papas Tajamiel Plátano Maduro  Super Ricas 38g,8,Super Ricas,Unidad,Galletas y Snacks,2100,a
Trocitos Grandes Sabor a Pollo 120g,6,Super Ricas,Unidad,Galletas y Snacks,4800,a
Trocitos Sabor a Pollo 30g,6,Super Ricas,Unidad,Galletas y Snacks,1400,a
Papas Sabor BBQ Todo Rico Grande 150 gr,3,Todo Rico,Unidad,Galletas y Snacks,7400,a
Papas Sabor Original Todo Rico Grande 150 gr,6,Todo Rico,Unidad,Galletas y Snacks,7400,a
Papas Sabor Criollo Todo Rico  45g,4,Todo Rico,Unidad,Galletas y Snacks,2800,a
Papas Sabor Criollo Original Todo Rico  45g,2,Todo Rico,Unidad,Galletas y Snacks,2800,a
Papas Sabor BARBQ Original Todo Rico  45g,2,Todo Rico,Unidad,Galletas y Snacks,2800,a
Papas Sabor Original Todo Rico  45g,2,Todo Rico,Unidad,Galletas y Snacks,2800,a
Papas Sabor Picada Colombiana Todo Rico 45g,8,Todo Rico,Unidad,Galletas y Snacks,2800,a
Galletas Tosh Sabor Miel Unidad 27 g,25,Tosh,Unidad,Galletas y Snacks,1000,a
Galletas Tradicionales Unidad,20,Tradicional,Unidad,Galletas y Snacks,300,a
Papas Yupi Clásicas Sabor  a Pollo 22g,9,Yupi,Unidad,Galletas y Snacks,1300,a
Tosti Nachos Queso Yupi 35g,15,Yupi,Unidad,Galletas y Snacks,1200,a
Tosti Arepa Yupi 35g,15,Yupi,Unidad,Galletas y Snacks,1200,a
Tosti Empanadas Carne Yupi 35g,3,Yupi,Unidad,Galletas y Snacks,1200,a
Papas Golpe con todo Yupi 60g,4,Yupi,Unidad,Galletas y Snacks,2600,a
Leche Entera Algarra Bolsa 380ml,20,Algarra,380ml,Lacteos,1800,a
Avena Original Alpina Tarrito 250g,20,Alpina,250g,Lacteos,3400,a
Leche Entera Alqueria Bolsa 400ml,20,Alqueria,400ml,Lacteos,2000,a
Leche Entera Deslactosada Alqueria Bolsa 400ml,20,Alqueria,400ml,Lacteos,2000,a
Leche Entera Alqueria Bolsa 900ml,20,Alqueria,900ml,Lacteos,4000,a
Leche Entera Deslactosada Alqueria Bolsa 900ml,20,Alqueria,900ml,Lacteos,4200,a
Leche Entera Alqueria Bolsa 1100ml,20,Alqueria,1100ml,Lacteos,5500,a
Leche Entera Deslactosada Alqueria Bolsa 1100ml,20,Alqueria,1100ml,Lacteos,5500,a
Yogur sabor Mora Alqueria Tarrito 150g,20,Alqueria,150g,Lacteos,2500,a
Yogur sabor Melocoton Alqueria Tarrito 150g,20,Alqueria,150g,Lacteos,2500,a
Yogur sabor Fresa Alqueria Tarrito 150g,20,Alqueria,150g,Lacteos,2500,a
Avena Pro Alqueria Tarrito 220g,20,Alqueria,220g,Lacteos,3200,a
Leche deslactosada Colandes Bolsa 1000ml,20,Colandes,1000ml,Lacteos,4300,a
Leche Entera Colandes Bolsa 1000ml,20,Colandes,1000ml,Lacteos,4400,a
Leche Entera Colanta Bolsa 1100ml,20,Colanta,1100ml,Lacteos,5500,a
Leche Entera Deslactosada Colanta Bolsa 1100ml,20,Colanta,1100ml,Lacteos,5500,a
BonYurt Super Boom Ojuelas Azucaradas 170gr,20,Colanta,170g,Lacteos,3600,a
BonYurt Super Boom Arroz Achocolatado 169gr,20,Colanta,169g,Lacteos,3600,a
Leche Achocolatada Frescolanta Caja 200ml,20,Colanta,200ml,Lacteos,2700,a
Yogur de Guanabana Colanta Tarrito 150g,20,Colanta,150g,Lacteos,2400,a
Queso Doble Crema Colanta Paquete 7 Tajadas 125g,20,Colanta,125g,Lacteos,5300,a
Yogur Yagur Colanta Sabor Fresa Bolsa 200g,20,Colanta,200g,Lacteos,1500,a
Yogur Yagur Colanta Sabor Melocoton Bolsa 200g,20,Colanta,200g,Lacteos,1500,a
Yogur Yagur Colanta Sabor Mora Bolsa 200g,20,Colanta,200g,Lacteos,1500,a
Kumis Colanta Bolsa 200g,20,Colanta,200g,Lacteos,1900,a
Avena Sabor Natural Colanta Bolsa 200ml,20,Colanta,200ml,Lacteos,2000,a
Crema de Leche Cremax Sobre 125g,10,Cremax,125g,Lacteos,3100,a
Leche Entera Grado A Bolsa 1000ml,20,Grado A,1000ml,Lacteos,4200,a
Leche Entera La Arboleda Bolsa 400ml,20,La Arboleda,400ml,Lacteos,2200,a
Acetaminofén + Cápsula Unidad,8,Acetaminofen +,Unidad,Medicamentos,150,a
Advil Gripa Cápsula Unidad,20,Advil,Unidad,Medicamentos,2500,a
Advil Max Cápsula Unidad,20,Advil,Unidad,Medicamentos,1700,a
Advil Ultra Cápsula Unidad,20,Advil,Unidad,Medicamentos,1700,a
Alka-Seltzer ExtremeTableta Unidad,8,Alka-Seltzer,Unidad,Medicamentos,3100,a
Alka-Seltzer Tableta Unidad,4,Alka-Seltzer,Unidad,Medicamentos,1200,a
Aspirina Efervescente Unidad,1000,Aspirina,Unidad,Medicamentos,1000,a
Aspirina Ultra Bayer Unidad ,15,Bayer,Unidad,Medicamentos,900,a
Bonfiest Plus Alivio Rápido Sobre ,20,Bonfiest,Unidad,Medicamentos,4000,a
Buscapina Compositum Unidad,10,Buscapina,Unidad,Medicamentos,1600,a
Calmidol Max Colicos Fuertes Unidad,26,Calmidol,Unidad,Medicamentos,1500,a
Cebión Vitamina C Sobre 2 Unidades,1000,Cebión,Unidad,Medicamentos,1000,a
Vaselina Color1 Tarrito 100g,10,Color1,Unidad,Medicamentos,7800,a
Venditas CureBand Unidad ,15,CureBand,Unidad,Medicamentos,1900,a
Tela CureBand Unidad ,10,CureBand,Unidad,Medicamentos,4500,a
Dolex Gripa Caja 24 Unidades ,10,Dolex,Unidad,Medicamentos,36800,a
Dolex Acetaminofen Unidad,10,Dolex,Unidad,Medicamentos,700,a
Dolex Gripa Unidad,10,Dolex,Unidad,Medicamentos,1600,a
Duraflex Muscular Advance Cápsula Unidad,6,Duraflex,Unidad,Medicamentos,3200,a
Gastrofast Advance Unidad,1000,Gastrofast,Unidad,Medicamentos,3300,a
Ibuprofeno Genfar Tableta 400mg,15,Genfar,Unidad,Medicamentos,4000,a
Ibuprofeno Genfar Unidad,15,Genfar,Unidad,Medicamentos,400,a
Ibuflash Migran Unidad,1000,Ibuflash,Unidad,Medicamentos,2100,a
Sal de frutas Lua Sobre,14,Lua,Unidad,Medicamentos,3200,a
Lumbal Max Espalda Alta Unidad,1000,Lumbal,Unidad,Medicamentos,1700,a
Mareol Pastilla Unidad,12,Mareol,Unidad,Medicamentos,800,a
Curas Impermeables Medicare Unidad,10,Medicare,Unidad,Medicamentos,100,a
Acetaminofén Memphis Unidad ,100,Memphis,Unidad,Medicamentos,150,a
Acetaminofén Memphis Tableta 500mg ,100,Memphis,Unidad,Medicamentos,1500,a
Acetaminofén Forte MK Cápsula Unidad,8,MK,Unidad,Medicamentos,1500,a
Alivrub MK Tarrito Unidad,9,MK,Unidad,Medicamentos,4500,a
Movidol Movimiento Sin Dolor Unidad,1000,Movidol,Unidad,Medicamentos,1400,a
NextGL Gripa Unidad,1000,NextGL,Unidad,Medicamentos,2000,a
NextGL Noche Gripa Unidad,1000,NextGL,Unidad,Medicamentos,2100,a
Noraver Gripa y Tos Fast Total Unidad,6,Noraver,Unidad,Medicamentos,2600,a
Noraver Gripa Unidad,6,Noraver,Unidad,Medicamentos,1800,a
Noraver Gripa Dia Unidad,6,Noraver,Unidad,Medicamentos,2900,a
Noraver Gripa Noche Unidad,6,Noraver,Unidad,Medicamentos,2900,a
Noxpirin Plus Cápsula Uniad,10,Noxpirin,Unidad,Medicamentos,1100,a
Noxpirin Noche Sabor Panela Limón Sobre 10g,10,Noxpirin,Unidad,Medicamentos,1800,a
Noxpirin Dia Sabor Panela Limón Sobre 10g,10,Noxpirin,Unidad,Medicamentos,1800,a
Sevedol Extra Fuerte Unidad,120,Sevedol,Unidad,Medicamentos,1100,a
Sevedol Abbott Unidad,120,Sevedol,Unidad,Medicamentos,1300,a
Sinutab Plus Congestión y Gripe Unidad ,12,Sinutab,Unidad,Medicamentos,1800,a
X Ray Dol Alivio de Dolor Articular Unidad,15,X Ray ,Unidad,Medicamentos,1800,a
Bisturí de Lujo Pequeño Offi-Esco N/A,3,Offi-Esco,N/A,Papeleria,1300,a
Bisturí Grande Riel Metálico Offi-Esco N/A,3,Offi-Esco,N/A,Papeleria,3500,a
Borrador de Nata Grande Edgar Mata Pequeño,24,Edgar,Unidad,Papeleria,200,a
Borrador de Nata Grande Edgar Mata,24,Edgar,Unidad,Papeleria,300,a
Bolígrafo BIC Rojo Unidad,1,BIC,Unidad,Papeleria,800,a
Boligrafo Semi Gel  Rosado Offi Esco 0.7MM,7,Offi-Esco,Unidad,Papeleria,800,a
Boligrafo Semi Gel  Azul  Offi Esco 0.7MM,7,Offi-Esco,Unidad,Papeleria,800,a
Boligrafo Semi Gel Azul Oscuro Offi Esco 0.7MM,7,Offi-Esco,Unidad,Papeleria,800,a
Boligrafo Semi Gel Cafe Offi Esco 0.7MM,7,Offi-Esco,Unidad,Papeleria,800,a
Cinta Transparente Gruesa Mediana Colbon Standar Unidad,11,Colbon,Unidad,Papeleria,4300,a
Cinta Transparente Delgada Mediana Colbon Standar Unidad,11,Colbon,Unidad,Papeleria,3300,a
Cinta Transparente Pequeña Colbon N/A,10,Colbon,N/A,Papeleria,1000,a
Colbon Pegante Universal 20g,3,Colbon,20g,Papeleria,2000,a
Colbon Pegante Universal 40g,3,Colbon,20g,Papeleria,2000,a
Corrector de Cinta Offi-Esco 12M N/A,1,Offi-Esco,N/A,Papeleria,3100,a
Corrector Offi-Esco Cinta 6M,1,Offi-Esco,N/A,Papeleria,2200,a
Boligrafo Azul Paper Mate Unidad,10,Paper Mate,Unidad,Papeleria,800,a
Boligrafo Rojo Paper Mate Unidad,10,Paper Mate,Unidad,Papeleria,800,a
Boligrafo Morado Paper Mate Unidad,10,Paper Mate,Unidad,Papeleria,800,a
Boligrafo Verde Paper Mate Unidad,10,Paper Mate,Unidad,Papeleria,800,a
Boligrafo Naranja Paper Mate Unidad,10,Paper Mate,Unidad,Papeleria,800,a
Pegante Universal Colbon 115g,3,Colbon,115g,Papeleria,6350,a
Pegastick Colbon 21g,2,Colbon,21g,Papeleria,4400,a
Pegastick Pequeño Colbon 8g,3,Colbon,8g,Papeleria,2400,a
Pegastick Pequeño Offi-Esco 10g,2,Offi-Esco,10g,Papeleria,1400,a
Silicona Liquida Offi-Esco 100ml,3,Offi-Esco,100ml,Papeleria,4000,a
Ultraglue Offi-Esco 2g,15,Offi-Esco,2g,Papeleria,800,a
Caja Boligrafos Offi-Esco Azul Unidad,20,Offi-Esco,Unidad,Papeleria,6200,a
Boligrafo Offi-Esco Rojo Unidad,20,Offi-Esco,Unidad,Papeleria,800,a
Boligrafo Offi-Esco Verde Unidad,20,Offi-Esco,Unidad,Papeleria,800,a
Boligrafo Offi-Esco Negro Unidad,20,Offi-Esco,Unidad,Papeleria,800,a
Boligrafo Offi-Esco Azul Unidad,20,Offi-Esco,Unidad,Papeleria,800,a
Lapices de Colores Bic Evolution,20,Bic,Unidad,Papeleria,9000,a
Nekar 10PCS 8MM,20,Nekar,Unidad,Papeleria,3600,a
Refuerzos Topasa,20,Topasa,Unidad,Papeleria,650,a
Ron Bacardí Añejo Botella 750 ml,4,Bacardí,750 ml,Ron,72000,a
Ron Cheers Crema de ron viejo de caldas 700ml,8,Cheers,700ml,Ron,87000,a
Ron Maestro Botero 750 ml,3,Maestro Botero,750 ml,Ron,500000,a
Ron Maestro Gabo 750 ml,2,Maestro Gabo,750 ml,Ron,500000,a
Ron Medellín Añejo Botella 3 años 750ml,1,Medellín,750ml,Ron,73000,a
Ron Santa Fé Añejo 4 Años Caja  1000 ml,2,Santa Fé,1000 ml,Ron,65000,a
Ron Santa Fé Añejo Caja 1000 ml,2,Santa Fé,1000 ml,Ron,70000,a
Ron Cuarta Santa Fé Añejo 4 Años Caja 250 ml,5,Santa Fé,250 ml,Ron,19000,a
Ron Santa fe Añejo Botella 375 ml ,7,Santa Fé,375 ml,Ron,35000,a
Ron Santa fe Añejo Botella 750ml,2,Santa Fé,750ml,Ron,62000,a
Ron Blanco Sun Dry 600 ml,1,Sun Dry,600 ml,Ron,33000,a
Ron Tres esquinas 750 ml,5,Tres Esquinas,750ml,Ron,60000,a
Ron Viejo de Caldas Botella750ml,8,Viejo de Caldas,750ml,Ron,64000,a
Ron Media Viejo de caldas añejo 375 ml,4,Viejo de Caldas,375ml,Ron,33000,a
Ron Viejo de Caldas Caja 1000ml,4,Viejo de Caldas,1000ml,Ron,70000,a
Ron Botella Viejo De Caldas Esencial Azul 750ml,2,Viejo de Caldas, 750ml,Ron,48000,a
Ron Cuarto Viejo de Caldas Tradicional 3 Años Caja 250 ml,9,Viejo de Caldas,250 ml,Ron,24000,a
Ron Cuarto Viejo de Caldas Tradicional Caja 250 ml,9,Viejo de Caldas,250 ml,Ron,22000,a
Ron Tres Esquinas 750 ml,3,Tres Esquinas,750ml,Ron,63000,a
Ron Viejo de Caldas Coctel Daiquiri Lata 295 ml,15,Viejo de Caldas,295ml,Ron,9000,a
Ron Viejo de Caldas Coctel Cuba Libre Lata 295 ml,15,Viejo de Caldas,295ml,Ron,9000,a
Ron Viejo de Caldas Coctel Mojito Lata 295 ml,15,Viejo de Caldas,295ml,Ron,9000,a
Sobre Completisimo Caldo de Gallina 9g,16,Completísimo,Unidad,Salsas y condimentos,500,a
Anis Estrella Bolsa Condimentos 6g,100,Condimentos,Unidad,Salsas y condimentos,1200,a
Clavo puro Condimentos San Romo 4g,3,Condimentos San Romo,Unidad,Salsas y condimentos,700,a
Canela Astilla Degusto 4g,10,Degusto,Unidad,Salsas y condimentos,1000,a
Uva Pasa Degusto Bolsa 30g,100,Degusto,Unidad,Salsas y condimentos,1400,a
Canela C Don Magolo  4g,4,Don Magolo,Unidad,Salsas y condimentos,1000,a
Condimento Comino Pepa Don Magolo 60g,2,Don Magolo,Unidad,Salsas y condimentos,2600,a
Condimento Laurel Deshidratado Don Magolo 37g,6,Don Magolo,Unidad,Salsas y condimentos,2500,a
Condimento Tomillo Puro Don Magolo 20g,10,Don Magolo,Unidad,Salsas y condimentos,1500,a
Sobre Doña Gallina Desmenuzado 9g,16,Doña Gallina,Unidad,Salsas y condimentos,500,a
Ajo El Rey 58g,6,El Rey,Unidad,Salsas y condimentos,1300,a
Ajo El Rey 13g,6,El Rey,Unidad,Salsas y condimentos,350,a
Canela En Astilla El Rey 11g,8,El Rey,Unidad,Salsas y condimentos,2400,a
Canela En Polvo El Rey 30g,6,El Rey,Unidad,Salsas y condimentos,1200,a
Clavo puro El Rey 9g,3,El Rey,Unidad,Salsas y condimentos,1300,a
Colorey El Rey 13g,1,El Rey,Unidad,Salsas y condimentos,350,a
Colorey El Rey 55g,1,El Rey,Unidad,Salsas y condimentos,1200,a
Condimentos El Rey Comino 55 g,4,El Rey,Unidad,Salsas y condimentos,3600,a
Condimentos El Rey Comino 2.3 g,4,El Rey,Unidad,Salsas y condimentos,200,a
Cúrcuma Pura El Rey 25g,4,El Rey,Unidad,Salsas y condimentos,2000,a
Condimento Finas Hierbas El Rey 4g,3,El rey,Unidad,Salsas y condimentos,350,a
Jengibre Puro El Rey 15g,1,El Rey,Unidad,Salsas y condimentos,2100,a
Condimento Pimienta El Rey 8g,7,El Rey,Unidad,Salsas y condimentos,350,a
Pimienta De Olor Pura El Rey 15g,3,El Rey,Unidad,Salsas y condimentos,1500,a
Condimento Salsina Comino El Rey Grande,4,El rey,Unidad,Salsas y condimentos,1800,a
Condimento Salsina Comino El Rey 13g,4,El rey,Unidad,Salsas y condimentos,350,a
SazonaRey El Rey Sobre 13g,16,El Rey,Unidad,Salsas y condimentos,500,a
Tarrito Salsa de Aji Picante El Rey 95ml,17,El Rey,Unidad,Salsas y condimentos,2500,a
Condimento Pimienta General,15,General,Unidad,Salsas y condimentos,700,a
Coco Confiitado Productos El Japones 22g,15,Productos el Japones,Unidad,Salsas y condimentos,1200,a
Tarrito Refisal Alta Pureza 130g,17,Refisal,Unidad,Salsas y condimentos,1300,a
Cubo Ricostilla Caldo con Costilla ,16,Ricostilla,Unidad,Salsas y condimentos,500,a
Sobre Ricostilla Caldo con Costilla 9g,16,Ricostilla,Unidad,Salsas y condimentos,500,a
Bicarbonato Bolsa Condimentos Romo ,15,Romo,Unidad,Salsas y condimentos,700,a
Veladora Roja,20,Cinco Estrellas de Colombia,N/A,Velas,11200,a
Veladora Grande Morada Cinco Estrellas de Colomboia,20,Cinco Estrellas de Colombia,N/A,Velas,11200,a
Veladora Grande Blanca Cinco Estrellas de Colombia,20,Cinco Estrellas de Colombia,N/A,Velas,11200,a
Veladora Roja Mediana Cinco Estrellas de Colombia,20,Cinco Estrellas de Colombia,N/A,Velas,4300,a
Veladora Naranja Mediana Cinco Estrellas de Colombia,20,Cinco Estrellas de Colombia,N/A,Velas,4300,a
Veladora Blanca Pequeña Cinco Estrellas de Colombia,20,Cinco Estrellas de Colombia,N/A,Velas,3500,a
Veladora Mini Blanca Cinco Estrellas de Colombia,20,Cinco Estrellas de Colombia,N/A,Velas,1200,a
Veladora Pequeña Blanca Cinco Estrella de Colombia,20,Cinco Estrellas de Colombia,N/A,Velas,1400,a
Veladora Verde Pequeña Cinco Estrellas de Colombia,20,Cinco Estrellas de Colombia,N/A,Velas,3500,a
Veladora Azul Mini Cinco Estrellas ,20,Cinco Estrellas de Colombia,N/A,Velas,1200,a
Velas La Inmaculada Paquete,20,La Inmaculada,N/A,Velas,7000,a
Velas La Inmaculada Unidad,20,La Inmaculada,N/A,Velas,700,a
Vela Azul La Inmaculada,20,La Inmaculada,N/A,Velas,4300,a
Vela Grande La Super Estrella,20,La Super Estrella,N/A,Velas,19400,a
Velas para Perebeto,20,Sin Marca,N/A,Velas,5000,a
Vela Amarilla,20,Sin Marca,N/A,Velas,4300,a
Velas Sol y Luna de Colombia,20,Sol y Luna,N/A,Velas,800,a
Velas Blancas Sol y Luna de COlombia,20,Sol y Luna,N/A,Velas,7000,a
Velas Blancas Sol y Luna de COlombia Unidad,20,Sol y Luna,N/A,Velas,800,a
Vino Vermouth Blanco Añejas Garrafa 2000 ml,1,Añejas,2000 ml,Vinos,52000,a
Vino Arbor Mist Melon White Zinfandel 750 ml,1,Arbor Mist,750 ml,Vinos,28000,a
Vino Arbor Mist Tropical Fruits Chardonnay 750 ml,1,Arbor Mist,750 ml,Vinos,32000,a
Vino Aromo Merlot Vino 750 ml,3,Aromo,	750 ml,Vinos,68000,a
Vino Artesia Costers del Segre 1999 Vino Blanco Variedades Macabeu 750 ml,1,Artesia,750 ml,Vinos,28000,a
Vino Canan  Burbujeante Durazno 750 ml,2,Canan,750 ml,Vinos,42000,a
Vino Canan Burbujeante Manzana 750 ml,1,Canan,750 ml,Vinos,25000,a
Vino Canan rosado espumoso 750ml,1,Canan,750ml,Vinos,21000,a
Vino Canan tinto Moscatel  Dulce Sabor Uva 750ml,1,Canan,750ml,Vinos,23000,a
Vino Rose Cariñoso Manzana 750 ml,3,Cariñoso,750ml,Vinos,32000,a
Vino Aperitivo  Blanco Casa del Rhin Misa 750 ml,2,Casa del Rhin,750 ml,Vinos,20000,a
Vino Grajales Blanco de misa 750 ml,97,Casa Grajales,750 ml,Vinos,34000,a
Vino Delicioso de Manzana Aperitivo Vinico Grajales 750 ml,1,Casa Grajales,750 ml,Vinos,22000,a
Vino ABOCADO Casa Grajales 750 ml,27,Casa Grajales,750 ml,Vinos,38000,a
Vino blanco de misa semi dulce para consagrar Casa Grajales 750 ml,13,Casa Grajales,750 ml,Vinos,47000,a
Vino Blanco de Misa San Pedro De la Union Dulce para Consagrar 750 ml,9,Casa Grajales,750 ml,Vinos,29000,a
Vino Blanco Casa Grajales Valtier Semiseco 750 ml,4,Casa Grajales,750 ml,Vinos,43000,a
Vino tinto seco Casa  Grajales 750 ml,83,Casa Grajales,750 ml,Vinos,40000,a
Vino Casanova burbujeante de manzana 750ml,34,Casanova,750ml,Vinos,29000,a
Vino Blanco Chileno Cata Vieja 1000 ml,15,Cata Vieja,1000 ml,Vinos,33000,a
Vino Tardieu-Laurent Châteauneuf-du-Paper 750 ml,1,Chatonier,750 ml,Vinos,376000,a
Vino Cinzano Pro Spirtz 750 ml,11,Cinzano,750 ml,Vinos,80000,a
Vino Tinto Cuatro Cumbres Vino Tetra Pack Variedad De Uvas 1000 ml ,5,Cuatro Cumbres,1000 ml,Vinos,33000,a
Vino blanco Cuatro Cumbres tetrapack 1000 ml,8,Cuatro Cumbres,1000 ml,Vinos,37000,a
Vino Tinto Cuatro Cumbres Litro 1000 ml,5,Cuatro Cumbres,1000 ml,Vinos,28000,a
Vino Blanco Para Cocina 750 ml Don David,8,Don David,750 ml,Vinos,29000,a
Vino Refresco De Vino Especial Cooler 750 ml,8,Especial Cooler,750ml,Vinos,20000,a
Vino ESTORIL Otra Cepa 750 ml,3,Estoril,750 ml,Vinos,38000,a
Vino de cocina Blanco Seco Gourmet 750 ml,2,Gourmet,750 ml,Vinos,27000,a
Vino Manolo Ibañez Crianza 750 ml,1,Ibáñez,750 ml,Vinos,87000,a
Vino Isabella Otra Cepa 750 ml,11,Isabella,750 ml,Vinos,38000,a
Vino Isabella Blanco 750ml,5,Isabella,750 ml,Vinos,30000,a
Vino J Alfonso Manzana 750 ml,1,J. Alfonso,750 ml,Vinos,14000,a
Vino Espumoso Blanco Katich 750 ml,1,Katich,750 ml,Vinos,29000,a
Vino Tinto Lazo Cabernet Sauvignon 750 ml,1,Lazo,750 ml,Vinos,45000,a
Vino Lazo Chile Sauvignon Blanc Undurraga 750 ml,1,Lazo,750 ml,Vinos,45000,a
Vino Leyenda Carmenere 2014 Chile Valle Central 750 ml,9,Leyenda,750 ml,Vinos,54000,a
Vino Leyenda chile Carmenère 187.5ml,5,Leyenda,187.5ml,Vinos,22000,a
Vino Leyenda chile Merlot 187.5ml,5,Leyenda,187.5ml,Vinos,16000,a
Vino Leyenda chile Sauvignon 187.5ml,8,Leyenda,187.5ml,Vinos,16000,a
Vino Molino Rojo Manzana 750 ml,14,Molino Rojo,750 ml,Vinos,6000,a
Vino Moscato Passito Botella 750 ml,1,Passito,750 ml,Vinos,26000,a
Vino Moscato Passito Garrafa 1500 ml,2,Passito,1500ml,Vinos,45000,a
Vino Sanson Compuesto Bacarles 750 ml,1,Sanson,750ml,Vinos,42000,a
Vino Tinto Santa Helena Varietal Carmenére 750 ml,5,Santa Helena,750 ml,Vinos,46000,a
Vino Sazon 750 ml,14,Sazon,750 ml,Vinos,34000,a
Vino Blanco Trivento Chardonnay Reserva 750 ml,1,Trivento,750 ml,Vinos,44000,a
Vino Blanco Undurraga Sauvignon 750 ml,12,Undurraga,750 ml,Vinos,75000,a
"Vino Blanco Undurraga Sauvignon blanc 1,5 L",1,Undurraga,1500ml,Vinos,137000,a
 Vino UndurragaTinto Cabernet Sauvignon 750 ml,9,Undurraga,750 ml,Vinos,81000,a
Vino blanco Chile Viña LAS GARZAS 750 ml,6,Viña LAS GARZAS,750 ml,Vinos,82000,a
Whisky Ballantine's Finest Blended Scotch 200ml,4,Ballantine's,200ml,Whisky,28000,a
Whisky Buchanan's Special Reserve 750 ml,1,Buchanan's,750 ml,Whisky,520000,a
Whisky Clan MacGregor Blended Scotch Whisky 35cl,5,MacGregor,35cl,Whisky,28000,a
Whisky Grand Old parr 750 ml,1,Old Parr,750 ml,Whisky,170000,a
Whisky Passport Scotch Blended Scotch  700ml,9,Passport,700ml,Whisky,64000,a
Whisky Passport Selection Spirit Drink 200ml,8,Passport,200ml,Whisky,19000,a
Whisky Something Special Blended Scotch Amarillo 200 ml,1,Something Special,200ml,Whisky,30000,a
Whisky Something Special Negro 1000 ml,5,Something Special,1000 ml,Whisky,113000,a
Whisky  Something Special Negro 750 ml,5,Something Special,750 ml,Whisky,83000,a